Reaction_type,P,S1,S2,pred_best_methods,pred_best_methods_str,pred_best_score,error,pred_AM-I_P,pred_AM-I_S1,pred_AM-I_S2,pred_AM-II_P,pred_AM-II_S1,pred_AM-II_S2,pred_score_AM-I,pred_score_AM-II,pred_score_AM-III,pred_score_AM-IV,pred_score_AM-V,pred_score_AM-VI,pred_AM-IV_P,pred_AM-IV_S1,pred_AM-IV_S2,pred_AM-III_P,pred_AM-III_S1,pred_AM-III_S2,pred_AM-VI_P,pred_AM-VI_S1,pred_AM-VI_S2,pred_AM-V_P,pred_AM-V_S1,pred_AM-V_S2
SNAr,O=C(C1=CC=CC=C1)C2=CC=CC=C2N(CCC3)CC3C,CC1CNCCC1,O=C(C1=CC=CC=C1F)C2=CC=CC=C2,"['AM-I', 'AM-II']","AM-I, AM-II",1,,93.58200536319796,53.3950014440003,75.65534369102843,71.48646133069283,45.27861491519365,60.49767776099827,1,1,0.914695834466307,0.9340258769125435,0.7712471276059752,0.921150185152801,,,,,,,,,,,,
SNAr,N#CC1=CC=C(N(CC2)CCN2CCCC)C=C1C,CCCCN1CCNCC1,N#CC1=CC=C(F)C=C1C,"['AM-I', 'AM-IV']","AM-I, AM-IV",1,,54.01793934722825,35.14924926736347,66.76929756064106,,,,1,0.8869766701158552,0.9825195442091235,1,0.5146254722537322,0.8018945908822476,51.201670111256256,40.34034337312969,60.242740088370105,,,,,,,,,
SNAr,N#CC1=CC=C(N(CCC2)CC2C)N=C1,CC1CNCCC1,N#CC1=CC=C(Cl)N=C1,['AM-I'],AM-I,1,,80.41831040283753,53.3950014440003,64.2540722577254,,,,1,0.9957989394205666,0.7446792623298306,0.5671426262102333,0.4680295735786192,0.8360753036465541,,,,,,,,,,,,
SNAr,N#CC1=CC(N(CCC2)CC2C)=NC=C1,CC1CNCCC1,N#CC1=CC(Cl)=NC=C1,['AM-I'],AM-I,1,,82.18186120683109,53.3950014440003,65.83514686081236,,,,1,0.9657232125193558,0.7617089829544321,0.6000933393144976,0.6344891164922815,0.7977423697657845,,,,,,,,,,,,
SNAr,C12CCCN(C3=NC=CN=C3)C1CCCC2,C12CCCNC1CCCC2,FC1=NC=CN=C1,['AM-I'],AM-I,1,,80.9820001089195,63.805383028448844,48.61306968986438,,,,1,0.8146692290979378,0.8233232925017312,0.4726173526130505,0.5980578727981387,0.7207984725039355,,,,,,,,,,,,
SNAr,N#CC1=CC=CN=C1N(CCC2)CC2C,CC1CNCCC1,N#CC1=CC=CN=C1F,['AM-II'],AM-II,0.9626589959594151,,,,,66.58309361283789,45.27861491519365,43.17923246189375,0.9558839845034516,0.9626589959594151,0.8095702954849254,0.6722774512077605,0.5094532513013945,0.6818190811255451,,,,,,,,,,,,
SNAr,O=C(OCC)C1=CN=C(NCC2=CC=CC=C2F)N=C1,NCC1=CC=CC=C1F,O=C(C1=CN=C(Cl)N=C1)OCC,['AM-I'],AM-I,1,,76.95739080335211,47.44037133805179,66.21166704542331,,,,1,0.9975915862637377,0.8973653407218097,0.7481357364962538,0.6713452088004668,0.7780774154689245,,,,,,,,,,,,
SNAr,O=C(OCC)C1=CN=C(NC2=CC=CC(C)=C2C)N=C1,NC1=CC=CC(C)=C1C,O=C(C1=CN=C(Cl)N=C1)OCC,['AM-I'],AM-I,1,,79.43795185577622,54.39528241942871,66.21166704542331,,,,1,0.9834370542322669,0.967351400046812,0.9415074058209315,0.6491741239999373,0.7310269619796127,,,,,,,,,,,,
SNAr,COC1=C(N(CCC2)CC2C)C=NC(OC)=N1,CC1CNCCC1,COC(N=C1OC)=C(C=N1)Br,"['AM-I', 'AM-II']","AM-I, AM-II",1,,77.77512918189215,53.3950014440003,67.21807691982949,65.03748901956844,45.27861491519365,56.00406601439159,1,1,0.6814555396981765,0.6138452671707059,0.5096413127280849,0.7042463086819082,,,,,,,,,,,,
SNAr,C1(NC2CCCCC2)=CN=C(N3CCOCC3)C=C1,NC1CCCCC1,BrC1=CN=C(C=C1)N2CCOCC2,['AM-III'],AM-III,0.792465555594412,,,,,,,,0.5902751550766022,0.6245857007212421,0.792465555594412,0.4148479401030444,0.6349439976676406,0.7514692287390585,,,,80.5782010654199,69.10139414617558,76.90792700509198,,,,,,
SNAr,N#CC1=CN=C(NC2CCCCC2)C=C1,NC1CCCCC1,N#CC1=CN=C(Br)C=C1,['AM-I'],AM-I,1,,76.18192355070619,53.44078394809641,63.054690706146,,,,1,0.9764612205264521,0.8394944312639492,0.4453720101809213,0.3968514756206337,0.6458652886240459,,,,,,,,,,,,
SNAr,N#CC1=CN=C(N(CCC2)CC2C)C=C1,CC1CNCCC1,N#CC1=CN=C(Br)C=C1,['AM-I'],AM-I,1,,80.41831040283753,53.3950014440003,63.054690706146,,,,1,0.9914709442718858,0.6779418304818765,0.6406749556482698,0.3614427985732196,0.7342520623153104,,,,,,,,,,,,
SNAr,CC1=CC=CN=C1N(CCC2)C2CO,OCC1NCCC1,CC1=CC=CN=C1Br,['AM-I'],AM-I,0.9189764092302519,,45.5817102853347,38.45335523211588,55.43670603710638,,,,0.9189764092302519,0.6049434395868298,0.8298796742096307,0.6484387607015991,0.48277766155759716,0.7122898993452702,,,,,,,,,,,,
SNAr,CCC1=CN=C(N(C)CCC)N=C1,CCCNC,CCC1=CN=C(Cl)N=C1,['AM-I'],AM-I,1,,71.3320829429545,44.435285107445694,59.75608826535523,,,,1,0.7127772585468176,0.6497047901492208,0.6652289905336792,0.4140912109241901,0.7428554760140411,,,,,,,,,,,,
SNAr,O=[N+]([O-])C1=CC=C(NC2=CC=C(N=C2)OC)N=C1C,NC1=CC=C(OC)N=C1,O=[N+](C1=CC=C(F)N=C1C)[O-],"['AM-I', 'AM-II']","AM-I, AM-II",1,,76.94867505009057,37.66017850268299,66.27548684394371,67.18292467945068,38.96256776087189,56.647255549515776,1,1,0.8296369970454758,0.7755105243526352,0.8769554922492517,0.7654584392362094,,,,,,,,,,,,
SNAr,CC1=CN=C(N2C(C=CN=C3)=C3C=C2)N=C1,C12=C(NC=C2)C=CN=C1,CC1=CN=C(Cl)N=C1,"['AM-I', 'AM-II']","AM-I, AM-II",1,,43.73017959306439,30.010080435612963,53.28993817820442,42.61696780421776,30.005108085117598,54.68768718008047,1,1,0.4853217320984414,0.6460593505911769,0.689915586324255,0.6378125899752745,,,,,,,,,,,,
SNAr,CC1=CC=CC(NC2=CC(C(C)=O)=CC=C2)=N1,NC1=CC(C(C)=O)=CC=C1,CC1=CC=CC(F)=N1,['AM-VI'],AM-VI,0.854668633045858,,,,,,,,0.6041817907758706,0.4456941469400313,0.7979951305835128,0.6192918451104996,0.7064666320622446,0.854668633045858,,,,,,,71.34000959258688,62.7085771096324,76.39223551109438,,,
SNAr,N#CC1=CC=CN=C1NC2=CC=CC(C)=C2C,NC1=CC=CC(C)=C1C,N#CC1=CC=CN=C1F,"['AM-II', 'AM-III']","AM-II, AM-III",1,,,,,65.382805735393,53.38491104476651,43.17923246189375,0.9521261939350139,1,1,0.6993912019743,0.7171781667234327,0.5894661999842428,,,,85.62083433517034,75.18064597145991,65.63150155781042,,,,,,
SNAr,O=[N+]([O-])C1=CN=C(NC2=CC(C#C)=CC=C2)C(C)=C1,C#CC1=CC=CC(N)=C1,O=[N+](C1=CN=C(F)C(C)=C1)[O-],"['AM-I', 'AM-III']","AM-I, AM-III",1,,80.15766475408574,45.618334105028254,66.83137277929515,,,,1,0.981592796353641,1,0.8889656878047166,0.5704313079250269,0.5296946261183193,,,,93.04615348912745,70.64878936581097,80.01030733398005,,,,,,
SNAr,N#CC1=CC=C(N2C(C)=CC3=C2C=CC=C3)C=C1C(F)(F)F,CC(N1)=CC2=C1C=CC=C2,N#CC1=CC=C(F)C=C1C(F)(F)F,['AM-VI'],AM-VI,1,,,,,,,,0.9971980147776093,0.9690748291683831,0.9970979633950391,0.9014269394394592,0.5041090831878435,1,,,,,,,94.91491442829378,73.62451938872348,83.6064714615597,,,
SNAr,CC1=CN=C(N2C(C=CN=C3)=C3C=C2)N=C1,C12=C(NC=C2)C=CN=C1,CC1=CN=C(Br)N=C1,"['AM-I', 'AM-II']","AM-I, AM-II",1,,43.73017959306439,30.010080435612963,53.72994837183542,42.61696780421776,30.005108085117598,55.58399467152991,1,1,0.5340315614864639,0.6460593505911769,0.7015607211127748,0.7086080982931454,,,,,,,,,,,,
SNAr,CCCCN1CCN(C2=CC=CC(C(F)(F)F)=C2C#N)CC1,CCCCN1CCNCC1,N#CC1=C(C(F)(F)F)C=CC=C1F,['AM-I'],AM-I,1,,58.81811025437579,35.14924926736347,79.83537481015526,,,,1,0.8864605431964083,0.974832223539764,0.8589499366612643,0.6600850816015578,0.8250330400453274,,,,,,,,,,,,
SNAr,O=[N+]([O-])C1=CC=C(NC2=CC=CC=C2C)N=C1C,NC1=CC=CC=C1C,O=[N+](C1=CC=C(F)N=C1C)[O-],['AM-I'],AM-I,1,,81.618051826176,49.33401855605694,66.27548684394371,,,,1,0.9902102859852855,0.9782261119944441,0.8067837749201088,0.7370766620931964,0.6035002335503743,,,,,,,,,,,,
SNAr,O=[N+]([O-])C1=CC=C(NC2CCCC2)N=C1C,NC1CCCC1,O=[N+](C1=CC=C(F)N=C1C)[O-],"['AM-I', 'AM-II']","AM-I, AM-II",1,,82.21758388640602,48.53732693848906,66.27548684394371,69.58304178143884,45.005959544682526,56.647255549515776,1,1,0.8722549910455845,0.3317525699142999,0.7499249896687457,0.6142230785673656,,,,,,,,,,,,
SNAr,O=[N+]([O-])C1=CC=C(N(CCOC)C(C)C)N=C1C,CC(NCCOC)C,O=[N+](C1=CC=C(F)N=C1C)[O-],['AM-I'],AM-I,1,,85.18220845093873,50.948558478034464,66.27548684394371,,,,1,0.7628773264710728,0.8032913470526025,0.6517850387571078,0.7097601373237747,0.962417668504292,,,,,,,,,,,,
SNAr,O=[N+]([O-])C1=CC=C(NC2=CC=C(C=C2)C)N=C1C,NC1=CC=C(C)C=C1,O=[N+](C1=CC=C(F)N=C1C)[O-],['AM-I'],AM-I,1,,84.58169448237135,49.33059974412717,66.27548684394371,,,,1,0.9783152912861776,0.9611292285108775,0.7007314791390262,0.6768426519082031,0.7141656763607953,,,,,,,,,,,,
SNAr,O=[N+]([O-])C1=CC=CC=C1N(CC2)CCC2N3CCCCC3,C1(N2CCCCC2)CCNCC1,O=[N+](C1=CC=CC=C1F)[O-],"['AM-I', 'AM-III']","AM-I, AM-III",1,,56.283275368840805,39.61963167471312,68.35582246225636,,,,1,0.7383016006335027,1,0.7486987101795948,0.4200666322624024,0.8658288373618085,,,,89.00018458185727,69.12374197054346,79.58283387850304,,,,,,
SNAr,N#CC1=CC=CC=C1N(CC2)CCC2N3CCCCC3,C1(N2CCCCC2)CCNCC1,N#CC1=CC=CC=C1F,['AM-I'],AM-I,1,,51.017703015260196,39.61963167471312,66.70247510028997,,,,1,0.6221725042920888,0.9806654027961019,0.641048296357952,0.6283540231202651,0.8609354977847294,,,,,,,,,,,,
SNAr,O=C(OCC)C1=CN=C(NC2=CC=CN=C2C)N=C1,CC1=NC=CC=C1N,O=C(C1=CN=C(Cl)N=C1)OCC,['AM-VI'],AM-VI,1,,,,,,,,0.9921819130102092,0.9440412871183553,0.672003833100571,0.9682147139154769,0.7148313430792066,1,,,,,,,65.24873639065424,54.18420083349586,77.69188855542629,,,
acylation,CC(=O)c1ccc(NC(=O)Cc2ccc(C)cc2)cc1,CC(=O)c1ccc(N)cc1,Cc1ccc(CC(=O)O)cc1,['AM-I'],AM-I,1,,72.88780763089235,45.98354858703199,59.34774039700491,,,,1,0.6262098042066995,0.9947716786251078,0.8652889385648541,0.7004134908168562,0.8961803395024738,,,,,,,,,,,,
acylation,COc1ccc(CC(=O)Nc2ccc(C(C)=O)cc2)cc1,CC(=O)c1ccc(N)cc1,COc1ccc(CC(=O)O)cc1,['AM-I'],AM-I,1,,67.52056651922535,45.98354858703199,56.9448496590927,,,,1,0.5961197996333222,0.9727789713244825,0.8321684813563289,0.6281730131470529,0.8771660101607189,,,,,,,,,,,,
acylation,CC(=O)c1ccc(NC(=O)Cc2cc(F)cc(F)c2)cc1,CC(=O)c1ccc(N)cc1,O=C(O)Cc1cc(F)cc(F)c1,['AM-I'],AM-I,1,,74.31384561840676,45.98354858703199,63.254901340215596,,,,1,0.6223722344746001,0.9971717693030003,0.8282447966940163,0.7067123372501116,0.9055182707095333,,,,,,,,,,,,
acylation,CC(=O)c1ccc(NC(=O)C(C)c2ccc(CC3CCCC3=O)cc2)cc1,CC(=O)c1ccc(N)cc1,CC(C(=O)O)c1ccc(CC2CCCC2=O)cc1,"['AM-I', 'AM-III']","AM-I, AM-III",1,,78.7324976986173,45.98354858703199,66.99660828101631,,,,1,0.6377291450063985,1,0.8735981061531041,0.6612900986010861,0.9042047579650948,,,,86.40787188403766,65.10160840462319,75.48272788311507,,,,,,
acylation,CC(=O)c1ccc(NC(=O)Cc2ccc3c(c2)OCO3)cc1,CC(=O)c1ccc(N)cc1,O=C(O)Cc1ccc2c(c1)OCO2,['AM-I'],AM-I,1,,72.58500310031712,45.98354858703199,58.07690940465211,,,,1,0.6794854698182831,0.9675615782479879,0.7973176640908123,0.5841240322233473,0.8806808980550526,,,,,,,,,,,,
acylation,CC(=O)c1ccc(NC(=O)Cc2ccc3c(c2)C(=O)c2ccccc2CO3)cc1,CC(=O)c1ccc(N)cc1,O=C(O)Cc1ccc2c(c1)C(=O)c1ccccc1CO2,['AM-III'],AM-III,1,,,,,,,,0.983381813838571,0.6749219331172341,1,0.747064821126578,0.6526457610734704,0.9186748368069915,,,,87.00792467886322,65.10160840462319,77.4412633307831,,,,,,
acylation,CC(=O)c1ccc(NC(=O)/C=C/c2ccccc2)cc1,CC(=O)c1ccc(N)cc1,O=C(O)/C=C/c1ccccc1,['AM-I'],AM-I,1,,71.78270956172999,45.98354858703199,58.036427702564694,,,,1,0.855584036746743,0.9843375850994693,0.887742782159937,0.6643903199869574,0.8972688869075449,,,,,,,,,,,,
acylation,CC(=O)c1ccc(NC(=O)c2c(C)cccc2C)cc1,CC(=O)c1ccc(N)cc1,Cc1cccc(C)c1C(=O)O,['AM-I'],AM-I,1,,71.46322510048671,45.98354858703199,59.840545326686154,,,,1,0.6274567427537003,0.9903943852906665,0.9276753649990599,0.8626782435706395,0.9282848965783813,,,,,,,,,,,,
acylation,COc1ccc(NC(=O)Cc2ccc(C)cc2)cn1,COc1ccc(N)cn1,Cc1ccc(CC(=O)O)cc1,['AM-I'],AM-I,1,,71.57409821562304,37.66017850268299,59.34774039700491,,,,1,0.6663643279858404,0.8711150739924265,0.7500411395502948,0.8707294421082389,0.8166758817985582,,,,,,,,,,,,
acylation,COc1ccc(NC(=O)COc2ccccc2)cn1,COc1ccc(N)cn1,O=C(O)COc1ccccc1,['AM-I'],AM-I,1,,66.25160538768208,37.66017850268299,54.43219105475764,,,,1,0.7987970296550493,0.9125756947633703,0.7794251478728572,0.6974712110996351,0.8557128036762435,,,,,,,,,,,,
acylation,COc1ccc(NC(=O)Cc2cc(F)cc(F)c2)cn1,COc1ccc(N)cn1,O=C(O)Cc1cc(F)cc(F)c1,['AM-I'],AM-I,1,,74.70269768990883,37.66017850268299,63.254901340215596,,,,1,0.6968379124412234,0.8578968353983897,0.7200554773897678,0.8589558982515227,0.8223517910584013,,,,,,,,,,,,
acylation,COc1ccc(NC(=O)C(C)c2ccc(CC(C)C)cc2)cn1,COc1ccc(N)cn1,CC(C)Cc1ccc(C(C)C(=O)O)cc1,"['AM-I', 'AM-III']","AM-I, AM-III",1,,84.17048027900151,37.66017850268299,72.78527462974726,,,,1,0.615611896185107,1,0.8229194432296313,0.9475939805517105,0.8060386113239154,,,,98.9919566651813,62.5147453701524,89.33637099251455,,,,,,
acylation,Cc1ccc(N(C(=O)C(C)c2ccc(CC3CCCC3=O)cc2)c2ccccc2)cc1,Cc1ccc(Nc2ccccc2)cc1,CC(C(=O)O)c1ccc(CC2CCCC2=O)cc1,['AM-VI'],AM-VI,0.9964279844353785,,,,,,,,0.898895666881762,0.797957025903485,0.9937384153699558,0.9120511190293598,0.8479803368494624,0.9964279844353785,,,,,,,105.22633173051753,81.455039737129,73.30375063528308,,,
acylation,CC(C(=O)NCc1ccccc1)c1ccc(-c2ccccc2)c(F)c1,NCc1ccccc1,CC(C(=O)O)c1ccc(-c2ccccc2)c(F)c1,['AM-III'],AM-III,1,,,,,,,,0.9382733156226678,0.650514655430377,1,0.8475208627452123,0.8531684395255724,0.909307430230046,,,,97.20792030845229,68.0363871500965,86.58994241666517,,,,,,
acylation,O=C(NCc1ccccc1)C1c2ccccc2Oc2ccccc21,NCc1ccccc1,O=C(O)C1c2ccccc2Oc2ccccc21,['AM-III'],AM-III,1,,,,,,,,0.8064115402112695,0.7044963974245153,1,0.8359565612285876,0.7740800715347141,0.902429893645145,,,,92.8233672154052,68.0363871500965,81.09700408858345,,,,,,
acylation,O=C(Cc1ccc2c(c1)C(=O)c1ccccc1CO2)NCc1ccccc1,NCc1ccccc1,O=C(O)Cc1ccc2c(c1)C(=O)c1ccccc1CO2,['AM-III'],AM-III,1,,,,,,,,0.842210696043869,0.6155532030333579,1,0.7471799733231304,0.6031482505256258,0.8950479720079271,,,,87.59181137839184,68.0363871500965,77.4412633307831,,,,,,
acylation,O=C(NCc1ccccc1)c1ccc([N+](=O)[O-])cc1,NCc1ccccc1,O=C(O)c1ccc([N+](=O)[O-])cc1,['AM-I'],AM-I,1,,72.04741377087154,45.73286677423033,59.566891654619305,,,,1,0.7170303705506169,0.9666044108793549,0.834546652249065,0.5150635676132316,0.6650609115972939,,,,,,,,,,,,
acylation,Cc1cc(C)cc(C(=O)NCc2ccc(F)cc2F)c1,NCc1ccc(F)cc1F,Cc1cc(C)cc(C(=O)O)c1,['AM-I'],AM-I,1,,80.1931060097043,50.219137711829,65.764050401661,,,,1,0.8097801361534951,0.9732561008753854,0.9247805106249921,0.8268434610826294,0.962136384975879,,,,,,,,,,,,
acylation,COc1ccc2cc(C(C)C(=O)NCc3ccc(F)cc3F)ccc2c1,NCc1ccc(F)cc1F,COc1ccc2cc(C(C)C(=O)O)ccc2c1,"['AM-I', 'AM-VI']","AM-I, AM-VI",1,,82.76286449539923,50.219137711829,72.01381797122653,,,,1,0.7424097884827872,0.9977901347665168,0.9237627715867434,0.7268317919465923,1,,,,,,,92.08706341931594,68.88679538381506,79.68189194230604,,,
acylation,CC(C)(C(=O)NCc1ccc(F)cc1F)c1ccccc1,NCc1ccc(F)cc1F,CC(C)(C(=O)O)c1ccccc1,['AM-I'],AM-I,1,,82.434256840827,50.219137711829,63.380856167868835,,,,1,0.8730925916656873,0.9773497493534726,0.964161364540449,0.6477779803289971,0.9706252030089397,,,,,,,,,,,,
acylation,O=C(NCc1ccc(F)cc1F)C(c1ccccc1)c1ccccc1,NCc1ccc(F)cc1F,O=C(O)C(c1ccccc1)c1ccccc1,"['AM-I', 'AM-III']","AM-I, AM-III",1,,85.84234774813092,50.219137711829,70.5609086136408,,,,1,0.7379616429896185,1,0.9592190090580462,0.7737075341861845,0.981605682773431,,,,96.00804292673064,71.54557849717949,82.62082296370707,,,,,,
acylation,O=C(Cc1ccc(C(F)(F)F)cc1)NCc1ccc(F)cc1F,NCc1ccc(F)cc1F,O=C(O)Cc1ccc(C(F)(F)F)cc1,['AM-I'],AM-I,1,,76.84830364501983,50.219137711829,65.17068741064963,,,,1,0.6841973588221931,0.9954520995216709,0.9435128974741465,0.7480494390754162,0.9719074727784884,,,,,,,,,,,,
acylation,Cc1ccc(CC(=O)NCc2ccco2)cc1,NCc1ccco1,Cc1ccc(CC(=O)O)cc1,['AM-I'],AM-I,0.9264048241725247,,66.64769183539023,38.57876220056498,59.34774039700491,,,,0.9264048241725247,0.8550148675503852,0.8582392075802945,0.7830241898372944,0.7463614808842396,0.8275137082403319,,,,,,,,,,,,
acylation,O=C(NCc1ccco1)c1ccc(C(F)(F)F)cn1,NCc1ccco1,O=C(O)c1ccc(C(F)(F)F)cn1,['AM-I'],AM-I,1,,66.57726339081054,38.57876220056498,52.09007174565476,,,,1,0.7181312501417088,0.9086941227182126,0.7907113542023285,0.6450166373140379,0.8414424442700406,,,,,,,,,,,,
acylation,COc1ccc(CC(=O)NCc2ccc(C)cc2)cc1,Cc1ccc(CN)cc1,COc1ccc(CC(=O)O)cc1,['AM-I'],AM-I,1,,71.5068637932196,46.20474760355198,56.9448496590927,,,,1,0.77089209212538,0.9777453808632024,0.9390281218774377,0.7204511934418218,0.9128922417990444,,,,,,,,,,,,
acylation,Cc1ccc(CNC(=O)c2c(C)cccc2C)cc1,Cc1ccc(CN)cc1,Cc1cccc(C)c1C(=O)O,['AM-I'],AM-I,1,,78.42868233911977,46.20474760355198,59.840545326686154,,,,1,0.7445403718479784,0.9601299668970183,0.9630140749685682,0.8014129701235139,0.9624642122597467,,,,,,,,,,,,
acylation,Cc1ccc(CNC(=O)Cc2ccc3c(c2)OCO3)cc1,Cc1ccc(CN)cc1,O=C(O)Cc1ccc2c(c1)OCO2,['AM-I'],AM-I,1,,71.92010766160654,46.20474760355198,58.07690940465211,,,,1,0.6799942968213523,0.9829627739396969,0.8966907835099275,0.675736736082873,0.8647340191117251,,,,,,,,,,,,
acylation,COc1ccc(CNC(=O)C(C)c2ccc(-c3ccccc3)c(F)c2)cc1,COc1ccc(CN)cc1,CC(C(=O)O)c1ccc(-c2ccccc2)c(F)c1,['AM-III'],AM-III,1,,,,,,,,0.7078698809502384,0.6277110861497546,1,0.8645878935514819,0.8362023241324437,0.8783116528586156,,,,97.19237102978856,67.97371530793271,86.58994241666517,,,,,,
acylation,COc1ccc(CNC(=O)C2c3ccccc3Oc3ccccc32)cc1,COc1ccc(CN)cc1,O=C(O)C1c2ccccc2Oc2ccccc21,['AM-III'],AM-III,1,,,,,,,,0.754048497144803,0.7419696746189882,1,0.8734709746542627,0.7571139561415854,0.9024466236956593,,,,91.80791726364089,67.97371530793271,81.09700408858345,,,,,,
acylation,Cc1ccc(CC(=O)NCc2ccc3c(c2)OCO3)cc1,NCc1ccc2c(c1)OCO2,Cc1ccc(CC(=O)O)cc1,['AM-I'],AM-I,1,,71.40595623638784,48.37448741182003,59.34774039700491,,,,1,0.6274636342981785,0.9678922039562331,0.8482155984842399,0.6344566344565052,0.8728929939075462,,,,,,,,,,,,
acylation,CC(C(=O)NCc1ccc2c(c1)OCO2)c1ccc(CBr)cc1,NCc1ccc2c(c1)OCO2,CC(C(=O)O)c1ccc(CBr)cc1,"['AM-I', 'AM-III']","AM-I, AM-III",1,,77.06630777023432,48.37448741182003,65.72914313387578,,,,1,0.6480480113250634,1,0.8284670845803784,0.7696041884168612,0.8544722099767894,,,,87.6079164981823,65.4302602253443,78.1442859168139,,,,,,
acylation,O=C(NCc1ccc2c(c1)OCO2)c1ccc(C(F)(F)F)cn1,NCc1ccc2c(c1)OCO2,O=C(O)c1ccc(C(F)(F)F)cn1,['AM-III'],AM-III,1,,,,,,,,0.9714046771311403,0.7264414108282133,1,0.8112660485770481,0.6363279508315743,0.8309721781567249,,,,88.19220615042192,65.4302602253443,77.40276652894158,,,,,,
acylation,O=C(NCc1ccc2c(c1)OCO2)C1c2ccccc2Oc2ccccc21,NCc1ccc2c(c1)OCO2,O=C(O)C1c2ccccc2Oc2ccccc21,['AM-III'],AM-III,1,,,,,,,,0.6275730173889066,0.6728254581167434,1,0.7698390217444907,0.7576207257222077,0.7975427369430165,,,,90.74213375710367,65.4302602253443,81.09700408858345,,,,,,
acylation,CC(C)(C(=O)NCc1ccc2c(c1)OCO2)c1ccccc1,NCc1ccc2c(c1)OCO2,CC(C)(C(=O)O)c1ccccc1,"['AM-I', 'AM-III']","AM-I, AM-III",1,,76.1085462199667,48.37448741182003,63.380856167868835,,,,1,0.7239089971668351,1,0.8555891646961931,0.7334638739078565,0.8483500249896123,,,,88.79179189385944,65.4302602253443,75.7618455606329,,,,,,
acylation,O=C(Cc1ccc2c(c1)C(=O)c1ccccc1CO2)NCc1ccc2c(c1)OCO2,NCc1ccc2c(c1)OCO2,O=C(O)Cc1ccc2c(c1)C(=O)c1ccccc1CO2,['AM-III'],AM-III,1,,,,,,,,0.8055970082580394,0.6114983204575569,1,0.6183631069663804,0.5866889047131194,0.8223915466112927,,,,88.19189931156413,65.4302602253443,77.4412633307831,,,,,,
acylation,CC(C(=O)NCc1cccc2ccccc12)c1ccc(CC2CCCC2=O)cc1,NCc1cccc2ccccc12,CC(C(=O)O)c1ccc(CC2CCCC2=O)cc1,['AM-I'],AM-I,1,,80.91747727876133,54.68028700324716,66.99660828101631,,,,1,0.7874385044851462,0.9641552307581793,0.9068514475949787,0.7341247972129776,0.9810796359125927,,,,,,,,,,,,
acylation,O=C(NCc1cccc2ccccc12)C(c1ccccc1)c1ccccc1,NCc1cccc2ccccc12,O=C(O)C(c1ccccc1)c1ccccc1,['AM-I'],AM-I,1,,89.4164642699819,54.68028700324716,70.5609086136408,,,,1,0.7981835070559213,0.9844152951915933,0.9598577705110499,0.6396576307462851,0.9819742275603165,,,,,,,,,,,,
acylation,O=C(Cc1ccc2c(c1)OCO2)NCc1cccc2ccccc12,NCc1cccc2ccccc12,O=C(O)Cc1ccc2c(c1)OCO2,['AM-III'],AM-III,1,,,,,,,,0.9696786926482952,0.7392270758035289,1,0.8323215811730407,0.683130520812655,0.8840545706099763,,,,87.21464119006694,76.91231261924256,67.25061373059825,,,,,,
acylation,O=C(Nc1ccncc1[N+](=O)[O-])C1c2ccccc2Oc2ccccc21,Nc1ccncc1[N+](=O)[O-],O=C(O)C1c2ccccc2Oc2ccccc21,"['AM-I', 'AM-III', 'AM-V']","AM-I, AM-III, AM-V",1,,67.22302196864553,34.07403183998345,77.40556674913049,,,,1,0.7813721486013663,1,0.8356111044230266,1,0.7612672181524767,,,,91.26081036407393,61.78158097709716,81.09700408858345,,,,67.84452348995845,58.248144056888606,78.9463303621333
acylation,O=C(Cc1ccc2c(c1)C(=O)c1ccccc1CO2)Nc1ccncc1[N+](=O)[O-],Nc1ccncc1[N+](=O)[O-],O=C(O)Cc1ccc2c(c1)C(=O)c1ccccc1CO2,['AM-III'],AM-III,1,,,,,,,,0.7932630797654041,0.7548809870633812,1,0.875195486741548,0.9312722057047256,0.7190801979311023,,,,86.6505023506723,61.78158097709716,77.4412633307831,,,,,,
acylation,CCc1cccc(NC(=O)Cc2ccc3c(c2)OCO3)c1,CCc1cccc(N)c1,O=C(O)Cc1ccc2c(c1)OCO2,['AM-III'],AM-III,1,,,,,,,,0.9580523765584599,0.8613047351750655,1,0.8320044645053803,0.6554163463022464,0.951143617865096,,,,89.40783718021882,78.2136824085986,67.25061373059825,,,,,,
acylation,O=C(Cc1cc(F)cc(F)c1)Nc1ccc2c(c1)OCCO2,Nc1ccc2c(c1)OCCO2,O=C(O)Cc1cc(F)cc(F)c1,['AM-I'],AM-I,1,,76.83011194720333,46.586455105630904,63.254901340215596,,,,1,0.7443468993568718,0.9793400192576976,0.7639958631524413,0.7261831223532205,0.9704852159544063,,,,,,,,,,,,
acylation,O=C(Cc1ccc2c(c1)OCO2)Nc1ccc2c(c1)OCCO2,Nc1ccc2c(c1)OCCO2,O=C(O)Cc1ccc2c(c1)OCO2,['AM-I'],AM-I,1,,69.02203520457358,46.586455105630904,58.07690940465211,,,,1,0.783467180877122,0.965042899070042,0.7335911420196064,0.6035948173264561,0.8719462278465133,,,,,,,,,,,,
acylation,CC(NC(=O)c1ccc2c(c1)OCCO2)c1cccc2ccccc12,C[C@H](N)c1cccc2ccccc12,O=C(O)c1ccc2c(c1)OCCO2,"['AM-I', 'AM-III']","AM-I, AM-III",1,,78.30851766815815,65.51960679210376,53.32127480108535,,,,1,0.6203726583562786,1,0.8161201403352218,0.3880713289023773,0.9942356307176593,,,,90.60767245335018,79.33057700041702,64.70893630577652,,,,,,
acylation,CC(NC(=O)Cc1ccc2c(c1)OCO2)c1cccc2ccccc12,C[C@H](N)c1cccc2ccccc12,O=C(O)Cc1ccc2c(c1)OCO2,['AM-III'],AM-III,1,,,,,,,,0.9915730378108856,0.6841409649096333,1,0.7541481230838822,0.6300739167869545,0.9335370393907952,,,,88.80802550124332,79.33057700041702,67.25061373059825,,,,,,
acylation,Cc1ccc(NC(=O)c2cc3ccccc3s2)nc1,Cc1ccc(N)nc1,O=C(O)c1cc2ccccc2s1,['AM-III'],AM-III,1,,,,,,,,0.6774669742588839,0.8514913308956372,1,0.6412527441412399,0.9505244879191996,0.8996908357541986,,,,87.51272380186396,60.23665310857932,77.40734060908414,,,,,,
acylation,Cc1ccc(NC(=O)Cc2ccc([N+](=O)[O-])cc2)cc1,Cc1ccc(N)cc1,O=C(O)Cc1ccc([N+](=O)[O-])cc1,['AM-I'],AM-I,1,,76.45689401703513,49.33059974412717,62.331269160367626,,,,1,0.8252809410648435,0.9863831236098541,0.9092356719044147,0.6982194011929315,0.8216891935493869,,,,,,,,,,,,
acylation,COc1ncc(Br)cc1C(=O)Nc1ccc(C)cc1,Cc1ccc(N)cc1,COc1ncc(Br)cc1C(=O)O,['AM-I'],AM-I,1,,82.61783618851219,49.33059974412717,63.03119071001732,,,,1,0.9736347643345286,0.990823100153606,0.9653533532269704,0.6470476703596284,0.9724938268776433,,,,,,,,,,,,
acylation,Cc1ccc(NC(=O)C2Cc3ccccc3C2)cc1,Cc1ccc(N)cc1,O=C(O)C1Cc2ccccc2C1,['AM-I'],AM-I,1,,81.38779223389771,49.33059974412717,63.22363811879916,,,,1,0.8451279363864539,0.965434978957161,0.8781191490022311,0.6030919721758485,0.9763008950319181,,,,,,,,,,,,
acylation,Cc1ccc(NC(=O)c2cc3ccccc3s2)cc1,Cc1ccc(N)cc1,O=C(O)c1cc2ccccc2s1,['AM-I'],AM-I,1,,82.56164394142505,49.33059974412717,65.58910738472012,,,,1,0.8610216739097398,0.9688347882193468,0.9531562025727399,0.7619082802471102,0.9641423130365753,,,,,,,,,,,,
acylation,COc1ccc(NC(=O)c2cc(C)nc(Cl)c2)cn1,COc1ccc(N)cn1,Cc1cc(C(=O)O)cc(Cl)n1,['AM-I'],AM-I,1,,68.25108563967643,37.66017850268299,54.61782950927192,,,,1,0.6952403970879177,0.9741952812964935,0.9115038344850628,0.7272491186006125,0.8387174046143913,,,,,,,,,,,,
acylation,COc1ccc(NC(=O)c2cc(Br)cnc2OC)cn1,COc1ccc(N)cn1,COc1ncc(Br)cc1C(=O)O,['AM-I'],AM-I,1,,73.28403269820484,37.66017850268299,63.03119071001732,,,,1,0.7200302570629622,0.9371412499795235,0.8410193220548319,0.7187611479027631,0.873959952884411,,,,,,,,,,,,
acylation,COc1ccc(NC(=O)c2cc(F)ccc2C)cn1,COc1ccc(N)cn1,Cc1ccc(F)cc1C(=O)O,['AM-I'],AM-I,1,,71.61942920249464,37.66017850268299,58.163981278457314,,,,1,0.691934413981521,0.9908073907671511,0.7602481976617171,0.9412595528793247,0.8367061768222641,,,,,,,,,,,,
acylation,COc1ccc(NC(=O)c2ccc(Br)s2)cn1,COc1ccc(N)cn1,O=C(O)c1ccc(Br)s1,['AM-I'],AM-I,1,,71.38594623677263,37.66017850268299,62.3617593590684,,,,1,0.6520380131753314,0.9782088736415232,0.8388284352428556,0.958729322133422,0.8294016262903933,,,,,,,,,,,,
acylation,COc1ccc(NC(=O)C2Cc3ccccc3C2)cn1,COc1ccc(N)cn1,O=C(O)C1Cc2ccccc2C1,"['AM-I', 'AM-III']","AM-I, AM-III",1,,77.7240490542958,37.66017850268299,63.22363811879916,,,,1,0.6689475612477265,1,0.7544299507311902,0.8536873541770669,0.7763751163278768,,,,82.79199602845517,62.5147453701524,73.28956578140571,,,,,,
acylation,COc1ccc(NC(=O)c2cccc(-c3ccccc3)c2)cn1,COc1ccc(N)cn1,O=C(O)c1cccc(-c2ccccc2)c1,"['AM-III', 'AM-V']","AM-III, AM-V",1,,,,,,,,0.8645607320338605,0.6537557549053716,1,0.7835694758272647,1,0.8520792044757558,,,,90.58457672205216,62.5147453701524,80.90276645852333,,,,73.84748147717255,59.883577712885824,85.64064518580798
acylation,COc1ccc(NC(=O)c2cc3ccccc3s2)cn1,COc1ccc(N)cn1,O=C(O)c1cc2ccccc2s1,['AM-III'],AM-III,0.9994140492195979,,,,,,,,0.9479857422827724,0.6141235917648884,0.9994140492195979,0.8334403458427713,0.9433019831100843,0.860579972640347,,,,86.39187150848153,62.5147453701524,77.40734060908414,,,,,,
acylation,COc1ccc(NC(=O)Cc2ccc3c(c2)OCO3)cn1,COc1ccc(N)cn1,O=C(O)Cc1ccc2c(c1)OCO2,['AM-I'],AM-I,1,,68.83633704035022,37.66017850268299,58.07690940465211,,,,1,0.5889009474370235,0.8639705659510931,0.7375505891187865,0.7743607602322876,0.8599264231664296,,,,,,,,,,,,
acylation,Cc1cc(C(=O)Nc2cccc3ccc(C)nc23)cc(Cl)n1,Cc1ccc2cccc(N)c2n1,Cc1cc(C(=O)O)cc(Cl)n1,"['AM-I', 'AM-III']","AM-I, AM-III",1,,78.4495339633343,34.985531910256626,54.61782950927192,,,,1,0.9683065365189478,1,0.9513811218176467,0.75797826818376,0.9648646185985945,,,,102.98990477854613,75.95674646875848,66.06478877997182,,,,,,
acylation,COc1ncc(Br)cc1C(=O)Nc1cccc2ccc(C)nc12,Cc1ccc2cccc(N)c2n1,COc1ncc(Br)cc1C(=O)O,"['AM-I', 'AM-II']","AM-I, AM-II",1,,80.79864538812966,34.985531910256626,63.03119071001732,74.5760068405555,44.470166065462045,55.782294168851045,1,1,0.9862430190380739,0.901305265069827,0.7794549021940809,0.9674534889496145,,,,,,,,,,,,
acylation,Cc1ccc2cccc(NC(=O)c3cc(F)ccc3C)c2n1,Cc1ccc2cccc(N)c2n1,Cc1ccc(F)cc1C(=O)O,"['AM-I', 'AM-V']","AM-I, AM-V",1,,73.1983708126495,34.985531910256626,58.163981278457314,,,,1,0.9977296218693285,0.9874227117700243,0.8174635108484435,1,0.9681174216420058,,,,,,,,,,70.65471093403866,59.88756604439956,80.39977743148036
acylation,Cc1ccc2cccc(NC(=O)c3ccc(Br)s3)c2n1,Cc1ccc2cccc(N)c2n1,O=C(O)c1ccc(Br)s1,"['AM-I', 'AM-II']","AM-I, AM-II",1,,76.20961324716313,34.985531910256626,62.3617593590684,67.87165540471142,44.470166065462045,55.08043310328073,1,1,0.9591539766750601,0.8643818189923105,0.9958678868052587,0.9838916445409517,,,,,,,,,,,,
acylation,Cc1ccc2cccc(NC(=O)c3ccc4nccnc4c3)c2n1,Cc1ccc2cccc(N)c2n1,O=C(O)c1ccc2nccnc2c1,"['AM-I', 'AM-III']","AM-I, AM-III",1,,62.67777458801196,34.985531910256626,47.82078129152893,,,,1,0.9640080531046641,1,0.8418431269436233,0.6588039403835511,0.8732041001394659,,,,92.99170509682898,75.95674646875848,57.40002573103209,,,,,,
acylation,Cc1ccc2cccc(NC(=O)c3ccc4c(c3)OCCO4)c2n1,Cc1ccc2cccc(N)c2n1,O=C(O)c1ccc2c(c1)OCCO2,"['AM-I', 'AM-III']","AM-I, AM-III",1,,63.98646795127409,34.985531910256626,53.32127480108535,,,,1,0.9697719509450432,1,0.7947080876484659,0.9145275805899634,0.9744642655225745,,,,96.84603326325627,75.95674646875848,64.70893630577652,,,,,,
acylation,Cc1ccc2cccc(NC(=O)c3cc4ccccc4s3)c2n1,Cc1ccc2cccc(N)c2n1,O=C(O)c1cc2ccccc2s1,"['AM-I', 'AM-II']","AM-I, AM-II",1,,76.65668276994187,34.985531910256626,65.58910738472012,67.47381375853585,44.470166065462045,55.87479628689651,1,1,0.9642547071038147,0.8127743569129249,0.9966748102213783,0.9691826509646041,,,,,,,,,,,,
acylation,Cc1ccc(CNC(=O)Cc2ccc([N+](=O)[O-])cc2)cc1,Cc1ccc(CN)cc1,O=C(O)Cc1ccc([N+](=O)[O-])cc1,['AM-I'],AM-I,1,,74.07963987381665,46.20474760355198,62.331269160367626,,,,1,0.7775479892204197,0.9753173956245517,0.8892116473093985,0.7054344605889735,0.7644190296628033,,,,,,,,,,,,
acylation,COc1ncc(Br)cc1C(=O)NCc1ccc(C)cc1,Cc1ccc(CN)cc1,COc1ncc(Br)cc1C(=O)O,"['AM-I', 'AM-III']","AM-I, AM-III",1,,81.01769671838446,46.20474760355198,63.03119071001732,,,,1,0.8955133277426601,1,0.9655696967990356,0.4763274928850243,0.9332089671953983,,,,97.80764309344865,72.65235158666223,82.05127208959969,,,,,,
acylation,Cc1ccc(CNC(=O)c2ccc(Br)s2)cc1,Cc1ccc(CN)cc1,O=C(O)c1ccc(Br)s1,['AM-I'],AM-I,1,,78.01511072889808,46.20474760355198,62.3617593590684,,,,1,0.8210041973364444,0.9712645596985017,0.9571161383967518,0.7298443965033986,0.9854241475672587,,,,,,,,,,,,
acylation,Cc1ccc(CNC(=O)c2cc3ccccc3s2)cc1,Cc1ccc(CN)cc1,O=C(O)c1cc2ccccc2s1,['AM-I'],AM-I,1,,79.19971355074605,46.20474760355198,65.58910738472012,,,,1,0.7826456374834106,0.9799005162046492,0.9529398590006747,0.7136458490232136,0.9707151539909111,,,,,,,,,,,,
acylation,O=C(NCc1ccc(F)cc1F)c1cnccn1,NCc1ccc(F)cc1F,O=C(O)c1cnccn1,['AM-I'],AM-I,1,,61.67476098821337,50.219137711829,36.0630984576233,,,,1,0.6903913053319275,0.7448000833137831,0.719995259986409,0.6391606124348008,0.8652118508609036,,,,,,,,,,,,
acylation,COc1ncc(Br)cc1C(=O)NCc1ccc(F)cc1F,NCc1ccc(F)cc1F,COc1ncc(Br)cc1C(=O)O,"['AM-I', 'AM-III']","AM-I, AM-III",1,,82.5597385895166,50.219137711829,63.03119071001732,,,,1,0.848848445847899,1,0.9676451761259156,0.4372354241795453,0.9648551088004262,,,,97.20813345375734,71.54557849717949,82.05127208959969,,,,,,
acylation,O=C(NCc1ccc(F)cc1F)c1ccc(Br)s1,NCc1ccc(F)cc1F,O=C(O)c1ccc(Br)s1,['AM-I'],AM-I,1,,79.40047453139613,50.219137711829,62.3617593590684,,,,1,0.8039036621199362,0.9765049625843101,0.9550406590698719,0.6907523277979196,0.9790029641693205,,,,,,,,,,,,
acylation,O=C(NCc1ccc(F)cc1F)c1cc2ccccc2o1,NCc1ccc(F)cc1F,O=C(O)c1cc2ccccc2o1,['AM-I'],AM-I,1,,78.73560575589714,50.219137711829,61.84791964756162,,,,1,0.841746578832457,0.9605426528017699,0.8647399215782596,0.5026699270060834,0.9747661070314223,,,,,,,,,,,,
acylation,Cc1cc(C(=O)NCc2cccc3ccccc23)cc(Cl)n1,NCc1cccc2ccccc12,Cc1cc(C(=O)O)cc(Cl)n1,['AM-III'],AM-III,1,,,,,,,,0.9516366747509483,0.8958359652788869,1,0.8169650311355632,0.38060514848149307,0.9693847541833401,,,,92.391823768882,76.91231261924256,66.06478877997182,,,,,,
acylation,O=C(NCc1cccc2ccccc12)c1cnccn1,NCc1cccc2ccccc12,O=C(O)c1cnccn1,['AM-I'],AM-I,1,,64.94500917336596,54.68028700324716,36.0630984576233,,,,1,0.6923442706779291,0.8136264807406501,0.7460001870336112,0.6969052556331801,0.8761519057050702,,,,,,,,,,,,
acylation,Cc1ccc(F)cc1C(=O)NCc1cccc2ccccc12,NCc1cccc2ccccc12,Cc1ccc(F)cc1C(=O)O,['AM-III'],AM-III,0.9919471727098162,,,,,,,,0.9701498607965917,0.8213476326763088,0.9919471727098162,0.951570830198395,0.5929397419362923,0.9635972860572601,,,,92.99182479166157,76.91231261924256,69.61306974292935,,,,,,
acylation,O=C(NCc1cccc2ccccc12)c1cccc(-c2ccccc2)c1,NCc1cccc2ccccc12,O=C(O)c1cccc(-c2ccccc2)c1,['AM-I'],AM-I,1,,90.74396663842076,54.68028700324716,73.12643108770104,,,,1,0.741529043193832,0.97628055795114,0.9740176409895487,0.7914574599032478,0.9862621331345782,,,,,,,,,,,,
acylation,O=C(NCc1cccc2ccccc12)c1cc2ccccc2s1,NCc1cccc2ccccc12,O=C(O)c1cc2ccccc2s1,['AM-I'],AM-I,1,,84.59450778831238,54.68028700324716,65.58910738472012,,,,1,0.852163954223251,0.9597302461640227,0.9516384142925711,0.5405038768778353,0.9646625153798585,,,,,,,,,,,,
acylation,CC(=O)c1ccc(NC(=O)C2Cc3ccccc3C2)cc1,CC(=O)c1ccc(N)cc1,O=C(O)C1Cc2ccccc2C1,['AM-I'],AM-I,1,,74.98258515767776,45.98354858703199,63.22363811879916,,,,1,0.6961840709993259,0.9961551012158263,0.8431155102078022,0.6673802221856834,0.8554114815478326,,,,,,,,,,,,
acylation,CC(=O)c1ccc(NC(=O)c2cc(F)ccc2C)cc1,CC(=O)c1ccc(N)cc1,Cc1ccc(F)cc1C(=O)O,['AM-I'],AM-I,1,,72.25886138539559,45.98354858703199,58.163981278457314,,,,1,0.6363111293674634,0.9787474495184951,0.8772394159046817,0.8359917806892488,0.9332052803744945,,,,,,,,,,,,
acylation,CC(=O)c1ccc(NC(=O)c2cc3ccccc3o2)cc1,CC(=O)c1ccc(N)cc1,O=C(O)c1cc2ccccc2o1,['AM-I'],AM-I,1,,77.50301917896235,45.98354858703199,61.84791964756162,,,,1,0.7652865932781798,0.9910538748309191,0.8768406231400087,0.6543126769452938,0.9132298883401656,,,,,,,,,,,,
acylation,O=C(NCc1ccco1)C1Cc2ccccc2C1,NCc1ccco1,O=C(O)C1Cc2ccccc2C1,"['AM-I', 'AM-III']","AM-I, AM-III",1,,72.3184731404108,38.57876220056498,63.22363811879916,,,,1,0.803303336736537,1,0.7785923512005622,0.7737956405293416,0.8070044888492486,,,,84.30389310371783,58.49682205552173,73.28956578140571,,,,,,
acylation,Cc1cc(C)c(C(=O)NCc2ccc(Cl)cc2)c(C)c1,NCc1ccc(Cl)cc1,Cc1cc(C)c(C(=O)O)c(C)c1,['AM-I'],AM-I,1,,85.02810968503545,53.9474095481282,68.05825361788008,,,,1,0.9514652804599911,0.9660644540514028,0.9536327007029507,0.7374938547420643,0.96408956015757,,,,,,,,,,,,
acylation,O=C(NCc1ccc(Cl)cc1)C1c2ccccc2Oc2ccccc21,NCc1ccc(Cl)cc1,O=C(O)C1c2ccccc2Oc2ccccc21,['AM-III'],AM-III,0.9850675578639403,,,,,,,,0.9257294753149414,0.9304403306702755,0.9850675578639403,0.9339980725891996,0.5943221507204255,0.9842214912483378,,,,100.40323432441431,75.25073586771926,81.09700408858345,,,,,,
acylation,O=C(NCc1ccc(Cl)cc1)c1ccc2nccnc2c1,NCc1ccc(Cl)cc1,O=C(O)c1ccc2nccnc2c1,['AM-I'],AM-I,0.9844514516049744,,65.3172641743842,53.9474095481282,47.82078129152893,,,,0.9844514516049744,0.6314683832695707,0.8083702263995725,0.8370853864834347,0.4233422542647256,0.715131319276637,,,,,,,,,,,,
acylation,CSc1ccc(NC(=O)C(c2ccccc2)c2ccccc2)cc1,CSc1ccc(N)cc1,O=C(O)C(c1ccccc1)c1ccccc1,['AM-I'],AM-I,1,,91.54781538745834,55.08289351672458,70.5609086136408,,,,1,0.7900559774823837,0.9878085692095196,0.9715067683983861,0.8952987516146251,0.9771353027609648,,,,,,,,,,,,
acylation,O=C(COc1ccccc1)Nc1ccc(Cl)cn1,Nc1ccc(Cl)cn1,O=C(O)COc1ccccc1,['AM-I'],AM-I,1,,71.90801550610436,43.01458871031729,54.43219105475764,,,,1,0.6831714243407938,0.9589582309685035,0.6812228264158581,0.6721568773383295,0.9011623169213712,,,,,,,,,,,,
acylation,O=C(Cc1ccc2c(c1)OCO2)Nc1ccc(Cl)cn1,Nc1ccc(Cl)cn1,O=C(O)Cc1ccc2c(c1)OCO2,['AM-I'],AM-I,1,,70.88117156961646,43.01458871031729,58.07690940465211,,,,1,0.8092032917639279,0.9683491826944693,0.6577618430497195,0.7470735152412753,0.8821814353887797,,,,,,,,,,,,
acylation,COc1ncc(Br)cc1C(=O)Nc1ccc(Cl)cn1,Nc1ccc(Cl)cn1,COc1ncc(Br)cc1C(=O)O,"['AM-I', 'AM-II', 'AM-III']","AM-I, AM-II, AM-III",1,,81.31427530203479,43.01458871031729,63.03119071001732,66.00205560448916,43.3201585543432,55.782294168851045,1,1,1,0.8512271082590133,0.6660045910684268,0.9661331477756524,,,,102.74934556719975,69.56596111567018,82.05127208959969,,,,,,
acylation,Cc1ccc(Cl)c(NC(=O)C2c3ccccc3Oc3ccccc32)c1,Cc1ccc(Cl)c(N)c1,O=C(O)C1c2ccccc2Oc2ccccc21,['AM-I'],AM-I,1,,91.18213177167598,63.906034338885476,77.40556674913049,,,,1,0.9557559431261803,0.9803815155250754,0.9578963093167342,0.5556973568056425,0.9680695110801871,,,,,,,,,,,,
acylation,Cc1ccc(Cl)c(NC(=O)c2cc(C)nc(Cl)c2)c1,Cc1ccc(Cl)c(N)c1,Cc1cc(C(=O)O)cc(Cl)n1,"['AM-I', 'AM-III']","AM-I, AM-III",1,,79.69789184637186,63.906034338885476,54.61782950927192,,,,1,0.7774228170651482,1,0.8320328070427547,0.6220903110456621,0.9960064077068272,,,,93.60805423369084,76.24042800968753,66.06478877997182,,,,,,
acylation,Cc1ccc(CC(=O)NCc2ccccc2C(F)(F)F)cc1,NCc1ccccc1C(F)(F)F,Cc1ccc(CC(=O)O)cc1,['AM-VI'],AM-VI,0.9809212152632217,,,,,,,,0.9558526317520917,0.8180741999657007,0.9805420790389804,0.9682701101175726,0.6859498184254663,0.9809212152632217,,,,,,,83.79474018077121,71.60766954439106,67.14078879784957,,,
acylation,O=C(NCc1ccccc1C(F)(F)F)C(c1ccccc1)c1ccccc1,NCc1ccccc1C(F)(F)F,O=C(O)C(c1ccccc1)c1ccccc1,['AM-I'],AM-I,1,,89.02995370852014,60.18930674479145,70.5609086136408,,,,1,0.810755402723943,0.9797961597558166,0.9757382921860384,0.6031804010423318,0.9701541921986161,,,,,,,,,,,,
acylation,O=C(Cc1ccc2c(c1)C(=O)c1ccccc1CO2)NCc1ccccc1C(F)(F)F,NCc1ccccc1C(F)(F)F,O=C(O)Cc1ccc2c(c1)C(=O)c1ccccc1CO2,['AM-I'],AM-I,1,,82.74155293495144,60.18930674479145,70.81792165142653,,,,1,0.80562694358571,0.9595009975970431,0.8361200827125556,0.7445087634348814,0.9719794959930893,,,,,,,,,,,,
acylation,O=C(Cc1cc(F)cc(F)c1)Nc1ccc([N+](=O)[O-])cn1,Nc1ccc([N+](=O)[O-])cn1,O=C(O)Cc1cc(F)cc(F)c1,['AM-I'],AM-I,1,,75.73483758740949,49.045564227224304,63.254901340215596,,,,1,0.7819231508599865,0.9858889018055554,0.6606980182590143,0.9753860857407674,0.7142554325302723,,,,,,,,,,,,
acylation,O=C(Nc1ccc([N+](=O)[O-])cn1)C(c1ccccc1)c1ccccc1,Nc1ccc([N+](=O)[O-])cn1,O=C(O)C(c1ccccc1)c1ccccc1,"['AM-III', 'AM-V']","AM-III, AM-V",1,,,,,,,,0.9773548267883323,0.800758004085613,1,0.6429971904471018,1,0.7641293808661448,,,,96.73335868081145,67.48455002008355,82.62082296370707,,,,70.26505036618566,57.2153802461894,81.63312969606417
acylation,O=C(Cc1ccc(C(F)(F)F)cc1)Nc1ccc([N+](=O)[O-])cn1,Nc1ccc([N+](=O)[O-])cn1,O=C(O)Cc1ccc(C(F)(F)F)cc1,"['AM-I', 'AM-III', 'AM-V']","AM-I, AM-III, AM-V",1,,77.97352239830192,49.045564227224304,65.17068741064963,,,,1,0.7901055891961262,1,0.7230797180504656,1,0.738833420977266,,,,92.84428399866604,67.48455002008355,79.58506191615638,,,,69.74955565888081,57.2153802461894,80.95575598513989
acylation,O=C(Nc1ccc([N+](=O)[O-])cn1)C1c2ccccc2Oc2ccccc21,Nc1ccc([N+](=O)[O-])cn1,O=C(O)C1c2ccccc2Oc2ccccc21,"['AM-III', 'AM-V']","AM-III, AM-V",1,,,,,,,,0.8475341740481892,0.9073668516465343,1,0.63469454383942,1,0.7427787436304562,,,,93.70574895751173,67.48455002008355,81.09700408858345,,,,68.20441385432432,57.2153802461894,78.9463303621333
acylation,O=C(Cc1ccc([N+](=O)[O-])cc1)Nc1ccc([N+](=O)[O-])cn1,Nc1ccc([N+](=O)[O-])cn1,O=C(O)Cc1ccc([N+](=O)[O-])cc1,['AM-I'],AM-I,1,,73.06214629336822,49.045564227224304,62.331269160367626,,,,1,0.696869950161305,0.9639240890656884,0.6299589343826055,0.7972992885829375,0.8435585603301846,,,,,,,,,,,,
acylation,Cc1ccc(NC(=O)C2CCN(C(=O)OCc3ccccc3)CC2)cc1,Cc1ccc(N)cc1,O=C(O)C1CCN(C(=O)OCc2ccccc2)CC1,['AM-I'],AM-I,1,,74.75764421060607,49.33059974412717,62.92415759496002,,,,1,0.8062461128880367,0.9617050757679423,0.8561401847246878,0.40909442685417297,0.967936470812628,,,,,,,,,,,,
acylation,Cc1ccc2cccc(NC(=O)C3C[C@H]3c3ccccc3)c2n1,Cc1ccc2cccc(N)c2n1,O=C(O)C1C[C@H]1c1ccccc1,"['AM-I', 'AM-II']","AM-I, AM-II",1,,71.1654749267742,34.985531910256626,62.050120263516234,65.4924094919811,44.470166065462045,55.2111929962786,1,1,0.9734776676878728,0.7698931686067914,0.9004692320027374,0.9684723913010989,,,,,,,,,,,,
acylation,Cc1ccc2cccc(NC(=O)c3ccc(F)cn3)c2n1,Cc1ccc2cccc(N)c2n1,O=C(O)c1ccc(F)cn1,['AM-III'],AM-III,1,,,,,,,,0.9857239935322342,0.9590192411319763,1,0.8312586511960725,0.7870936048759074,0.9221090399050924,,,,100.20801363995844,75.95674646875848,65.72277153844213,,,,,,
acylation,Cc1ccc2cccc(NC(=O)c3cc(Cl)cc(Cl)n3)c2n1,Cc1ccc2cccc(N)c2n1,O=C(O)c1cc(Cl)cc(Cl)n1,"['AM-I', 'AM-II']","AM-I, AM-II",1,,77.87587328665539,34.985531910256626,57.61770900577321,73.70010611574565,44.470166065462045,53.67624037996983,1,1,0.9611681351229376,0.9653137775660556,0.715969706771235,0.9744207578909309,,,,,,,,,,,,
acylation,COc1ccc(NC(=O)C2C[C@H]2c2ccccc2)cc1OC,COc1ccc(N)cc1OC,O=C(O)C1C[C@H]1c1ccccc1,['AM-I'],AM-I,1,,75.41878622630259,42.250389580262706,62.050120263516234,,,,1,0.7686434826658606,0.9796562697390673,0.8276086661966646,0.6359554959438177,0.9746177894845489,,,,,,,,,,,,
acylation,Cc1ccc(Oc2ccc(NC(=O)C3C[C@H]3c3ccccc3)cc2)cc1,Cc1ccc(Oc2ccc(N)cc2)cc1,O=C(O)C1C[C@H]1c1ccccc1,"['AM-III', 'AM-VI']","AM-III, AM-VI",1,,,,,,,,0.9957612280564098,0.9603559655692013,1,0.8930661030399741,0.4093194672081394,1,,,,105.51588167644984,90.89434596184276,72.55826305307974,94.9151062789858,78.90792768310243,69.23428510065658,,,
acylation,Cc1ccc(Oc2ccc(NC(=O)c3ccc(F)cn3)cc2)cc1,Cc1ccc(Oc2ccc(N)cc2)cc1,O=C(O)c1ccc(F)cn1,"['AM-I', 'AM-III']","AM-I, AM-III",1,,82.2168780663327,70.26679520834075,41.34732591501349,,,,1,0.908387580416848,1,0.6541705420147773,0.7306777686405922,0.8888794998430706,,,,104.99245666648285,90.89434596184276,65.72277153844213,,,,,,
acylation,Cc1ccc(Oc2ccc(NC(=O)C3CCC(F)(F)CC3)cc2)cc1,Cc1ccc(Oc2ccc(N)cc2)cc1,O=C(O)C1CCC(F)(F)CC1,"['AM-I', 'AM-III']","AM-I, AM-III",1,,87.99905336556631,70.26679520834075,59.937296596023494,,,,1,0.959810848896843,1,0.812830763774173,0.3922077280856824,0.9882730989387066,,,,101.3921354681006,90.89434596184276,68.21602163895858,,,,,,
acylation,Cc1ccc(Oc2ccc(NC(=O)C3CCCN3C(=O)OCc3ccccc3)cc2)cc1,Cc1ccc(Oc2ccc(N)cc2)cc1,O=C(O)C1CCCN1C(=O)OCc1ccccc1,['AM-III'],AM-III,1,,,,,,,,0.953578770106493,0.6679024871284401,1,0.681411836262344,0.7352586489164213,0.9945601696665164,,,,101.99204444296403,90.89434596184276,69.39285361573468,,,,,,
acylation,Cc1ccc(Oc2ccc(NC(=O)C3CCN(C(=O)OCc4ccccc4)CC3)cc2)cc1,Cc1ccc(Oc2ccc(N)cc2)cc1,O=C(O)C1CCN(C(=O)OCc2ccccc2)CC1,['AM-III'],AM-III,1,,,,,,,,0.9910315888169953,0.6997106439773166,1,0.6254195047075284,0.7352516033951828,0.9536299652718352,,,,103.8858513361653,90.89434596184276,74.0773213349687,,,,,,
acylation,CC(C)(C)OC(=O)N1CC2(CC2)CC1C(=O)NCc1ccc(Br)cc1,NCc1ccc(Br)cc1,CC(C)(C)OC(=O)N1CC2(CC2)CC1C(=O)O,['AM-I'],AM-I,1,,84.75812362117446,53.012285320611014,70.51195003727157,,,,1,0.9544201564621572,0.9661765947963198,0.9607742966530199,0.6612446317079699,0.9751164470013834,,,,,,,,,,,,
acylation,Cc1c(C(=O)NCc2ccc(Br)cc2)oc2ccccc12,NCc1ccc(Br)cc1,Cc1c(C(=O)O)oc2ccccc12,['AM-I'],AM-I,1,,83.88022252889161,53.012285320611014,64.79332836878291,,,,1,0.9609589774209493,0.9675065135438503,0.898076762409623,0.5083290353267754,0.996189508470463,,,,,,,,,,,,
acylation,O=C(NCc1ccc2c(c1)OCO2)C1C[C@H]1c1ccccc1,NCc1ccc2c(c1)OCO2,O=C(O)C1C[C@H]1c1ccccc1,['AM-I'],AM-I,1,,73.28164879300641,48.37448741182003,62.050120263516234,,,,1,0.6194927246693337,0.9911363770252625,0.8302253472060493,0.6179852487198796,0.8295698909513092,,,,,,,,,,,,
acylation,O=C(NCc1ccc2c(c1)OCO2)c1cc(Cl)cc(Cl)n1,NCc1ccc2c(c1)OCO2,O=C(O)c1cc(Cl)cc(Cl)n1,"['AM-I', 'AM-III']","AM-I, AM-III",1,,72.80998277486651,48.37448741182003,57.61770900577321,,,,1,0.8044822117665763,1,0.8794487825321898,0.4334857234883771,0.8549958266867796,,,,92.25125628865361,65.4302602253443,76.7554566067229,,,,,,
acylation,O=C(NCc1ccc2c(c1)OCO2)C1CCC(F)(F)CC1,NCc1ccc2c(c1)OCO2,O=C(O)C1CCC(F)(F)CC1,['AM-I'],AM-I,1,,72.31044732067002,48.37448741182003,59.937296596023494,,,,1,0.6270077022225011,0.9705765218447646,0.8620712630713553,0.6008735095974225,0.778448477448936,,,,,,,,,,,,
acylation,COc1ccc(NC(=O)C2CN(C(=O)OCc3ccccc3)C2)cn1,COc1ccc(N)cn1,O=C(O)C1CN(C(=O)OCc2ccccc2)C1,['AM-III'],AM-III,0.9824309246811167,,,,,,,,0.8826964318806988,0.635951787543009,0.9824309246811167,0.7731233909005442,0.6033952822982254,0.7434773719203511,,,,78.00801612,62.5147453701524,67.80415666280425,,,,,,
acylation,CC(C)(C)OC(=O)N1CC2(CC2)CC1C(=O)Nc1ccc([N+](=O)[O-])cn1,Nc1ccc([N+](=O)[O-])cn1,CC(C)(C)OC(=O)N1CC2(CC2)CC1C(=O)O,['AM-I'],AM-I,1,,80.75359470926709,49.045564227224304,70.51195003727157,,,,1,0.8147583859708928,0.9924952023084015,0.7204733050850389,0.7861343926585966,0.7588494471822655,,,,,,,,,,,,
acylation,Cc1c(C(=O)Nc2ccc([N+](=O)[O-])cn2)oc2ccccc12,Nc1ccc([N+](=O)[O-])cn1,Cc1c(C(=O)O)oc2ccccc12,"['AM-I', 'AM-III', 'AM-V']","AM-I, AM-III, AM-V",1,,79.54629690864098,49.045564227224304,64.79332836878291,,,,1,0.9269226196100326,1,0.6824636819722585,1,0.7707334614836839,,,,98.39265124362426,67.48455002008355,78.89340922906186,,,,67.98725320919664,57.2153802461894,78.25694392633959
acylation,O=C(Nc1ccc([N+](=O)[O-])cn1)C1C[C@H]1c1ccccc1,Nc1ccc([N+](=O)[O-])cn1,O=C(O)C1C[C@H]1c1ccccc1,['AM-I'],AM-I,1,,79.59145889601861,49.045564227224304,62.050120263516234,,,,1,0.8498697502131037,0.9814096261032017,0.6595506922749301,0.9559288477049374,0.7028872216535815,,,,,,,,,,,,
acylation,O=C(Nc1ccc([N+](=O)[O-])cn1)c1cc(Cl)cc(Cl)n1,Nc1ccc([N+](=O)[O-])cn1,O=C(O)c1cc(Cl)cc(Cl)n1,"['AM-II', 'AM-III']","AM-II, AM-III",1,,,,,63.002794558761124,42.397837103972236,53.67624037996983,0.9976847661176889,1,1,0.7803622894785045,0.7612959100712772,0.700841025681926,,,,97.20234134488972,67.48455002008355,76.7554566067229,,,,,,
acylation,O=C(Nc1ccc([N+](=O)[O-])cn1)C1CCC(F)(F)CC1,Nc1ccc([N+](=O)[O-])cn1,O=C(O)C1CCC(F)(F)CC1,['AM-I'],AM-I,1,,73.30631304550876,49.045564227224304,59.937296596023494,,,,1,0.7909801799693033,0.9608497709227037,0.6301824648462309,0.9382552826429312,0.8114226976212946,,,,,,,,,,,,
acylation,CC(=O)c1ccc(NC(=O)c2ccccc2Cc2ccccc2)cc1,CC(=O)c1ccc(N)cc1,O=C(O)c1ccccc1Cc1ccccc1,['AM-I'],AM-I,1,,78.36187326459569,45.98354858703199,68.89654711144122,,,,1,0.6211863577500489,0.9584268263267469,0.8421124927645427,0.9743402351448468,0.9488808649726829,,,,,,,,,,,,
acylation,CC(=O)c1ccc(NC(=O)c2ccc([N+](=O)[O-])s2)cc1,CC(=O)c1ccc(N)cc1,O=C(O)c1ccc([N+](=O)[O-])s1,['AM-I'],AM-I,1,,71.34794719065049,45.98354858703199,59.5836057783207,,,,1,0.7571543932702096,0.9839731674247514,0.9071973745842337,0.4912175165385101,0.8610165773964877,,,,,,,,,,,,
acylation,CC(=O)c1ccc(NC(=O)c2oc3ccccc3c2C)cc1,CC(=O)c1ccc(N)cc1,Cc1c(C(=O)O)oc2ccccc12,"['AM-I', 'AM-III']","AM-I, AM-III",1,,75.74186535417897,45.98354858703199,64.79332836878291,,,,1,0.7380173260978327,1,0.846583798424634,0.7974644595146153,0.9107480523833347,,,,92.39259623435348,65.10160840462319,78.89340922906186,,,,,,
acylation,CC(=O)c1ccc(NC(=O)C2C(C)(C)C2(C)C)cc1,CC(=O)c1ccc(N)cc1,CC1(C)C(C(=O)O)C1(C)C,"['AM-I', 'AM-III']","AM-I, AM-III",1,,71.68722840020982,45.98354858703199,57.382631500812266,,,,1,0.9276946133051005,1,0.9464852462046689,0.6339872671311019,0.8695569455430063,,,,91.79200905306368,65.10160840462319,77.31928663895923,,,,,,
acylation,CC(=O)c1ccc(NC(=O)C2C[C@H]2c2ccccc2)cc1,CC(=O)c1ccc(N)cc1,O=C(O)C1C[C@H]1c1ccccc1,['AM-I'],AM-I,1,,75.49846877227401,45.98354858703199,62.050120263516234,,,,1,0.7855013692707772,0.9926924936006465,0.8859043938721964,0.6839421050802306,0.9539429966290289,,,,,,,,,,,,
acylation,CC(=O)c1ccc(NC(=O)c2cc(Cl)cc(Cl)n2)cc1,CC(=O)c1ccc(N)cc1,O=C(O)c1cc(Cl)cc(Cl)n1,"['AM-I', 'AM-III']","AM-I, AM-III",1,,73.24835199017592,45.98354858703199,57.61770900577321,,,,1,0.9633702210145798,1,0.8980190378403554,0.4994425798487282,0.9316290247267149,,,,92.99176020841125,65.10160840462319,76.7554566067229,,,,,,
acylation,CC(=O)c1ccc(NC(=O)C2CC3(CC3)CN2C(=O)OC(C)(C)C)cc1,CC(=O)c1ccc(N)cc1,CC(C)(C)OC(=O)N1CC2(CC2)CC1C(=O)O,"['AM-I', 'AM-III']","AM-I, AM-III",1,,82.99023000331212,45.98354858703199,70.51195003727157,,,,1,0.8989189360439307,1,0.8879983636645848,0.4683881067129775,0.87545114803722,,,,84.6079796062595,65.10160840462319,74.89953674761793,,,,,,
acylation,COC(=O)c1cc(F)ccc1NC(=O)c1ccc2nccnc2c1,COC(=O)c1cc(F)ccc1N,O=C(O)c1ccc2nccnc2c1,"['AM-I', 'AM-III']","AM-I, AM-III",1,,73.89678249289594,61.791286996727806,47.82078129152893,,,,1,0.9783617430301448,1,0.8818500379252422,0.3371360864197678,0.8446923022931105,,,,88.79228101595159,73.93300365650026,57.40002573103209,,,,,,
acylation,COC(=O)c1cc(F)ccc1NC(=O)c1ccc(F)cn1,COC(=O)c1cc(F)ccc1N,O=C(O)c1ccc(F)cn1,['AM-I'],AM-I,1,,74.31094678050215,61.791286996727806,41.34732591501349,,,,1,0.9880186420394742,0.9962605687408055,0.77931339152537,0.6701242422126352,0.823460645514853,,,,,,,,,,,,
acylation,COC(=O)c1cc(F)ccc1NC(=O)c1cnc(Cl)nc1,COC(=O)c1cc(F)ccc1N,O=C(O)c1cnc(Cl)nc1,"['AM-I', 'AM-III']","AM-I, AM-III",1,,79.6005553568749,61.791286996727806,49.16287550721641,,,,1,0.9761532054193888,1,0.9370151315030371,0.7006993840489697,0.7881966652955625,,,,95.93879329617681,73.93300365650026,64.13087670219745,,,,,,
acylation,COC(=O)c1cc(F)ccc1NC(=O)C1CN(C(=O)OCc2ccccc2)C1,COC(=O)c1cc(F)ccc1N,O=C(O)C1CN(C(=O)OCc2ccccc2)C1,['AM-III'],AM-III,0.9864055255383334,,,,,,,,0.9535384216597108,0.9487431919750435,0.9864055255383334,0.812043179840536,0.3547872811925935,0.8459831378376733,,,,93.00789949741093,73.93300365650026,67.80415666280425,,,,,,
acylation,COC(=O)c1cc(F)ccc1NC(=O)c1ccc2c(c1)OCCO2,COC(=O)c1cc(F)ccc1N,O=C(O)c1ccc2c(c1)OCCO2,['AM-III'],AM-III,1,,,,,,,,0.9971321006257708,0.9699728017533975,1,0.9378469949467511,0.5928597266261803,0.9751855754210575,,,,93.72238432647389,73.93300365650026,64.70893630577652,,,,,,
acylation,C[C@@H](NC(=O)c1ccco1)c1ccccc1,C[C@@H](N)c1ccccc1,O=C(O)c1ccco1,['AM-I'],AM-I,1,,68.37687303237749,56.894685417419595,45.48995372057021,,,,1,0.646461077074133,0.8219222669892662,0.7291905929811127,0.7695385313737915,0.8655001350430774,,,,,,,,,,,,
acylation,C[C@@H](NC(=O)c1ccc(F)cn1)c1ccccc1,C[C@@H](N)c1ccccc1,O=C(O)c1ccc(F)cn1,['AM-I'],AM-I,1,,67.2355681265719,56.894685417419595,41.34732591501349,,,,1,0.8531034300470227,0.9866767276402543,0.6358169115528338,0.6552462619860147,0.8832803100160365,,,,,,,,,,,,
acylation,C[C@@H](NC(=O)C1CC2(CC2)CN1C(=O)OC(C)(C)C)c1ccccc1,C[C@@H](N)c1ccccc1,CC(C)(C)OC(=O)N1CC2(CC2)CC1C(=O)O,['AM-I'],AM-I,1,,85.27223521372701,56.894685417419595,70.51195003727157,,,,1,0.8767032518648025,0.9715465924789493,0.9599486616010584,0.6546211787131018,0.9958909678955241,,,,,,,,,,,,
acylation,Cc1ccc(F)cc1C(=O)NC1CCc2ccccc21,NC1CCc2ccccc21,Cc1ccc(F)cc1C(=O)O,['AM-VI'],AM-VI,0.9762267521199921,,,,,,,,0.9752655011254517,0.9281507959426499,0.9696768043585016,0.9476114748300984,0.7800926706081803,0.9762267521199921,,,,,,,80.25304217764165,65.79846800594595,69.14994430965606,,,
acylation,O=C(NC1CCc2ccccc21)c1ccc2nccnc2c1,NC1CCc2ccccc21,O=C(O)c1ccc2nccnc2c1,['AM-III'],AM-III,0.8326916815669627,,,,,,,,0.7865830971172699,0.7864400001756905,0.8326916815669627,0.7440913152060624,0.3437370887538225,0.7559699139417484,,,,76.7918712168127,72.20881082344488,57.40002573103209,,,,,,
acylation,O=C(NC1CCc2ccccc21)c1ccc(F)cn1,NC1CCc2ccccc21,O=C(O)c1ccc(F)cn1,['AM-I'],AM-I,0.9882415619522278,,71.32142596753727,62.593045886440805,41.34732591501349,,,,0.9882415619522278,0.9755987315085143,0.9880967769176267,0.6521435791913506,0.554594855475723,0.8143114391035884,,,,,,,,,,,,
acylation,Cc1cccc(C)c1C(=O)N(c1ccccc1)C(C)C,CC(C)Nc1ccccc1,Cc1cccc(C)c1C(=O)O,['AM-III'],AM-III,0.9975457398311721,,,,,,,,0.9916264528093182,0.9537613022509962,0.9975457398311721,0.9539375679259421,0.7653266140457418,0.9956369929823737,,,,90.78276291279892,80.55456283035551,72.07290257801196,,,,,,
acylation,Cc1cc(C)c(C(=O)N(c2ccccc2)C(C)C)c(C)c1,CC(C)Nc1ccccc1,Cc1cc(C)c(C(=O)O)c(C)c1,['AM-VI'],AM-VI,0.9814260291908771,,,,,,,,0.955439068246926,0.9703397381039724,0.9738210902792612,0.9675744828817974,0.8181122487926942,0.9814260291908771,,,,,,,101.25770935906118,75.40596857399274,70.81914403824035,,,
acylation,CC(C)N(C(=O)c1ccccc1Cc1ccccc1)c1ccccc1,CC(C)Nc1ccccc1,O=C(O)c1ccccc1Cc1ccccc1,['AM-VI'],AM-VI,0.9844489370406343,,,,,,,,0.959975288450179,0.9032228912404687,0.9607169562639142,0.9787283608427967,0.7738664554331546,0.9844489370406343,,,,,,,102.86171999382015,75.40596857399274,70.10090113313804,,,
acylation,CC(C)N(C(=O)Cc1ccc2c(c1)OCO2)c1ccccc1,CC(C)Nc1ccccc1,O=C(O)Cc1ccc2c(c1)OCO2,"['AM-I', 'AM-VI']","AM-I, AM-VI",1,,82.68736587594694,67.29311380584815,58.07690940465211,,,,1,0.9475111703115859,0.8392025984181793,0.9597653947491884,0.4354869949118436,1,,,,,,,89.21273533595462,75.40596857399274,63.85206195671067,,,
acylation,CC(C)N(C(=O)C1c2ccccc2Oc2ccccc21)c1ccccc1,CC(C)Nc1ccccc1,O=C(O)C1c2ccccc2Oc2ccccc21,['AM-I'],AM-I,1,,99.4453250179476,67.29311380584815,77.40556674913049,,,,1,0.9677804159134225,0.9599547408060035,0.9924601650723924,0.6749405447710553,0.9668850222150307,,,,,,,,,,,,
acylation,CC(C)N(C(=O)Cc1ccc2c(c1)C(=O)c1ccccc1CO2)c1ccccc1,CC(C)Nc1ccccc1,O=C(O)Cc1ccc2c(c1)C(=O)c1ccccc1CO2,['AM-III'],AM-III,0.9721273650547936,,,,,,,,0.9703723368267229,0.9643891005235186,0.9721273650547936,0.927882453531386,0.5040087237619668,0.968249035276278,,,,95.04306628340595,80.55456283035551,77.4412633307831,,,,,,
acylation,CC(C)N(C(=O)c1ccco1)c1ccccc1,CC(C)Nc1ccccc1,O=C(O)c1ccco1,"['AM-I', 'AM-VI']","AM-I, AM-VI",1,,78.72749600153149,67.29311380584815,45.48995372057021,,,,1,0.6438566738738206,0.7170903507939093,0.9633843467399191,0.6462762718060169,1,,,,,,,87.63073172706541,75.40596857399274,59.48856378866913,,,
acylation,Cc1cc(C(=O)N(c2ccccc2)C(C)C)cc(Cl)n1,CC(C)Nc1ccccc1,Cc1cc(C(=O)O)cc(Cl)n1,['AM-I'],AM-I,1,,85.56525829204634,67.29311380584815,54.61782950927192,,,,1,0.8947487703901433,0.8604605622691751,0.9468496257959736,0.6375780395906396,0.9971908965719836,,,,,,,,,,,,
acylation,CC(C)N(C(=O)c1ccc(Br)s1)c1ccccc1,CC(C)Nc1ccccc1,O=C(O)c1ccc(Br)s1,['AM-III'],AM-III,0.9809239405083794,,,,,,,,0.9779835197336566,0.9553663939589306,0.9809239405083794,0.9598355044977585,0.6937580404256265,0.9726770576748617,,,,93.65320619599632,80.55456283035551,75.58342659498578,,,,,,
acylation,CC(C)N(C(=O)C1Cc2ccccc2C1)c1ccccc1,CC(C)Nc1ccccc1,O=C(O)C1Cc2ccccc2C1,['AM-VI'],AM-VI,1,,,,,,,,0.9733196736312175,0.9525663964341127,0.9917850239060123,0.951519313414911,0.5187431848741799,1,,,,,,,95.65289051008264,75.40596857399274,65.5537365596314,,,
acylation,CC(C)N(C(=O)C1C(C)(C)C1(C)C)c1ccccc1,CC(C)Nc1ccccc1,CC1(C)C(C(=O)O)C1(C)C,['AM-I'],AM-I,1,,90.48493683063887,67.29311380584815,57.382631500812266,,,,1,0.9550889935930784,0.9727049062092626,0.9574155367482279,0.4853502298195982,0.9825925368358938,,,,,,,,,,,,
acylation,CC(C)N(C(=O)c1ccc(F)cn1)c1ccccc1,CC(C)Nc1ccccc1,O=C(O)c1ccc(F)cn1,"['AM-I', 'AM-VI']","AM-I, AM-VI",1,,81.1113121784605,67.29311380584815,41.34732591501349,,,,1,0.7681714619048986,0.9176278705016184,0.8184636547778873,0.6046921680800046,1,,,,,,,88.50019965940956,75.40596857399274,60.45347240254718,,,
acylation,CC(C)N(C(=O)C1C[C@H]1c1ccccc1)c1ccccc1,CC(C)Nc1ccccc1,O=C(O)C1C[C@H]1c1ccccc1,['AM-III'],AM-III,0.9952476315211921,,,,,,,,0.9796698784758221,0.9560739691374905,0.9952476315211921,0.9590662160604876,0.535305067768727,0.9880963109147145,,,,91.83087638258222,80.55456283035551,72.55826305307974,,,,,,
acylation,CC(C)N(C(=O)c1cnc(Cl)nc1)c1ccccc1,CC(C)Nc1ccccc1,O=C(O)c1cnc(Cl)nc1,"['AM-I', 'AM-VI']","AM-I, AM-VI",1,,81.00600990074201,67.29311380584815,49.16287550721641,,,,1,0.8210472393648236,0.7722160329088656,0.962833359488571,0.6625372040476731,1,,,,,,,86.49239193400376,75.40596857399274,60.37374129998905,,,
acylation,CC(C)N(C(=O)C1CC2(CC2)CN1C(=O)OC(C)(C)C)c1ccccc1,CC(C)Nc1ccccc1,CC(C)(C)OC(=O)N1CC2(CC2)CC1C(=O)O,['AM-III'],AM-III,0.9841620553159923,,,,,,,,0.9687166462739363,0.9531570343764969,0.9841620553159923,0.9818383237151994,0.6401173086353702,0.9638212185785124,,,,91.40774720078429,80.55456283035551,74.89953674761793,,,,,,
acylation,CC(C)N(C(=O)C1CCCN1C(=O)OCc1ccccc1)c1ccccc1,CC(C)Nc1ccccc1,O=C(O)C1CCCN1C(=O)OCc1ccccc1,['AM-VI'],AM-VI,1,,,,,,,,0.9651099820714973,0.9530511131968064,0.9385005034568336,0.9523603259078036,0.6410135626616247,1,,,,,,,94.51670029552355,75.40596857399274,65.7095503254987,,,
acylation,CC(C)N(C(=O)C1CCN(C(=O)OCc2ccccc2)CC1)c1ccccc1,CC(C)Nc1ccccc1,O=C(O)C1CCN(C(=O)OCc2ccccc2)CC1,['AM-VI'],AM-VI,0.9952224108579882,,,,,,,,0.9749402392364076,0.9601228728793946,0.9880551207167936,0.9516378720968096,0.6613648003592254,0.9952224108579882,,,,,,,95.26682558051795,75.40596857399274,67.54112375413473,,,
acylation,Cc1cc(C)c(C(=O)N(C)c2ccc(F)cc2)c(C)c1,CNc1ccc(F)cc1,Cc1cc(C)c(C(=O)O)c(C)c1,['AM-I'],AM-I,1,,92.36598151045891,56.83807248071089,68.05825361788008,,,,1,0.9841639902091257,0.9765508269045178,0.9735331326098634,0.8496387528701286,0.9711998243743637,,,,,,,,,,,,
acylation,CN(C(=O)c1cc(C(C)(C)C)cc(C(C)(C)C)c1)c1ccc(F)cc1,CNc1ccc(F)cc1,CC(C)(C)c1cc(C(=O)O)cc(C(C)(C)C)c1,"['AM-I', 'AM-III', 'AM-IV', 'AM-VI']","AM-I, AM-III, AM-IV, AM-VI",1,,105.79496609674645,56.83807248071089,90.48525133263509,,,,1,0.7731554163350602,1,1,0.9070986239430694,1,80.26649657896684,53.09515543681024,69.06200861325004,106.65977222482664,73.03601392114138,95.87284502750377,109.58373245192308,72.97622230958916,81.98855560958386,,,
acylation,CN(C(=O)c1ccco1)c1ccc(F)cc1,CNc1ccc(F)cc1,O=C(O)c1ccco1,"['AM-I', 'AM-VI']","AM-I, AM-VI",1,,69.25090159269982,56.83807248071089,45.48995372057021,,,,1,0.6866786475879049,0.7466743407539742,0.9818033811990393,0.6571698793362848,1,,,,,,,83.26739618751934,72.97622230958916,59.48856378866913,,,
acylation,CN(C(=O)c1ccc(Br)s1)c1ccc(F)cc1,CNc1ccc(F)cc1,O=C(O)c1ccc(Br)s1,['AM-I'],AM-I,0.9811887818092939,,86.64146731842891,56.83807248071089,62.3617593590684,,,,0.9811887818092939,0.9517384954407024,0.9694479766753996,0.9657941542258245,0.7252845445030609,0.9624508528583483,,,,,,,,,,,,
acylation,CN(C(=O)C1CC2(CC2)CN1C(=O)OC(C)(C)C)c1ccc(F)cc1,CNc1ccc(F)cc1,CC(C)(C)OC(=O)N1CC2(CC2)CC1C(=O)O,['AM-I'],AM-I,1,,87.24983594761159,56.83807248071089,70.51195003727157,,,,1,0.971057746979178,0.9662098618677867,0.9877969734432654,0.3512775734789083,0.9740474233950258,,,,,,,,,,,,
acylation,COc1ccc(N(C)C(=O)Cc2cc(F)cc(F)c2)cc1,CNc1ccc(OC)cc1,O=C(O)Cc1cc(F)cc(F)c1,['AM-I'],AM-I,1,,75.85085835836814,53.20398104327474,63.254901340215596,,,,1,0.8266807316465385,0.9628861310978022,0.9714239949038287,0.5852853021140021,0.9680618973593804,,,,,,,,,,,,
acylation,COc1ccc(N(C)C(=O)c2c(C)cc(C)cc2C)cc1,CNc1ccc(OC)cc1,Cc1cc(C)c(C(=O)O)c(C)c1,['AM-I'],AM-I,1,,88.31963318945184,53.20398104327474,68.05825361788008,,,,1,0.9562076847115738,0.9798333966373792,0.965397985402018,0.8453222509680881,0.9680763481420778,,,,,,,,,,,,
acylation,COc1ccc(N(C)C(=O)C(c2ccccc2)c2ccccc2)cc1,CNc1ccc(OC)cc1,O=C(O)C(c1ccccc1)c1ccccc1,"['AM-I', 'AM-III']","AM-I, AM-III",1,,85.84442968958953,53.20398104327474,70.5609086136408,,,,1,0.8983429133683338,1,0.981881824194413,0.8039232489892855,0.9794280382622036,,,,94.07133519550541,72.34273519356104,82.62082296370707,,,,,,
acylation,COc1ccc(N(C)C(=O)c2ccc3nc(C)ccc3c2)cc1,CNc1ccc(OC)cc1,Cc1ccc2cc(C(=O)O)ccc2n1,['AM-VI'],AM-VI,0.9629460565152484,,,,,,,,0.8471336312205361,0.8626030799329829,0.8237002805510953,0.9481127996148587,0.6721846112464193,0.9629460565152484,,,,,,,91.78317932582664,69.40420371968267,69.20822069165965,,,
acylation,COc1ccc(N(C)C(=O)c2cnccn2)cc1,CNc1ccc(OC)cc1,O=C(O)c1cnccn1,['AM-I'],AM-I,0.9076941449634416,,60.07171579193024,53.20398104327474,36.0630984576233,,,,0.9076941449634416,0.7666315466274117,0.7244949039385038,0.7038089395885896,0.6089448976317,0.8092504874737485,,,,,,,,,,,,
acylation,COc1ccc(N(C)C(=O)c2oc3ccccc3c2C)cc1,CNc1ccc(OC)cc1,Cc1c(C(=O)O)oc2ccccc12,['AM-I'],AM-I,1,,83.53197970066803,53.20398104327474,64.79332836878291,,,,1,0.8601234476909383,0.988402812668091,0.9527541529498246,0.6760374243785057,0.9822247838028034,,,,,,,,,,,,
acylation,COc1ccc(N(C)C(=O)c2cc(Cl)cc(Cl)n2)cc1,CNc1ccc(OC)cc1,O=C(O)c1cc(Cl)cc(Cl)n1,['AM-III'],AM-III,0.9782799309335315,,,,,,,,0.9751825106195805,0.8846478667140762,0.9782799309335315,0.9625942848535526,0.6314565308696779,0.9673544330080723,,,,93.10462871942647,72.34273519356104,76.7554566067229,,,,,,
acylation,CCN(C(=O)Cc1ccc(C)cc1)c1cccc(C)c1,CCNc1cccc(C)c1,Cc1ccc(CC(=O)O)cc1,['AM-III'],AM-III,1,,,,,,,,0.9794138036368022,0.9645001462270382,1,0.9674770674597805,0.4494741385154407,0.9980319184633765,,,,93.94301729054456,82.17998625040693,72.99738693024597,,,,,,
acylation,CCN(C(=O)COc1ccccc1)c1cccc(C)c1,CCNc1cccc(C)c1,O=C(O)COc1ccccc1,"['AM-I', 'AM-III', 'AM-VI']","AM-I, AM-III, AM-VI",1,,81.91611938348365,64.54341130908595,54.43219105475764,,,,1,0.9306603365877851,1,0.8950285185780074,0.7027706038885662,1,,,,92.59518467053311,82.17998625040693,69.89793949621811,91.38759692857573,75.6731726247478,61.571264671772205,,,
acylation,CCN(C(=O)Cc1ccc2c(c1)OCO2)c1cccc(C)c1,CCNc1cccc(C)c1,O=C(O)Cc1ccc2c(c1)OCO2,['AM-VI'],AM-VI,1,,,,,,,,0.9862905947209624,0.931257946937974,0.8272785714844217,0.828590164971762,0.6360642229582046,1,,,,,,,87.91226160394736,75.6731726247478,63.85206195671067,,,
acylation,CCN(C(=O)c1ncccn1)c1cccc(C)c1,CCNc1cccc(C)c1,O=C(O)c1ncccn1,['AM-III'],AM-III,0.9159052962069514,,,,,,,,0.7334251429140738,0.8331553109777882,0.9159052962069514,0.6740461750174086,0.6742137311707423,0.709975076781705,,,,75.40008643054341,82.17998625040693,51.68135916182672,,,,,,
acylation,CCN(C(=O)c1ccc([N+](=O)[O-])s1)c1cccc(C)c1,CCNc1cccc(C)c1,O=C(O)c1ccc([N+](=O)[O-])s1,"['AM-III', 'AM-VI']","AM-III, AM-VI",1,,,,,,,,0.9781374758158293,0.9721302724952396,1,0.8500297082578319,0.39608547212654177,1,,,,91.74772364947549,82.17998625040693,70.7167413647307,86.02241464843833,75.6731726247478,63.54785071624528,,,
acylation,CCN(C(=O)c1oc2ccccc2c1C)c1cccc(C)c1,CCNc1cccc(C)c1,Cc1c(C(=O)O)oc2ccccc12,['AM-VI'],AM-VI,1,,,,,,,,0.9526510663403515,0.9441199308347812,0.9729478078662172,0.9612858388837224,0.5465251072131998,1,,,,,,,93.48811430414467,75.6731726247478,64.62759508813659,,,
acylation,CCN(C(=O)Cc1ccc(C)cc1)c1ccccc1,CCNc1ccccc1,Cc1ccc(CC(=O)O)cc1,['AM-III'],AM-III,0.9888427727805936,,,,,,,,0.9614296347138296,0.9531823778568,0.9888427727805936,0.9614701268647976,0.549129841981953,0.9792601576522544,,,,91.58191063901378,79.64098054150735,72.99738693024597,,,,,,
acylation,CCN(C(=O)c1ccc2nc(C)ccc2c1)c1ccccc1,CCNc1ccccc1,Cc1ccc2cc(C(=O)O)ccc2n1,['AM-III'],AM-III,1,,,,,,,,0.7691762807607359,0.9663401316917559,1,0.75220588726075,0.712971176877897,0.9705588449678686,,,,69.96066164563337,79.64098054150735,46.05294130417722,,,,,,
acylation,CC1CCCN(C(=O)c2cc(Cl)cc(Cl)n2)C1,CC1CCCNC1,O=C(O)c1cc(Cl)cc(Cl)n1,['AM-III'],AM-III,1,,,,,,,,0.9741488504424941,0.9840373917335604,1,0.9489457548946308,0.5340109384983751,0.9630654404371725,,,,88.1306901758785,65.364837585353,76.7554566067229,,,,,,
acylation,Cc1ccc(CC(=O)N2CCC(N3CCCCC3)CC2)cc1,C1CCN(C2CCNCC2)CC1,Cc1ccc(CC(=O)O)cc1,['AM-III'],AM-III,0.9757274856046521,,,,,,,,0.7654641468119572,0.8274709656172705,0.9757274856046521,0.6901513773144231,0.706354948440657,0.9631899286810006,,,,83.85630075319926,69.12374197054346,72.99738693024597,,,,,,
acylation,Cc1cc(C)c(C(=O)N2CCCC3CCCCC32)c(C)c1,C1CCC2NCCCC2C1,Cc1cc(C)c(C(=O)O)c(C)c1,['AM-II'],AM-II,0.9885040345161181,,,,,73.59356281319161,50.97196152270583,57.84750710128446,0.9743120702891301,0.9885040345161181,0.9655321064032325,0.9786935767863432,0.8577140162603678,0.9674528388676843,,,,,,,,,,,,
acylation,CCCN(C)C(=O)Cc1ccc2c(c1)OCO2,CCCNC,O=C(O)Cc1ccc2c(c1)OCO2,['AM-I'],AM-I,1,,70.58126267272114,44.435285107445694,58.07690940465211,,,,1,0.8292792123610977,0.8405801706508207,0.7958884896933938,0.6379535035983552,0.9720367254026864,,,,,,,,,,,,
acylation,CCCN(C)C(=O)C(c1ccccc1)c1ccccc1,CCCNC,O=C(O)C(c1ccccc1)c1ccccc1,['AM-I'],AM-I,1,,86.34105624237412,44.435285107445694,70.5609086136408,,,,1,0.8490422613088795,0.9552893441874992,0.8548828309764035,0.8525885768778942,0.9928801249932377,,,,,,,,,,,,
acylation,CC1COCCN1C(=O)C(c1ccccc1)c1ccccc1,CC1COCCN1,O=C(O)C(c1ccccc1)c1ccccc1,['AM-VI'],AM-VI,0.997589639621557,,,,,,,,0.8441319897562312,0.6475642978132503,0.7261868763498911,0.9111879836514201,0.9692416979165998,0.997589639621557,,,,,,,89.08176793215974,65.0890072367003,73.51630561078224,,,
acylation,CON(C)C(=O)c1cccc(-c2ccccc2)c1,CNOC,O=C(O)c1cccc(-c2ccccc2)c1,['AM-VI'],AM-VI,1,,,,,,,,0.681887165325191,0.6277783746103833,0.8047409427992716,0.8757913404205262,0.9361618409709181,1,,,,,,,88.14783896998561,60.118103394352076,74.53511197522684,,,
acylation,CON(C)C(=O)c1cc2ccccc2s1,CNOC,O=C(O)c1cc2ccccc2s1,['AM-VI'],AM-VI,1,,,,,,,,0.8077520596997431,0.6843571644148525,0.7769955657046769,0.8205790120347989,0.8778284261324342,1,,,,,,,82.2000499516292,60.118103394352076,69.40304279670542,,,
acylation,CON(C)C(=O)C1C(C)(C)C1(C)C,CNOC,CC1(C)C(C(=O)O)C1(C)C,['AM-VI'],AM-VI,1,,,,,,,,0.9577765649288706,0.6189088544875745,0.819250667826972,0.8709013002751063,0.7821409734758606,1,,,,,,,81.70274925804752,60.118103394352076,70.54198182178438,,,
acylation,CON(C)C(=O)C1C[C@H]1c1ccccc1,CNOC,O=C(O)C1C[C@H]1c1ccccc1,['AM-VI'],AM-VI,1,,,,,,,,0.6433194464732028,0.6189659712121383,0.8638506429897339,0.875785025307205,0.7510134083785986,1,,,,,,,80.45376499182211,60.118103394352076,69.23428510065658,,,
acylation,CON(C)C(=O)c1ccc(F)cn1,CNOC,O=C(O)c1ccc(F)cn1,['AM-I'],AM-I,0.9673826827802415,,49.71716620549577,33.3337284610831,41.34732591501349,,,,0.9673826827802415,0.6163625152618681,0.8894657486750773,0.7771027157461543,0.32892769488819085,0.963532697845939,,,,,,,,,,,,
acylation,CON(C)C(=O)c1cc(Cl)cc(Cl)n1,CNOC,O=C(O)c1cc(Cl)cc(Cl)n1,['AM-VI'],AM-VI,1,,,,,,,,0.9273168717387066,0.6735615868185563,0.8901429323616589,0.8491971691826457,0.6480617691417837,1,,,,,,,83.77816161509543,60.118103394352076,70.64761700240065,,,
acylation,CON(C)C(=O)c1c[nH]c2ncccc12,CNOC,O=C(O)c1c[nH]c2ncccc12,['AM-I'],AM-I,0.9750252090345668,,47.21326137848338,33.3337284610831,37.718387090671044,,,,0.9750252090345668,0.6270679652672385,0.8424392007937258,0.8197685706215738,0.504119431711995,0.7090492315957557,,,,,,,,,,,,
acylation,CON(C)C(=O)c1ccccc1,CNOC,O=C(O)c1ccccc1,['AM-VI'],AM-VI,0.9724536500349933,,,,,,,,0.8098174112383181,0.6593901334775258,0.8238087290400598,0.8417170016985381,0.8310902689437132,0.9724536500349933,,,,,,,75.32824373313284,60.118103394352076,62.57309064266649,,,
acylation,CON(C)C(=O)C(C)c1ccc(CC2CCCC2=O)cc1,CNOC,CC(C(=O)O)c1ccc(CC2CCCC2=O)cc1,['AM-VI'],AM-VI,1,,,,,,,,0.8241824695404218,0.6132741390378141,0.8146704891758211,0.7942782743277912,0.7906488497487083,1,,,,,,,85.05871878940953,60.118103394352076,73.30375063528308,,,
acylation,CON(C)C(=O)c1ccc(-c2ccccc2)cc1,CNOC,O=C(O)c1ccc(-c2ccccc2)cc1,['AM-VI'],AM-VI,1,,,,,,,,0.7274200657031387,0.6326163406255829,0.7799429809567425,0.8316246040742503,0.9241815345270852,1,,,,,,,86.94097420149235,60.118103394352076,72.71001030796604,,,
acylation,CON(C)C(=O)c1ccnc(C(F)(F)F)c1,CNOC,O=C(O)c1ccnc(C(F)(F)F)c1,['AM-VI'],AM-VI,0.9755453946619062,,,,,,,,0.760367607070007,0.6334831736544478,0.9041212845780412,0.8574624450346545,0.7386208925912359,0.9755453946619062,,,,,,,76.0948184895277,60.118103394352076,63.30768916602098,,,
acylation,Cc1ccc(CC(=O)NS(=O)(=O)c2cc(F)cc(F)c2)cc1,NS(=O)(=O)c1cc(F)cc(F)c1,Cc1ccc(CC(=O)O)cc1,['AM-I'],AM-I,1,,69.55064063034013,48.080475664063904,59.34774039700491,,,,1,0.7714343597637067,0.9812172104463465,0.7850661952263528,0.6924426041344519,0.8702229620200241,,,,,,,,,,,,
acylation,O=C(NS(=O)(=O)c1cc(F)cc(F)c1)C1c2ccccc2Oc2ccccc21,NS(=O)(=O)c1cc(F)cc(F)c1,O=C(O)C1c2ccccc2Oc2ccccc21,['AM-III'],AM-III,1,,,,,,,,0.7981876871616618,0.7657053593111971,1,0.6131010343503045,0.7960147223601699,0.8293293118516152,,,,90.36526050258243,67.9643120839776,81.09700408858345,,,,,,
acylation,COC(=O)c1cc(S(=O)(=O)NC(=O)Cc2ccc(C)cc2)ccc1OC,COC(=O)c1cc(S(N)(=O)=O)ccc1OC,Cc1ccc(CC(=O)O)cc1,['AM-III'],AM-III,0.9931032557568709,,,,,,,,0.9636411168710736,0.7044512030501564,0.9931032557568709,0.7606190402010314,0.6293564155327497,0.8956719241126276,,,,84.40754080415931,65.45397931439484,72.99738693024597,,,,,,
acylation,COC(=O)c1cc(S(=O)(=O)NC(=O)c2cc(F)ccc2C)ccc1OC,COC(=O)c1cc(S(N)(=O)=O)ccc1OC,Cc1ccc(F)cc1C(=O)O,['AM-III'],AM-III,0.9770790266502581,,,,,,,,0.9700467398069371,0.7990139508797073,0.9770790266502581,0.8990266165291091,0.7371448184086539,0.9141387074776955,,,,84.69367706829095,65.45397931439484,69.61306974292935,,,,,,
acylation,COc1ccc(S(=O)(=O)NC(=O)c2cc(F)ccc2C)cc1,COc1ccc(S(N)(=O)=O)cc1,Cc1ccc(F)cc1C(=O)O,['AM-I'],AM-I,1,,68.3318536495128,48.799858276794744,58.163981278457314,,,,1,0.8340402885344659,0.9852724383974121,0.8698904694483294,0.8592572323674844,0.8346238668965691,,,,,,,,,,,,
acylation,Cc1ccc(CC(=O)Nc2ccccc2C)cc1,Cc1ccccc1N,Cc1ccc(CC(=O)O)cc1,['AM-I'],AM-I,1,,74.79081961482287,49.33401855605694,59.34774039700491,,,,1,0.8570638276755775,0.9650512092084144,0.9671206884045076,0.6643765447886891,0.9476708043857371,,,,,,,,,,,,
acylation,Cc1ccc(C(=O)Nc2ccccc2C)cc1F,Cc1ccccc1N,Cc1ccc(C(=O)O)cc1F,['AM-I'],AM-I,1,,78.14863914439127,49.33401855605694,59.51025939621711,,,,1,0.8021158617370379,0.962046103347662,0.9534736419606806,0.8156956683928471,0.9803252111193074,,,,,,,,,,,,
acylation,Cc1ccccc1NC(=O)C1c2ccccc2Oc2ccccc21,Cc1ccccc1N,O=C(O)C1c2ccccc2Oc2ccccc21,"['AM-I', 'AM-III', 'AM-VI']","AM-I, AM-III, AM-VI",1,,86.70549605472974,49.33401855605694,77.40556674913049,,,,1,0.9400054762506806,1,0.9829907138711733,0.7724999047127595,1,,,,99.60285996846741,71.37857154542885,81.09700408858345,89.45067223405654,65.27632779198322,76.53784985228404,,,
acylation,COc1ncc(Br)cc1C(=O)Nc1ccccc1C,Cc1ccccc1N,COc1ncc(Br)cc1C(=O)O,"['AM-I', 'AM-III']","AM-I, AM-III",1,,83.11567447599631,49.33401855605694,63.03119071001732,,,,1,0.9855297590336365,1,0.9704544858949242,0.6647848337296219,0.9670958255938715,,,,103.00926993766208,71.37857154542885,82.05127208959969,,,,,,
acylation,Cc1ccccc1NC(=O)c1ccc2nccnc2c1,Cc1ccccc1N,O=C(O)c1ccc2nccnc2c1,['AM-III'],AM-III,1,,,,,,,,0.9594872146348918,0.6429618079251952,1,0.9282330629254633,0.6779851265687576,0.8421657716840719,,,,80.8236704225145,71.37857154542885,57.40002573103209,,,,,,
acylation,Cc1ccccc1NC(=O)c1ccco1,Cc1ccccc1N,O=C(O)c1ccco1,['AM-III'],AM-III,1,,,,,,,,0.9720999179409455,0.7277321642567827,1,0.8479307343840428,0.7943565542501493,0.8820774645956919,,,,82.50556972119219,71.37857154542885,60.180959325346294,,,,,,
acylation,Cc1ccccc1NC(=O)c1ccc(C)c2ccccc12,Cc1ccccc1N,Cc1ccc(C(=O)O)c2ccccc12,['AM-I'],AM-I,1,,83.81164197372708,49.33401855605694,68.44049961296436,,,,1,0.8379810276794721,0.999222944284369,0.9655678416469855,0.9189684531082677,0.9814529625518255,,,,,,,,,,,,
acylation,Cc1ccccc1NC(=O)c1ccc2c(c1)OC(F)(F)O2,Cc1ccccc1N,O=C(O)c1ccc2c(c1)OC(F)(F)O2,['AM-I'],AM-I,1,,80.39816908349954,49.33401855605694,63.671187257361424,,,,1,0.9406252830293013,0.976159467540405,0.9517298401062547,0.7218339315741025,0.9723595049397183,,,,,,,,,,,,
acylation,Cc1ccc(NC(=O)c2ccco2)c(C)c1,Cc1ccc(N)c(C)c1,O=C(O)c1ccco1,"['AM-I', 'AM-III']","AM-I, AM-III",1,,74.65447743454783,54.935291406830935,45.48995372057021,,,,1,0.7458498197648049,1,0.7880921628664473,0.7760531890711888,0.8411190778706056,,,,84.75036340026033,74.67956713920822,60.180959325346294,,,,,,
acylation,Cc1ccc(NC(=O)c2ccc(C)c3ccccc23)c(C)c1,Cc1ccc(N)c(C)c1,Cc1ccc(C(=O)O)c2ccccc12,['AM-I'],AM-I,1,,88.22740494076126,54.935291406830935,68.44049961296436,,,,1,0.911257532578687,0.9835932302986713,0.9632139645535135,0.8905662474537859,0.9646763676515187,,,,,,,,,,,,
acylation,Cc1cccc(NC(=O)C2c3ccccc3Oc3ccccc32)c1C,Cc1cccc(N)c1C,O=C(O)C1c2ccccc2Oc2ccccc21,['AM-I'],AM-I,1,,88.97358726931498,54.39528241942871,77.40556674913049,,,,1,0.9559355349986169,0.985399422903047,0.9633394620541255,0.6504210253101674,0.9994000928773242,,,,,,,,,,,,
acylation,Cc1cccc(NC(=O)c2ccc3nccnc3c2)c1C,Cc1cccc(N)c1C,O=C(O)c1ccc2nccnc2c1,['AM-III'],AM-III,1,,,,,,,,0.9868750061033538,0.6609744196234253,1,0.9021011750666997,0.6696701269351633,0.8469792946944246,,,,86.11204841083173,75.18064597145991,57.40002573103209,,,,,,
acylation,Cc1cccc(NC(=O)c2ccc3c(c2)OC(F)(F)O3)c1C,Cc1cccc(N)c1C,O=C(O)c1ccc2c(c1)OC(F)(F)O2,['AM-I'],AM-I,1,,84.00987871123937,54.39528241942871,63.671187257361424,,,,1,0.959768642391621,0.9941617138757792,0.9713810919233026,0.5997550521715105,0.9622414073275611,,,,,,,,,,,,
acylation,COC(=O)c1ccc(NC(=O)c2ccc3c(c2)OC(F)(F)O3)cc1OC,COC(=O)c1ccc(N)cc1OC,O=C(O)c1ccc2c(c1)OC(F)(F)O2,['AM-I'],AM-I,1,,77.16818503935392,51.11969947562881,63.671187257361424,,,,1,0.9062078738715797,0.9683839550920587,0.8781835318194283,0.7052618096396541,0.9697195383485635,,,,,,,,,,,,
acylation,C#Cc1cccc(NC(=O)Cc2ccc(C)cc2)c1,C#Cc1cccc(N)c1,Cc1ccc(CC(=O)O)cc1,['AM-I'],AM-I,1,,74.97106157894002,45.618334105028254,59.34774039700491,,,,1,0.9390834170552942,0.9685066172558475,0.8164434126580026,0.5940209183437084,0.9682973610669938,,,,,,,,,,,,
acylation,C#Cc1cccc(NC(=O)c2ccc3nc(C)ccc3c2)c1,C#Cc1cccc(N)c1,Cc1ccc2cc(C(=O)O)ccc2n1,['AM-I'],AM-I,1,,55.86379178142353,45.618334105028254,33.733753307109225,,,,1,0.7178758233647078,0.9291644007757519,0.658743166719288,0.6569271103948494,0.9769986737513796,,,,,,,,,,,,
acylation,C#Cc1cccc(NC(=O)c2cc(OC)c(OC)c(OC)c2)c1,C#Cc1cccc(N)c1,COc1cc(C(=O)O)cc(OC)c1OC,['AM-I'],AM-I,1,,68.58917983637889,45.618334105028254,55.55222786590294,,,,1,0.8401811152154668,0.9630952570566708,0.8262013014801928,0.7097567612118765,0.8724378587610424,,,,,,,,,,,,
acylation,COc1cc(C(=O)Nc2cc(-n3cnc(C)c3)cc(C(F)(F)F)c2)cc(OC)c1OC,Cc1cn(-c2cc(N)cc(C(F)(F)F)c2)cn1,COc1cc(C(=O)O)cc(OC)c1OC,['AM-III'],AM-III,1,,,,,,,,0.8744751277399896,0.44007845355720265,1,0.6795646836355647,0.7043076938635315,0.9446378932719787,,,,92.02131685490522,80.79211644329621,69.4430710754421,,,,,,
acylation,COC(=O)c1ccc(NC(=O)c2ccc(Br)s2)cc1,COC(=O)c1ccc(N)cc1,O=C(O)c1ccc(Br)s1,['AM-I'],AM-I,1,,78.14943466915227,49.54369314061691,62.3617593590684,,,,1,0.9072190797949072,0.9906108051670006,0.9517969228557077,0.7655256405415021,0.9899441417933963,,,,,,,,,,,,
acylation,COC(=O)c1ccc(NC(=O)c2ccc(C)c3ccccc23)cc1,COC(=O)c1ccc(N)cc1,Cc1ccc(C(=O)O)c2ccccc12,"['AM-I', 'AM-III']","AM-I, AM-III",1,,82.99870216651577,49.54369314061691,68.44049961296436,,,,1,0.8647074700892603,1,0.9660022680921411,0.985896639876068,0.9771985695032084,,,,95.02669880252805,68.56642454371524,80.21445737828759,,,,,,
acylation,COC(=O)c1ccc(NC(=O)c2ccc3c(c2)OC(F)(F)O3)cc1,COC(=O)c1ccc(N)cc1,O=C(O)c1ccc2c(c1)OC(F)(F)O2,['AM-I'],AM-I,1,,79.61554931761138,49.54369314061691,63.671187257361424,,,,1,0.939586266290036,0.96284437757017,0.9513019889363034,0.6960421717482739,0.9681051118911013,,,,,,,,,,,,
acylation,COC(=O)c1ccc(NC(=O)C(C)NC(=O)OCc2ccccc2)cc1,COC(=O)c1ccc(N)cc1,CC(NC(=O)OCc1ccccc1)C(=O)O,['AM-I'],AM-I,1,,74.43481983751704,49.54369314061691,59.92839789675368,,,,1,0.8433458148803243,0.9715325461125323,0.9167217671349202,0.6434835868553598,0.8345845185982244,,,,,,,,,,,,
acylation,Cn1c(NC(=O)C2c3ccccc3Oc3ccccc32)nc2ccccc21,Cn1c(N)nc2ccccc21,O=C(O)C1c2ccccc2Oc2ccccc21,['AM-I'],AM-I,1,,66.54879070454065,34.02222694933256,77.40556674913049,,,,1,0.795412571273141,0.6988543173529284,0.6978888101996377,0.9755687469556573,0.8956796955303923,,,,,,,,,,,,
acylation,Cn1c(NC(=O)c2cc(C(C)(C)C)cc(C(C)(C)C)c2)nc2ccccc21,Cn1c(N)nc2ccccc21,CC(C)(C)c1cc(C(=O)O)cc(C(C)(C)C)c1,"['AM-I', 'AM-V']","AM-I, AM-V",1,,77.3890716777195,34.02222694933256,90.48525133263509,,,,1,0.8755938652013666,0.7777077334694706,0.7366553811132842,1,0.8204992843384715,,,,,,,,,,71.50159458980791,60.19057223357552,90.0468353241839
acylation,O=C(COc1ccccc1)Nc1cc(C(F)(F)F)ccc1C(F)(F)F,Nc1cc(C(F)(F)F)ccc1C(F)(F)F,O=C(O)COc1ccccc1,"['AM-I', 'AM-III']","AM-I, AM-III",1,,87.31991493236288,76.57804306760573,54.43219105475764,,,,1,0.9735675697366292,1,0.6742003771147764,0.5805161752704378,0.8447291213061353,,,,106.85863858989386,92.08724852679521,69.89793949621811,,,,,,
acylation,O=C(Nc1cc(C(F)(F)F)ccc1C(F)(F)F)c1ccc(C(F)(F)F)cn1,Nc1cc(C(F)(F)F)ccc1C(F)(F)F,O=C(O)c1ccc(C(F)(F)F)cn1,"['AM-I', 'AM-III']","AM-I, AM-III",1,,90.77340212180454,76.57804306760573,52.09007174565476,,,,1,0.9865548911353449,1,0.6966290999357667,0.6182321582358609,0.9540182732748257,,,,114.78098196905462,92.08724852679521,77.40276652894158,,,,,,
acylation,COc1ncc(Br)cc1C(=O)Nc1cc(C(F)(F)F)ccc1C(F)(F)F,Nc1cc(C(F)(F)F)ccc1C(F)(F)F,COc1ncc(Br)cc1C(=O)O,"['AM-I', 'AM-III', 'AM-VI']","AM-I, AM-III, AM-VI",1,,91.83501607712935,76.57804306760573,63.03119071001732,,,,1,0.9740422421461715,1,0.912365930163676,0.7091108260625747,1,,,,117.9739752420279,92.08724852679521,82.05127208959969,89.4248920817632,80.27783112299684,66.4582959530871,,,
acylation,COc1ccc(CC(=O)Nc2ccc(Cl)cc2)cc1,Nc1ccc(Cl)cc1,COc1ccc(CC(=O)O)cc1,['AM-III'],AM-III,0.9981981355624299,,,,,,,,0.9619079881067594,0.8818715960280527,0.9981981355624299,0.9580937652255944,0.7789542829481455,0.9932323882017914,,,,89.30993691208099,76.97197337913909,68.3525271483539,,,,,,
acylation,O=C(Nc1ccc(Cl)cc1)c1ccc(C(F)(F)F)cn1,Nc1ccc(Cl)cc1,O=C(O)c1ccc(C(F)(F)F)cn1,['AM-I'],AM-I,0.9881784313612936,,78.28581608705285,58.90544586122182,52.09007174565476,,,,0.9881784313612936,0.9521332923734465,0.9594261039289891,0.8136426654761333,0.7498625596138815,0.9093070637015424,,,,,,,,,,,,
acylation,COc1cc(C(=O)Nc2ccc(Cl)cc2)cc(OC)c1OC,Nc1ccc(Cl)cc1,COc1cc(C(=O)O)cc(OC)c1OC,['AM-III'],AM-III,0.9930345753015956,,,,,,,,0.9694438203209896,0.9076247501677874,0.9930345753015956,0.9411492327736526,0.6777592640847466,0.8488556090687089,,,,93.42414090094073,76.97197337913909,69.4430710754421,,,,,,
acylation,O=C(Cc1ccc2c(c1)OCO2)Nc1ccc(Cl)cc1,Nc1ccc(Cl)cc1,O=C(O)Cc1ccc2c(c1)OCO2,['AM-III'],AM-III,1,,,,,,,,0.9557821236827365,0.8702895373085855,1,0.9346709301520056,0.7318719529772166,0.9095989949637265,,,,88.67026511079084,76.97197337913909,67.25061373059825,,,,,,
acylation,Cc1ccc(CC(=O)Nc2cc([N+](=O)[O-])ccc2C)cc1,Cc1ccc([N+](=O)[O-])cc1N,Cc1ccc(CC(=O)O)cc1,['AM-III'],AM-III,0.9645095016536868,,,,,,,,0.9564608182776904,0.862031635471371,0.9645095016536868,0.9438703328479432,0.6930629596552267,0.8844315374569949,,,,94.38281106695126,74.50179367950462,72.99738693024597,,,,,,
acylation,COc1ccc(CC(=O)Nc2cc([N+](=O)[O-])ccc2C)cc1,Cc1ccc([N+](=O)[O-])cc1N,COc1ccc(CC(=O)O)cc1,['AM-III'],AM-III,0.9865022089543121,,,,,,,,0.9591392398278952,0.7771476342040275,0.9865022089543121,0.8399870294309841,0.6208224819854236,0.9028775951596402,,,,87.9004986030504,74.50179367950462,68.3525271483539,,,,,,
acylation,Cc1cc(C(=O)Nc2cc([N+](=O)[O-])ccc2C)cc(Cl)n1,Cc1ccc([N+](=O)[O-])cc1N,Cc1cc(C(=O)O)cc(Cl)n1,['AM-III'],AM-III,0.9973343035015757,,,,,,,,0.9717313402057133,0.7936990881466626,0.9973343035015757,0.7710391410063352,0.5341006100996237,0.9729923239175076,,,,94.21541820442401,74.50179367950462,66.06478877997182,,,,,,
acylation,Cc1ccc([N+](=O)[O-])cc1NC(=O)c1ccco1,Cc1ccc([N+](=O)[O-])cc1N,O=C(O)c1ccco1,['AM-I'],AM-I,1,,71.79887325079255,58.39378117928773,45.48995372057021,,,,1,0.6266687145505725,0.9681692263321428,0.7241916634890716,0.6861386225064043,0.8716295213344855,,,,,,,,,,,,
acylation,Cc1ccc([N+](=O)[O-])cc1NC(=O)c1ccc2c(c1)OC(F)(F)O2,Cc1ccc([N+](=O)[O-])cc1N,O=C(O)c1ccc2c(c1)OC(F)(F)O2,['AM-III'],AM-III,0.9909474511297788,,,,,,,,0.9798560934960698,0.8801488319640777,0.9909474511297788,0.8437279348988238,0.7655610777822722,0.9756671329123345,,,,90.71369628337166,74.50179367950462,67.41369200089534,,,,,,
acylation,Cc1ccc([N+](=O)[O-])cc1NC(=O)C(C)c1ccc(-c2ccccc2)c(F)c1,Cc1ccc([N+](=O)[O-])cc1N,CC(C(=O)O)c1ccc(-c2ccccc2)c(F)c1,['AM-III'],AM-III,1,,,,,,,,0.7723129604108183,0.7330257363347823,1,0.8314996224472061,0.8379524152829635,0.8524902313117212,,,,104.57807145786754,74.50179367950462,86.58994241666517,,,,,,
acylation,Cc1ccc([N+](=O)[O-])cc1NC(=O)c1cc(C(C)(C)C)cc(C(C)(C)C)c1,Cc1ccc([N+](=O)[O-])cc1N,CC(C)(C)c1cc(C(=O)O)cc(C(C)(C)C)c1,['AM-III'],AM-III,1,,,,,,,,0.7497066124133547,0.7759557227044556,1,0.8410585774096562,0.9112991164233911,0.9571631198096999,,,,116.48895680521943,74.50179367950462,95.87284502750377,,,,,,
acylation,Cc1ccc([N+](=O)[O-])cc1NC(=O)c1ccc(C)c2ccccc12,Cc1ccc([N+](=O)[O-])cc1N,Cc1ccc(C(=O)O)c2ccccc12,['AM-I'],AM-I,1,,78.51245430753589,58.39378117928773,68.44049961296436,,,,1,0.9219885538914221,0.9844349606949951,0.9005655224897688,0.9605625548317975,0.9847605905244416,,,,,,,,,,,,
acylation,Cc1ccc([N+](=O)[O-])cc1NC(=O)c1cnc(Cl)nc1,Cc1ccc([N+](=O)[O-])cc1N,O=C(O)c1cnc(Cl)nc1,"['AM-I', 'AM-III']","AM-I, AM-III",1,,69.76388622706853,58.39378117928773,49.16287550721641,,,,1,0.7783918331188397,1,0.8383499036659721,0.43177664076633027,0.8899333034773376,,,,89.37358594473656,74.50179367950462,64.13087670219745,,,,,,
acylation,O=C(Nc1ccc2nccnc2c1)c1ccnc(C(F)(F)F)c1,Nc1ccc2nccnc2c1,O=C(O)c1ccnc(C(F)(F)F)c1,['AM-I'],AM-I,1,,67.28489424306142,39.33421761511118,55.724576262287336,,,,1,0.7128871504923129,0.9290925698760732,0.8261568197774724,0.7939313699824619,0.9737385104913632,,,,,,,,,,,,
acylation,COc1ccc(NC(=O)Cc2ccc(C)cc2)cc1C,COc1ccc(N)cc1C,Cc1ccc(CC(=O)O)cc1,['AM-I'],AM-I,1,,78.31631909139337,48.90670580083386,59.34774039700491,,,,1,0.9075509669186161,0.961408600678151,0.944367058799418,0.6632489330803608,0.9691291340307043,,,,,,,,,,,,
acylation,COc1ccc(NC(=O)c2cnccn2)cc1C,COc1ccc(N)cc1C,O=C(O)c1cnccn1,['AM-I'],AM-I,1,,60.031420417376964,48.90670580083386,36.0630984576233,,,,1,0.7948137258537242,0.6917110154257571,0.717533224826757,0.7538188704433313,0.7818802039312913,,,,,,,,,,,,
acylation,COc1ccc(NC(=O)c2cc(Br)cnc2OC)cc1C,COc1ccc(N)cc1C,COc1ncc(Br)cc1C(=O)O,"['AM-I', 'AM-III']","AM-I, AM-III",1,,82.02592426279271,48.90670580083386,63.03119071001732,,,,1,0.9840880081790929,1,0.9680438524362879,0.43737093291139295,0.972001578663543,,,,96.2298754392688,72.14789046702047,82.05127208959969,,,,,,
acylation,COc1ccc(NC(=O)c2cc3ccccc3s2)cc1C,COc1ccc(N)cc1C,O=C(O)c1cc2ccccc2s1,['AM-I'],AM-I,1,,83.26278671655216,48.90670580083386,65.58910738472012,,,,1,0.9806170009309472,0.98228906317265,0.9526428253707901,0.6746892890495824,0.9646345612506756,,,,,,,,,,,,
acylation,COc1ccc(NC(=O)c2ccnc(C(F)(F)F)c2)cc1C,COc1ccc(N)cc1C,O=C(O)c1ccnc(C(F)(F)F)c1,['AM-I'],AM-I,0.9881919397264798,,76.34007178179922,48.90670580083386,55.724576262287336,,,,0.9881919397264798,0.957106756538284,0.9858073867911143,0.7519902006673128,0.6589009503282971,0.985261708238737,,,,,,,,,,,,
acylation,COc1ccc(NC(=O)c2ccc(C)c3ccccc23)cc1C,COc1ccc(N)cc1C,Cc1ccc(C(=O)O)c2ccccc12,['AM-I'],AM-I,1,,84.9179202703298,48.90670580083386,68.44049961296436,,,,1,0.8379599561123161,0.9955803357541056,0.9527600938342715,0.9112588358643331,0.9665979825368352,,,,,,,,,,,,
acylation,CCOC(=O)c1cccc(NC(=O)c2ccc(C)c3ccccc23)c1,CCOC(=O)c1cccc(N)c1,Cc1ccc(C(=O)O)c2ccccc12,"['AM-I', 'AM-III']","AM-I, AM-III",1,,87.89563745030395,52.90456425927918,68.44049961296436,,,,1,0.9381758762555451,1,0.9606326964190539,0.8873769711689904,0.9631593497338694,,,,95.87023731428442,70.56444115879358,80.21445737828759,,,,,,
acylation,COc1ccc(NC(=O)c2ccc(C(F)(F)F)cn2)cc1,COc1ccc(N)cc1,O=C(O)c1ccc(C(F)(F)F)cn1,['AM-III'],AM-III,0.9912348784346287,,,,,,,,0.9783058236683579,0.980977019809075,0.9912348784346287,0.8433869922930082,0.7414648437623166,0.9428659474784088,,,,93.22896098862644,70.25396020354802,77.40276652894158,,,,,,
acylation,COc1ccc(NC(=O)c2cc3ccccc3s2)cc1,COc1ccc(N)cc1,O=C(O)c1cc2ccccc2s1,['AM-I'],AM-I,1,,78.73583556780736,47.09915553174221,65.58910738472012,,,,1,0.8096732153738742,0.9912565360110612,0.9684961929958691,0.7822053884457612,0.9755775937165346,,,,,,,,,,,,
acylation,COc1ccc(NC(=O)c2ccnc(C(F)(F)F)c2)cc1,COc1ccc(N)cc1,O=C(O)c1ccnc(C(F)(F)F)c1,['AM-I'],AM-I,0.9979730559012182,,72.33178809154964,47.09915553174221,55.724576262287336,,,,0.9979730559012182,0.9015486982645546,0.9820188847722472,0.833230190809177,0.6712261611016042,0.974318675772878,,,,,,,,,,,,
acylation,COc1ccc(NC(=O)c2c(C)cccc2C)cc1,COc1ccc(N)cc1,Cc1cccc(C)c1C(=O)O,['AM-I'],AM-I,1,,74.0311547957313,47.09915553174221,59.840545326686154,,,,1,0.7211242371671487,0.9659987801821209,0.9584219770279756,0.7768400201750449,0.9673266519853702,,,,,,,,,,,,
acylation,COc1ccc(NC(=O)C(C)(C)c2ccccc2)cc1,COc1ccc(N)cc1,CC(C)(C(=O)O)c1ccccc1,['AM-I'],AM-I,1,,78.44410734469855,47.09915553174221,63.380856167868835,,,,1,0.895261506271291,0.9834653662740762,0.9482688359681801,0.6686270913956056,0.9819088261325014,,,,,,,,,,,,
acylation,COc1ccc(NC(=O)c2cc(C)cc(C)c2)cc1,COc1ccc(N)cc1,Cc1cc(C)cc(C(=O)O)c1,['AM-I'],AM-I,1,,76.99977191801878,47.09915553174221,65.764050401661,,,,1,0.837875254337535,0.979371717795989,0.9603316975508176,0.8788313557243501,0.9733896623901069,,,,,,,,,,,,
acylation,COc1ccc(NC(=O)c2ccc(C)c(F)c2)cc1,COc1ccc(N)cc1,Cc1ccc(C(=O)O)cc1F,['AM-I'],AM-I,1,,72.5592139759625,47.09915553174221,59.51025939621711,,,,1,0.8100776796003042,0.96737096765581,0.9674275022639333,0.8370596091690021,0.9764132635701761,,,,,,,,,,,,
acylation,COc1ccc(NC(=O)c2ccc([N+](=O)[O-])s2)cc1,COc1ccc(N)cc1,O=C(O)c1ccc([N+](=O)[O-])s1,['AM-I'],AM-I,1,,74.41604193204842,47.09915553174221,59.5836057783207,,,,1,0.8419803330690941,0.9595775623162058,0.9577642017346831,0.7145995962444399,0.9009136164073137,,,,,,,,,,,,
acylation,Cc1ccc2cccc(NC(=O)COc3ccccc3)c2n1,Cc1ccc2cccc(N)c2n1,O=C(O)COc1ccccc1,['AM-I'],AM-I,1,,65.39948642801767,34.985531910256626,54.43219105475764,,,,1,0.995549474541849,0.9860738966502858,0.7561472607398043,0.7526381893289198,0.9077258744165808,,,,,,,,,,,,
acylation,Cc1ccc2cccc(NC(=O)c3c(C)cccc3C)c2n1,Cc1ccc2cccc(N)c2n1,Cc1cccc(C)c1C(=O)O,"['AM-I', 'AM-II', 'AM-V']","AM-I, AM-II, AM-V",1,,70.74634578956505,34.985531910256626,59.840545326686154,64.12141482596276,44.470166065462045,54.78381215565445,1,1,0.9757757759978528,0.8989821267650223,1,0.9633107150089847,,,,,,,,,,70.22541517982512,59.88756604439956,81.33252259098502
acylation,Cc1cc(C)c(C(=O)Nc2cccc3ccc(C)nc23)c(C)c1,Cc1ccc2cccc(N)c2n1,Cc1cc(C)c(C(=O)O)c(C)c1,"['AM-II', 'AM-V']","AM-II, AM-V",1,,,,,67.75423066697735,44.470166065462045,57.84750710128446,0.8918639522718101,1,0.9627216008267853,0.8582569540729935,1,0.9751426730249363,,,,,,,,,,70.54368352671997,59.88756604439956,82.72606334830456
acylation,COc1cc(C(=O)Nc2cccc3ccc(C)nc23)cc(OC)c1OC,Cc1ccc2cccc(N)c2n1,COc1cc(C(=O)O)cc(OC)c1OC,['AM-I'],AM-I,1,,69.97960812128387,34.985531910256626,55.55222786590294,,,,1,0.9821276844904976,0.9882276297032025,0.8293921388831145,0.9948720209958757,0.9157537703559432,,,,,,,,,,,,
acylation,Cc1ccc2cccc(NC(=O)c3ccc(C(F)(F)F)cn3)c2n1,Cc1ccc2cccc(N)c2n1,O=C(O)c1ccc(C(F)(F)F)cn1,['AM-I'],AM-I,1,,75.83176029878685,34.985531910256626,52.09007174565476,,,,1,0.999998866721806,0.9642330495273821,0.9296830945227609,0.6999567518422107,0.9861118767196905,,,,,,,,,,,,
acylation,COc1ccc2cc(C(C)C(=O)Nc3cccc4ccc(C)nc34)ccc2c1,Cc1ccc2cccc(N)c2n1,COc1ccc2cc(C(C)C(=O)O)ccc2c1,"['AM-V', 'AM-VI']","AM-V, AM-VI",1,,,,,,,,0.969563370882419,0.9941958608195647,0.9769039227798738,0.7293083851338412,1,1,,,,,,,91.5925319348717,67.72524492751549,79.68189194230604,69.38763734448493,59.88756604439956,80.39561010093894
acylation,Cc1ccc2cccc(NC(=O)C(C)c3ccc(-c4ccccc4)c(F)c3)c2n1,Cc1ccc2cccc(N)c2n1,CC(C(=O)O)c1ccc(-c2ccccc2)c(F)c1,"['AM-III', 'AM-VI']","AM-III, AM-VI",1,,,,,,,,0.8623568810788101,0.8923916025641062,1,0.6454658022980853,0.9823795119880993,1,,,,113.39209358673534,75.95674646875848,86.58994241666517,102.36863175013801,67.72524492751549,88.44713153503551,,,
acylation,Cc1ccc2cccc(NC(=O)Cc3ccc4c(c3)C(=O)c3ccccc3CO4)c2n1,Cc1ccc2cccc(N)c2n1,O=C(O)Cc1ccc2c(c1)C(=O)c1ccccc1CO2,['AM-II'],AM-II,1,,,,,68.02266151764088,44.470166065462045,56.74782927641658,0.8241965518282918,1,0.9644153260512529,0.6136198970760329,0.8691728879959773,0.9883196669395353,,,,,,,,,,,,
acylation,Cc1ccc2cc(C(=O)Nc3cccc4ccc(C)nc34)ccc2n1,Cc1ccc2cccc(N)c2n1,Cc1ccc2cc(C(=O)O)ccc2n1,"['AM-II', 'AM-III']","AM-II, AM-III",1,,,,,58.37646663981702,44.470166065462045,34.420346250632846,0.9580723950386764,1,1,0.9581352686137231,0.6818536257599704,0.9683626926100344,,,,91.63011248613356,75.95674646875848,46.05294130417722,,,,,,
acylation,Cc1ccc2cccc(NC(=O)c3ccc(C#N)cc3)c2n1,Cc1ccc2cccc(N)c2n1,N#Cc1ccc(C(=O)O)cc1,"['AM-I', 'AM-III']","AM-I, AM-III",1,,68.9606896905801,34.985531910256626,54.797896779256966,,,,1,0.9643435511278486,1,0.8043357368978393,0.8217552395662436,0.8688521106635321,,,,97.80794475224866,75.95674646875848,63.42571291644977,,,,,,
acylation,Cc1cc(C)c(C(=O)NCc2ccc(F)cc2)c(C)c1,NCc1ccc(F)cc1,Cc1cc(C)c(C(=O)O)c(C)c1,['AM-I'],AM-I,1,,80.74431089259303,45.812785744811336,68.05825361788008,,,,1,0.7440618234066186,0.9926911996350992,0.9657883217933183,0.8694108257920947,0.9760286511245418,,,,,,,,,,,,
acylation,COc1ccc2cc(C(C)C(=O)NCc3ccc(F)cc3)ccc2c1,NCc1ccc(F)cc1,COc1ccc2cc(C(C)C(=O)O)ccc2c1,"['AM-I', 'AM-III']","AM-I, AM-III",1,,81.84463535276694,45.812785744811336,72.01381797122653,,,,1,0.7736718077255971,1,0.9067103492550546,0.7933860950642453,0.9939583648527596,,,,93.01410848446983,69.62716720044259,80.07885495986784,,,,,,
acylation,O=C(Cc1ccc2c(c1)C(=O)c1ccccc1CO2)NCc1ccc(F)cc1,NCc1ccc(F)cc1,O=C(O)Cc1ccc2c(c1)C(=O)c1ccccc1CO2,['AM-III'],AM-III,0.9943849248595669,,,,,,,,0.9921852896932417,0.7710583388858614,0.9943849248595669,0.7638113759399094,0.5675573142519128,0.9892056450391409,,,,88.37317776106673,69.62716720044259,77.4412633307831,,,,,,
acylation,Cc1cc(C)cc(C(=O)NCc2ccc(F)cc2)c1,NCc1ccc(F)cc1,Cc1cc(C)cc(C(=O)O)c1,['AM-I'],AM-I,1,,79.48897142572508,45.812785744811336,65.764050401661,,,,1,0.791811936784057,0.9823394876970564,0.9433950030984087,0.8933977642002823,0.967880697737782,,,,,,,,,,,,
acylation,O=C(Cc1ccc2c(c1)OCO2)NCc1ccc(F)cc1,NCc1ccc(F)cc1,O=C(O)Cc1ccc2c(c1)OCO2,['AM-I'],AM-I,1,,70.45226269109494,45.812785744811336,58.07690940465211,,,,1,0.7191650960057934,0.9686389842322175,0.8094852703302589,0.6807476211838344,0.8421101128891713,,,,,,,,,,,,
acylation,Cc1ccc(C(=O)NCc2ccc(F)cc2)cc1F,NCc1ccc(F)cc1,Cc1ccc(C(=O)O)cc1F,['AM-I'],AM-I,1,,74.50091496719955,45.812785744811336,59.51025939621711,,,,1,0.6590921503733843,0.9703387375568774,0.9556168238821023,0.8382713409539256,0.9573609664916384,,,,,,,,,,,,
acylation,Cc1c(C(=O)NCc2ccc(F)cc2)oc2ccccc12,NCc1ccc(F)cc1,Cc1c(C(=O)O)oc2ccccc12,"['AM-I', 'AM-III']","AM-I, AM-III",1,,80.93494531459369,45.812785744811336,64.79332836878291,,,,1,0.7327150986759771,1,0.9362367631299798,0.7123760126930578,0.9742724808203393,,,,94.38896678429106,69.62716720044259,78.89340922906186,,,,,,
acylation,Cc1ccc(C(=O)NCc2ccc(F)cc2)c2ccccc12,NCc1ccc(F)cc1,Cc1ccc(C(=O)O)c2ccccc12,"['AM-I', 'AM-III']","AM-I, AM-III",1,,84.62267551567699,45.812785744811336,68.44049961296436,,,,1,0.7585852026036389,1,0.942463896169667,0.9776776302501384,0.9720320503503692,,,,93.68450569007713,69.62716720044259,80.21445737828759,,,,,,
acylation,CC(C(=O)NCc1ccc(F)cc1)c1ccc(-c2ccccc2)c(F)c1,NCc1ccc(F)cc1,CC(C(=O)O)c1ccc(-c2ccccc2)c(F)c1,['AM-III'],AM-III,1,,,,,,,,0.9401454234872867,0.6793448520891108,1,0.8942352509878291,0.8175775032518595,0.9803437916487331,,,,98.13170719731184,69.62716720044259,86.58994241666517,,,,,,
acylation,Cc1ccc2cccc(NC(=O)Cc3ccc(C(F)(F)F)cc3)c2n1,Cc1ccc2cccc(N)c2n1,O=C(O)Cc1ccc(C(F)(F)F)cc1,"['AM-I', 'AM-II', 'AM-V']","AM-I, AM-II, AM-V",1,,76.53708359229061,34.985531910256626,65.17068741064963,66.83049139754765,44.470166065462045,57.14502998241042,1,1,0.9745658875350279,0.6672404408760518,1,0.9767961531501196,,,,,,,,,,69.72641333045303,59.88756604439956,80.95575598513989
acylation,Cc1ccc(CC(=O)NC(c2ccccc2)(c2ccccc2)c2ccccc2)cc1,NC(c1ccccc1)(c1ccccc1)c1ccccc1,Cc1ccc(CC(=O)O)cc1,"['AM-III', 'AM-VI']","AM-III, AM-VI",1,,,,,,,,0.8998820772075302,0.8282538457904631,1,0.8208370601459385,0.6811953491526079,1,,,,105.81207599185768,92.52886763289801,72.99738693024597,95.29264251209959,82.12552879639082,67.14078879784957,,,
acylation,COc1ccc(NC(=O)c2ccc3nccnc3c2)cn1,COc1ccc(N)cn1,O=C(O)c1ccc2nccnc2c1,['AM-I'],AM-I,1,,57.83671143706373,37.66017850268299,47.82078129152893,,,,1,0.3575285753613956,0.7495705142204123,0.8686596345243167,0.6589550135469502,0.9018763993211474,,,,,,,,,,,,
acylation,COc1ccc(NC(=O)c2ccc(C(F)(F)F)cn2)cn1,COc1ccc(N)cn1,O=C(O)c1ccc(C(F)(F)F)cn1,['AM-I'],AM-I,1,,68.34222494278941,37.66017850268299,52.09007174565476,,,,1,0.7431520577469307,0.9541491308841142,0.9360627944000914,0.7161607350156111,0.9316744755974337,,,,,,,,,,,,
acylation,CN(C(=O)c1ccc(C(F)(F)F)cn1)c1ccc(F)cc1,CNc1ccc(F)cc1,O=C(O)c1ccc(C(F)(F)F)cn1,['AM-VI'],AM-VI,1,,,,,,,,0.9769913459689185,0.7544594877843425,0.9780622756051146,0.9749926222184635,0.6308865654027148,1,,,,,,,87.28103481653629,72.97622230958916,62.025063018917045,,,
acylation,COc1ccc(NC(=O)c2cc3ccccc3o2)cn1,COc1ccc(N)cn1,O=C(O)c1cc2ccccc2o1,"['AM-I', 'AM-III']","AM-I, AM-III",1,,75.97787942621903,37.66017850268299,61.84791964756162,,,,1,0.7596682355153003,1,0.8216824569811588,0.8555989660366423,0.858100395335834,,,,81.60807899996091,62.5147453701524,72.2121867689133,,,,,,
acylation,Cc1ccc(CNC(=O)c2cc3ccccc3o2)cc1,Cc1ccc(CN)cc1,O=C(O)c1cc2ccccc2o1,['AM-I'],AM-I,1,,79.12157475232141,46.20474760355198,61.84791964756162,,,,1,0.885114702463944,0.9594704773567658,0.9586212164556595,0.5417619957115625,0.9340494929273455,,,,,,,,,,,,
acylation,Cc1ccc(S(=O)(=O)NC(=O)C2c3ccccc3Oc3ccccc32)cc1,Cc1ccc(S(N)(=O)=O)cc1,O=C(O)C1c2ccccc2Oc2ccccc21,['AM-III'],AM-III,1,,,,,,,,0.654618125106782,0.7867030743930932,1,0.6855864655471453,0.7486968933599595,0.8693899702554607,,,,91.80822005416164,68.79920322010372,81.09700408858345,,,,,,
acylation,CN(C(=O)C(c1ccccc1)c1ccccc1)c1ccc(F)cc1,CNc1ccc(F)cc1,O=C(O)C(c1ccccc1)c1ccccc1,"['AM-I', 'AM-III']","AM-I, AM-III",1,,92.59419734468942,56.83807248071089,70.5609086136408,,,,1,0.9535829957938103,1,0.9900169714022584,0.8082397508913259,0.9643942899881863,,,,94.96378815041908,73.03601392114138,82.62082296370707,,,,,,
acylation,Cc1ccc(S(=O)(=O)NC(=O)C(c2ccccc2)c2ccccc2)cc1,Cc1ccc(S(N)(=O)=O)cc1,O=C(O)C(c1ccccc1)c1ccccc1,"['AM-I', 'AM-III']","AM-I, AM-III",1,,79.74212119959418,49.46134918847234,70.5609086136408,,,,1,0.8452284400782047,1,0.866731926955058,0.8598760178379645,0.8802006903973191,,,,93.60785304025595,68.79920322010372,82.62082296370707,,,,,,
acylation,Cc1ccc(CNC(=O)C(c2ccccc2)c2ccccc2)cc1,Cc1ccc(CN)cc1,O=C(O)C(c1ccccc1)c1ccccc1,"['AM-I', 'AM-III']","AM-I, AM-III",1,,86.23525772320534,46.20474760355198,70.5609086136408,,,,1,0.7644246268335456,1,0.9697040813770847,0.8127996028916635,0.9880268661713691,,,,96.60801936673693,72.65235158666223,82.62082296370707,,,,,,
acylation,Cc1ccc(CNC(=O)/C=C/c2ccccc2)cc1,Cc1ccc(CN)cc1,O=C(O)/C=C/c1ccccc1,['AM-I'],AM-I,1,,81.54819217815272,46.20474760355198,58.036427702564694,,,,1,0.8598743834204995,0.9661867670882155,0.965358754437032,0.7215161097203371,0.9562513160707026,,,,,,,,,,,,
acylation,O=C(Nc1ccc2scnc2c1)C(c1ccccc1)c1ccccc1,Nc1ccc2scnc2c1,O=C(O)C(c1ccccc1)c1ccccc1,"['AM-I', 'AM-III']","AM-I, AM-III",1,,80.84976187410535,47.14242898086317,70.5609086136408,,,,1,0.6531192268064903,1,0.8653109010796356,0.9533776791533278,0.9951350976855404,,,,92.99186720658099,68.53509131923596,82.62082296370707,,,,,,
B-H,COC1=CC=C(C=C1OC)NC2=CC=CC=C2C,COC1=CC=C(N)C=C1OC,CC1=CC=CC=C1Br,['AM-VI'],AM-VI,1,,,,,,,,0.7446034091525475,0.6750576187677944,0.8668927924923975,0.7623198449718578,0.6643907272560488,1,,,,,,,78.9326545771878,66.26509831912774,89.07097834444633,,,
B-H,Cc1ccccc1Nc1ccc(cn1)[N+]([O-])=O,NC1=NC=C([N+]([O-])=O)C=C1,CC1=CC=CC=C1Br,['AM-III'],AM-III,1,,,,,,,,0.734371081862965,0.7433074487525265,1,0.7790398113042446,0.9351727751934219,0.9804845913440503,,,,94.87550546550735,67.48455002008355,83.00565514778624,,,,,,
B-H,COc1ccc(Nc2ccccc2C)cc1,NC1=CC=C(OC)C=C1,CC1=CC=CC=C1Br,['AM-VI'],AM-VI,1,,,,,,,,0.9019957508986559,0.6170903882376442,0.9617674262833099,0.7714723971612684,0.6619012144384102,1,,,,,,,79.61436194307215,66.2058065296568,89.07097834444633,,,
B-H,Cc1ccc(Nc2ccc(C)c(I)c2)c(C)c1,NC1=NC(C)=CC(C)=N1,CC1=CC=CC=C1Br,"['AM-I', 'AM-III', 'AM-IV', 'AM-VI']","AM-I, AM-III, AM-IV, AM-VI",1,,101.01281647781647,34.734058772435354,78.48157639703818,,,,1,0.9371762835970248,1,1,0.6940531733405879,1,80.3095519894236,48.25241157249496,64.36403213368055,105.8293571410896,57.3875920346459,83.00565514778624,99.96885354603955,59.248812253868074,89.07097834444633,,,
B-H,CCOC(=O)c1cccc(Nc2ccccc2C)c1,O=C(OCC)C1=CC=CC(N)=C1,CC1=CC=CC=C1Br,"['AM-I', 'AM-III']","AM-I, AM-III",1,,89.98183595208951,52.90456425927918,78.48157639703818,,,,1,0.6761749330186178,1,0.9527472880776302,0.5973734866289506,0.8543132942036655,,,,94.43668859540577,70.56444115879358,83.00565514778624,,,,,,
B-H,Cc1cc(C)nc(Nc2ccccc2C)c1,CC1=CC(C)=CC(N)=N1,CC1=CC=CC=C1Br,"['AM-I', 'AM-VI']","AM-I, AM-VI",1,,53.38217876419692,32.161711882283285,78.48157639703818,,,,1,0.9050165775207867,0.9901683581248125,0.9346663863158058,0.8118610787826904,1,,,,,,,77.35383286901654,64.31154394168937,89.07097834444633,,,
B-H,COc1ccc(OC)c(Nc2ccccc2C)c1,NC1=CC(OC)=CC=C1OC,CC1=CC=CC=C1Br,"['AM-I', 'AM-III', 'AM-VI']","AM-I, AM-III, AM-VI",1,,88.21792880413443,45.9265614590651,78.48157639703818,,,,1,0.6773002965318914,1,0.8001137262782569,0.6735605232732218,1,,,,93.66659103096876,69.86302681123435,83.00565514778624,78.44301392518176,65.7348030968653,89.07097834444633,,,
B-H,COc1ccc(Nc2ccccc2C)cc1C,NC1=CC=C(OC)C(C)=C1,CC1=CC=CC=C1Br,"['AM-I', 'AM-III']","AM-I, AM-III",1,,90.58191976425262,48.90670580083386,78.48157639703818,,,,1,0.6930026273922538,1,0.9220938254762368,0.6919143309731696,0.9077619367460499,,,,94.06898902324022,72.14789046702047,83.00565514778624,,,,,,
B-H,Cc1ccccc1Nc1ccc2ncccc2c1,NC1=CC=C2N=CC=CC2=C1,CC1=CC=CC=C1Br,['AM-VI'],AM-VI,1,,,,,,,,0.9969917236395196,0.9993511503438315,0.6640055919338557,0.8693463379904002,0.9438514495691704,1,,,,,,,75.3192212065691,59.09624399841104,89.07097834444633,,,
B-H,Cc1ccccc1Nc1ccc2CCC(=O)c2c1,NC1=CC=CC=C1C,O=C1CCC2=C1C=C(Br)C=C2,['AM-I'],AM-I,1,,80.98182798283243,49.33401855605694,71.02258710149465,,,,1,0.563286332330831,0.9568941880802756,0.7731002816793483,0.6764709099383277,0.9610575532102372,,,,,,,,,,,,
B-H,CC(=O)c1cccc(Nc2ccc3CCC(=O)c3c2)c1,NC1=CC(C(C)=O)=CC=C1,O=C1CCC2=C1C=C(Br)C=C2,['AM-VI'],AM-VI,1,,,,,,,,0.6534936523172165,0.6303667761892542,0.697812316091817,0.6821684829574866,0.6930913532248857,1,,,,,,,72.50685671770101,62.7085771096324,83.85699498475614,,,
B-H,Cc1cc(C)nc(Nc2cc(F)ccn2)n1,NC1=NC(C)=CC(C)=N1,FC1=CC(Br)=NC=C1,['AM-I'],AM-I,1,,52.94282369781032,34.734058772435354,63.682807388473165,,,,1,0.5814675198172303,0.9384812569442094,0.47136478338973375,0.5555689699820727,0.8927349358784102,,,,,,,,,,,,
B-H,Cc1cc(C)nc(Nc2cc(F)ccn2)c1,CC1=CC(C)=CC(N)=N1,FC1=CC(Br)=NC=C1,['AM-I'],AM-I,1,,49.21802721314594,32.161711882283285,63.682807388473165,,,,1,0.6015240816927474,0.7097086384573901,0.6707167798666298,0.7373556965136175,0.8768357568296867,,,,,,,,,,,,
B-H,COc1ccc(OC)c(Nc2cc(F)ccn2)c1,NC1=CC(OC)=CC=C1OC,FC1=CC(Br)=NC=C1,['AM-III'],AM-III,0.9652061962386322,,,,,,,,0.6168379195747685,0.7176408950709559,0.9652061962386322,0.6641415888392814,0.7449277174080637,0.8289145731537291,,,,83.6973880674546,69.86302681123435,75.15207558325761,,,,,,
B-H,Cc1ccc(Nc2ccc3ncccc3c2)c(C)c1,NC1=CC=C2N=CC=CC2=C1,CC1=CC=C(Br)C(C)=C1,['AM-VI'],AM-VI,1,,,,,,,,0.9969917236395196,0.9993511503438315,0.6904738850809933,0.9900510952423659,0.994513895104252,1,,,,,,,79.26146639896805,59.09624399841104,94.33093862078725,,,
B-H,Cc1ccc(Nc2ccnc(c2)C(F)(F)F)c(C)c1,NC1=CC(C(F)(F)F)=NC=C1,CC1=CC=C(Br)C(C)=C1,['AM-VI'],AM-VI,1,,,,,,,,0.658779165098448,0.8153326055343072,0.8662612920420627,0.8493025567904968,0.7539184900555824,1,,,,,,,83.35790740794874,65.62551543716363,94.33093862078725,,,
B-H,Cc1ccc(Nc2cncnc2C)c(C)c1,NC1=CN=CN=C1C,CC1=CC=C(Br)C(C)=C1,['AM-VI'],AM-VI,1,,,,,,,,0.9995500495249888,0.919640381130827,0.7609874019270597,0.9620118137769702,0.9025433221084537,1,,,,,,,72.20419983293303,57.918509913219076,94.33093862078725,,,
B-H,CC(C)S(=O)(=O)c1ccccc1Nc1ccc(C)cc1C,O=S(C1=CC=CC=C1N)(C(C)C)=O,CC1=CC=C(Br)C(C)=C1,"['AM-I', 'AM-III', 'AM-VI']","AM-I, AM-III, AM-VI",1,,93.61789919096907,59.70419109720448,83.98056724718668,,,,1,0.7618330212040718,1,0.6764791641228227,0.755380569485658,1,,,,102.63046551340375,74.80493920460066,86.43511980855368,84.50771468666512,67.652563829822,94.33093862078725,,,
B-H,Cc1ccc(NCC2CC2)c(C)c1,NCC1CC1,CC1=CC=C(Br)C(C)=C1,['AM-VI'],AM-VI,1,,,,,,,,0.8311967943009959,0.9441534029590776,0.6730499399441567,0.6537784577842567,0.7383536896708582,1,,,,,,,82.0414134267678,63.359408628909826,94.33093862078725,,,
B-H,Cc1ccccc1Nc1ccc2OCCOc2c1,NC1=CC=CC=C1C,BrC1=CC=C(OCCO2)C2=C1,"['AM-I', 'AM-III']","AM-I, AM-III",1,,84.58176292416593,49.33401855605694,74.75358645078555,,,,1,0.7412705570200743,1,0.7494464409338926,0.6189528915831211,0.9623947437218802,,,,91.69376334381948,71.37857154542885,81.68785807984321,,,,,,
B-H,COC1=CC=C(C=C1OC)NC2=CC=C3OCCOC3=C2,COC1=CC=C(N)C=C1OC,BrC1=CC=C(OCCO2)C2=C1,['AM-VI'],AM-VI,0.9969237632962494,,,,,,,,0.678431409065074,0.6937588691104466,0.7864860568388323,0.7540819724344986,0.6220439598165075,0.9969237632962494,,,,,,,77.99569601774432,66.26509831912774,86.90433178764293,,,
B-H,C1COc2cc(Nc3ccc4nccnc4c3)ccc2O1,NC1=CC=C2N=CC=NC2=C1,BrC1=CC=C(OCCO2)C2=C1,"['AM-I', 'AM-VI']","AM-I, AM-VI",1,,64.21758632645694,39.33421761511118,74.75358645078555,,,,1,0.8566654506947543,0.7477031798770885,0.8233198922513919,0.8739602356372019,1,,,,,,,72.63516431411301,60.5474190732731,86.90433178764293,,,
B-H,Cc1cc(C)nc(Nc2ccc3OCCOc3c2)n1,NC1=NC(C)=CC(C)=N1,BrC1=CC=C(OCCO2)C2=C1,"['AM-I', 'AM-VI']","AM-I, AM-VI",1,,63.017792016869365,34.734058772435354,74.75358645078555,,,,1,0.792614406615982,0.8121320120458895,0.773631350486839,0.8447387300632024,1,,,,,,,72.36207542589383,59.248812253868074,86.90433178764293,,,
B-H,Cc1ccc(Nc2ccc3OCCOc3c2)cc1I,NC1=CC=C(C)C(I)=C1,BrC1=CC=C(OCCO2)C2=C1,['AM-I'],AM-I,1,,91.18271035762187,62.92846001810044,74.75358645078555,,,,1,0.9625956068580791,0.9633616431995755,0.8874257422221324,0.6718554491347508,0.8503312231042136,,,,,,,,,,,,
B-H,Cc1ccc(Nc2ccc3OCCOc3c2)nc1,NC1=NC=C(C)C=C1,BrC1=CC=C(OCCO2)C2=C1,"['AM-IV', 'AM-VI']","AM-IV, AM-VI",1,,,,,,,,0.9952274658719927,0.7672237646357046,0.7309185399514643,1,0.9270323228869308,1,53.8855121101224,43.06833324664404,65.94728509871032,,,,74.54025365582137,61.94788062334109,86.90433178764293,,,
B-H,COc1ccc(OC)c(Nc2ccc3OCCOc3c2)c1,NC1=CC(OC)=CC=C1OC,BrC1=CC=C(OCCO2)C2=C1,['AM-VI'],AM-VI,1,,,,,,,,0.8540432282099271,0.7333562901450178,0.9873698162015156,0.6510011936298699,0.6337359663195171,1,,,,,,,77.78573699735755,65.7348030968653,86.90433178764293,,,
B-H,COc1ccc(Nc2ccc3OCCOc3c2)cc1C,NC1=CC=C(OC)C(C)=C1,BrC1=CC=C(OCCO2)C2=C1,['AM-III'],AM-III,0.9958163675558303,,,,,,,,0.9075542701904112,0.9526833160138204,0.9958163675558303,0.6946498501657077,0.5185233277455575,0.8964106175610216,,,,90.57741018331713,72.14789046702047,81.68785807984321,,,,,,
B-H,Cc1cc(C)nc(Nc2cnc3ccnn3c2)n1,NC1=NC(C)=CC(C)=N1,BrC1=CN2C(N=C1)=CC=N2,['AM-III'],AM-III,0.9221227876189779,,,,,,,,0.6269796748675036,0.718541177296812,0.9221227876189779,0.4341948582843216,0.534729136675872,0.8060662930571607,,,,64.33163362778691,57.3875920346459,74.08584405733802,,,,,,
B-H,COC(=O)c1ccc(Nc2ccc3-c4ccccc4C(C)(C)c3c2)cc1,O=C(OC)C1=CC=C(N)C=C1,CC1(C)C2=C(C3=C1C=CC=C3)C=CC(Br)=C2,['AM-VI'],AM-VI,1,,,,,,,,0.6909978678325005,0.7248491311783247,0.8752733762709529,0.6497776222162779,0.5985459758361733,1,,,,,,,95.78834039116315,66.28717158033464,110.67693824303296,,,
B-H,COc1ccc(Nc2ccc3-c4ccccc4C(C)(C)c3c2)cc1,NC1=CC=C(OC)C=C1,CC1(C)C2=C(C3=C1C=CC=C3)C=CC(Br)=C2,['AM-VI'],AM-VI,1,,,,,,,,0.7169665192353741,0.6316381540959061,0.8469651760537685,0.638911048467907,0.702287486212261,1,,,,,,,98.70743166635758,66.2058065296568,110.67693824303296,,,
B-H,CC1(C)c2ccccc2-c2ccc(Nc3ccccc3C=O)cc12,O=CC1=CC=CC=C1N,CC1(C)C2=C(C3=C1C=CC=C3)C=CC(Br)=C2,['AM-VI'],AM-VI,1,,,,,,,,0.7360053917946479,0.8460594273054006,0.858338811926282,0.6755209193919312,0.784517814085043,1,,,,,,,96.29478468826655,62.56042625619013,110.67693824303296,,,
B-H,Cc1ccc(Nc2ccc3-c4ccccc4C(C)(C)c3c2)cc1I,NC1=CC=C(C)C(I)=C1,CC1(C)C2=C(C3=C1C=CC=C3)C=CC(Br)=C2,['AM-III'],AM-III,1,,,,,,,,0.7630725157827287,0.6888141187766883,1,0.7496478321252336,0.7967315295561932,0.7487183150533061,,,,112.63408395884558,82.94983712359357,100.9632548817059,,,,,,
B-H,Cc1ccc(Nc2ccc3-c4ccccc4C(C)(C)c3c2)nc1,NC1=NC=C(C)C=C1,CC1(C)C2=C(C3=C1C=CC=C3)C=CC(Br)=C2,"['AM-IV', 'AM-VI']","AM-IV, AM-VI",1,,,,,,,,0.9952274658719927,0.8993229252858335,0.7047649708209702,1,0.9112050712515153,1,67.56555964562344,43.06833324664404,77.63458973362708,,,,93.59053022686275,61.94788062334109,110.67693824303296,,,
B-H,COc1ccc(C(O)=O)c(Nc2ccc3-c4ccccc4C(C)(C)c3c2)c1,O=C(O)C1=CC=C(OC)C=C1N,CC1(C)C2=C(C3=C1C=CC=C3)C=CC(Br)=C2,['AM-VI'],AM-VI,1,,,,,,,,0.8484087945033957,0.7800634050925235,0.821554618758118,0.7966529025150677,0.586915500515533,1,,,,,,,83.79708102698375,60.352469151963476,110.67693824303296,,,
B-H,Cc1ncncc1Nc1ccc2-c3ccccc3C(C)(C)c2c1,NC1=CN=CN=C1C,CC1(C)C2=C(C3=C1C=CC=C3)C=CC(Br)=C2,['AM-VI'],AM-VI,1,,,,,,,,0.9995500495249888,0.9575520664266727,0.714587698086921,0.9943499701461993,0.908020843517927,1,,,,,,,85.76811512351955,57.918509913219076,110.67693824303296,,,
B-H,CC(C)Nc1ccc2-c3ccccc3C(C)(C)c2c1,NC(C)C,CC1(C)C2=C(C3=C1C=CC=C3)C=CC(Br)=C2,['AM-VI'],AM-VI,1,,,,,,,,0.9600757428793497,0.8452063253185577,0.6624567114926307,0.9121570836853243,0.7667312898621776,1,,,,,,,96.48059547235094,64.91258202955763,110.67693824303296,,,
B-H,COC(=O)c1ccccc1Nc1ccc(C)cc1C,NC1=CC=C(C)C=C1C,O=C(OC)C1=CC=CC=C1Br,"['AM-I', 'AM-III']","AM-I, AM-III",1,,99.52061394518338,54.935291406830935,72.6180649797034,,,,1,0.820456435679014,1,0.9659566217947579,0.6942172726866598,0.817095254850813,,,,99.95633784646165,74.67956713920822,84.7861800044292,,,,,,
B-H,COC1=CC=C(C=C1OC)NC2=CC=CC=C2C(OC)=O,COC1=CC=C(N)C=C1OC,O=C(OC)C1=CC=CC=C1Br,['AM-I'],AM-I,1,,85.18174471777112,42.250389580262706,72.6180649797034,,,,1,0.660630416403911,0.8504666755566822,0.7419066793875264,0.679893381875583,0.9752979638038155,,,,,,,,,,,,
B-H,COC(=O)c1ccccc1Nc1ccc(F)cc1C(=O)OC,O=C(OC)C1=CC(F)=CC=C1N,O=C(OC)C1=CC=CC=C1Br,"['AM-I', 'AM-III']","AM-I, AM-III",1,,90.90530786605837,61.791286996727806,72.6180649797034,,,,1,0.8423364854517778,1,0.8493407036066405,0.6227392639707194,0.8988549534529277,,,,98.78625629742777,73.93300365650026,84.7861800044292,,,,,,
B-H,COC(=O)c1ccccc1Nc1ccc(cn1)[N+]([O-])=O,NC1=NC=C([N+]([O-])=O)C=C1,O=C(OC)C1=CC=CC=C1Br,"['AM-I', 'AM-III', 'AM-VI']","AM-I, AM-III, AM-VI",1,,86.8716949363616,49.045564227224304,72.6180649797034,,,,1,0.6368431747717062,1,0.6707232830233971,0.9873050579810181,1,,,,97.00876298041564,67.48455002008355,84.7861800044292,69.54891904073796,58.479310560944796,84.53646958187495,,,
B-H,COC(=O)c1ccccc1Nc1ccc(OC)cc1,NC1=CC=C(OC)C=C1,O=C(OC)C1=CC=CC=C1Br,['AM-I'],AM-I,1,,90.21490618732354,47.09915553174221,72.6180649797034,,,,1,0.718115340671021,0.94610445362557,0.805231222615259,0.7272275533516982,0.9785833565710897,,,,,,,,,,,,
B-H,COC(=O)c1ccccc1Nc1nc(C)cc(C)n1,NC1=NC(C)=CC(C)=N1,O=C(OC)C1=CC=CC=C1Br,"['AM-I', 'AM-VI']","AM-I, AM-VI",1,,86.38174605233397,34.734058772435354,72.6180649797034,,,,1,0.8191240312259955,0.6610664659130969,0.7449653405327903,0.8635091470834505,1,,,,,,,70.53221568178671,59.248812253868074,84.53646958187495,,,
B-H,COC(=O)c1ccccc1Nc1ccc(OC)c(C)c1,NC1=CC=C(OC)C(C)=C1,O=C(OC)C1=CC=CC=C1Br,"['AM-I', 'AM-III']","AM-I, AM-III",1,,93.618002908753,48.90670580083386,72.6180649797034,,,,1,0.8801115653122307,1,0.9391262983188068,0.576372749804633,0.8829828713058824,,,,95.04097396877344,72.14789046702047,84.7861800044292,,,,,,
B-H,COC(=O)c1ccccc1Nc1ccc2ncccc2c1,NC1=CC=C2N=CC=CC2=C1,O=C(OC)C1=CC=CC=C1Br,['AM-VI'],AM-VI,1,,,,,,,,0.9182763222648868,0.9993511503438315,0.6709119112520092,0.7478317777666191,0.997951977765007,1,,,,,,,72.44410983312837,59.09624399841104,84.53646958187495,,,
B-H,COC(=O)c1ccccc1NC1CC1,NC1CC1,O=C(OC)C1=CC=CC=C1Br,['AM-VI'],AM-VI,1,,,,,,,,0.6398797858966965,0.8595192630961449,0.6970782612103075,0.6966299732671443,0.8423226387450173,1,,,,,,,71.28255486690391,62.27049715262066,84.53646958187495,,,
B-H,COC(=O)c1ccccc1Nc1cccc(c1)C(C)=O,NC1=CC(C(C)=O)=CC=C1,O=C(OC)C1=CC=CC=C1Br,"['AM-I', 'AM-VI']","AM-I, AM-VI",1,,84.5820590836392,42.74683640742675,72.6180649797034,,,,1,0.6524267837716784,0.8444504622914198,0.7449023847965537,0.6934227569287547,1,,,,,,,74.17861119826036,62.7085771096324,84.53646958187495,,,
B-H,OCc1ccccc1Nc1ccc2cnccc2c1,OCC1=CC=CC=C1N,BrC1=CC2=C(C=NC=C2)C=C1,['AM-VI'],AM-VI,1,,,,,,,,0.7408315672952114,0.3555424508940104,0.7575382134475098,0.5062965437493316,0.49338623428904615,1,,,,,,,66.89527702258212,57.07505902729635,88.09223438401892,,,
B-H,Cc1ccc(cc1Nc1ccc2cnccc2c1)[N+]([O-])=O,NC1=CC([N+]([O-])=O)=CC=C1C,BrC1=CC2=C(C=NC=C2)C=C1,['AM-VI'],AM-VI,1,,,,,,,,0.49808291662525217,0.7546039763940013,0.9694848182296272,0.433456085780225,0.4251139803153159,1,,,,,,,76.30287889851559,64.49043538568962,88.09223438401892,,,
B-H,O=Cc1ccccc1Nc1ccc2cnccc2c1,O=CC1=CC=CC=C1N,BrC1=CC2=C(C=NC=C2)C=C1,['AM-VI'],AM-VI,1,,,,,,,,0.3999137440188475,0.6718891392697264,0.7907630238389067,0.5995235638580678,0.5492102216921492,1,,,,,,,74.74951675111936,62.56042625619013,88.09223438401892,,,
B-H,Cc1cc(C)nc(Nc2ccc3cnccc3c2)n1,NC1=NC(C)=CC(C)=N1,BrC1=CC2=C(C=NC=C2)C=C1,['AM-VI'],AM-VI,1,,,,,,,,0.7059008306750523,0.3922302849568632,0.8980589869566625,0.5415171829494481,0.6071726725872273,1,,,,,,,71.89198181728767,59.248812253868074,88.09223438401892,,,
B-H,Cc1cc(C)nc(Nc2ccc3cnccc3c2)c1,CC1=CC(C)=CC(N)=N1,BrC1=CC2=C(C=NC=C2)C=C1,"['AM-I', 'AM-VI']","AM-I, AM-VI",1,,42.542154601542926,32.161711882283285,51.9880658052444,,,,1,0.41228684683238015,0.731357230407308,0.7408691794263438,0.6645287510814131,1,,,,,,,77.84502325255957,64.31154394168937,88.09223438401892,,,
B-H,Cc1cc(F)ccc1NCc1ccccc1F,NCC1=CC=CC=C1F,CC1=CC(F)=CC=C1Br,"['AM-I', 'AM-III']","AM-I, AM-III",1,,88.1822268879321,47.44037133805179,78.58041616899833,,,,1,0.7437316974864545,1,0.6212776315448066,0.6628281461639397,0.9051842346853228,,,,94.81207630698196,70.7083133969172,84.98702498164941,,,,,,
B-H,COc1ccc(C(O)=O)c(Nc2ccc(F)cc2C)c1,O=C(O)C1=CC=C(OC)C=C1N,CC1=CC(F)=CC=C1Br,['AM-VI'],AM-VI,1,,,,,,,,0.6945782957205089,0.6677677853579747,0.6676945722576941,0.6957931922442864,0.7164985251518604,1,,,,,,,72.40571819744764,60.352469151963476,91.7608028041944,,,
B-H,Cc1cc(F)ccc1Nc1cccn2ccnc12,NC1=CC=CN2C1=NC=C2,CC1=CC(F)=CC=C1Br,"['AM-IV', 'AM-V', 'AM-VI']","AM-IV, AM-V, AM-VI",1,,,,,,,,0.9972643640497229,0.9955156963445329,0.805207183422154,1,1,1,57.46417279514886,40.94465092578452,68.02281455596145,,,,70.65927389755113,55.783015691345256,91.7608028041944,66.79820971430904,56.46917613483845,75.82157862685469
B-H,Cc1cc(C)nc(Nc2ccc(F)cc2C)c1,CC1=CC(C)=CC(N)=N1,CC1=CC(F)=CC=C1Br,"['AM-I', 'AM-IV', 'AM-VI']","AM-I, AM-IV, AM-VI",1,,54.617638990734626,32.161711882283285,78.58041616899833,,,,1,0.9324597922265261,0.9939019384171575,1,0.824761601880972,1,58.59959531433913,43.64738045387866,68.02281455596145,,,,82.06234346513985,64.31154394168937,91.7608028041944,,,
B-H,Cc1cc(F)ccc1Nc1ccnc(c1)C(F)(F)F,NC1=CC(C(F)(F)F)=NC=C1,CC1=CC(F)=CC=C1Br,['AM-VI'],AM-VI,1,,,,,,,,0.6827912820948321,0.821899614864052,0.8742550346983945,0.8043477605370764,0.7170576924297325,1,,,,,,,81.59003443220344,65.62551543716363,91.7608028041944,,,
B-H,COC1=CC=C(C=C1OC)NC2=CN=CC(C(C)=O)=C2,COC1=CC=C(N)C=C1OC,CC(C1=CC(Br)=CN=C1)=O,['AM-I'],AM-I,0.8735817132410006,,51.61819497138579,42.250389580262706,57.697932547252904,,,,0.8735817132410006,0.6467705988012095,0.7402570911655877,0.34930670093440574,0.4352557497118844,0.7812764674834988,,,,,,,,,,,,
B-H,CC(=O)c1cncc(Nc2nc(C)cc(C)n2)c1,NC1=NC(C)=CC(C)=N1,CC(C1=CC(Br)=CN=C1)=O,['AM-III'],AM-III,1,,,,,,,,0.6673567573035395,0.7127509004320292,1,0.6914673173826679,0.6579505199585792,0.8625979110151826,,,,66.94212547348542,57.3875920346459,79.40415855960755,,,,,,
B-H,CC(=O)c1cncc(Nc2ccc(C)c(I)c2)c1,NC1=CC=C(C)C(I)=C1,CC(C1=CC(Br)=CN=C1)=O,['AM-I'],AM-I,0.9796024213790451,,76.8182407348061,62.92846001810044,57.697932547252904,,,,0.9796024213790451,0.8348353267561879,0.9741746144128126,0.8115519401111482,0.6509404756169681,0.7478955616945433,,,,,,,,,,,,
B-H,Cc1ccccc1Nc1ccccc1C(=O)c1ccccc1,NC1=CC=CC=C1C,O=C(C1=CC=CC=C1Br)C2=CC=CC=C2,"['AM-I', 'AM-III']","AM-I, AM-III",1,,99.58178694910009,49.33401855605694,83.33263800676322,,,,1,0.7461374431126133,1,0.8693321988163561,0.7216238782314162,0.918209640214197,,,,99.95182072637654,71.37857154542885,88.95516089676957,,,,,,
B-H,COC(=O)c1ccc(Nc2ccccc2C(=O)c2ccccc2)cc1,O=C(OC)C1=CC=C(N)C=C1,O=C(C1=CC=CC=C1Br)C2=CC=CC=C2,"['AM-I', 'AM-III', 'AM-VI']","AM-I, AM-III, AM-VI",1,,92.38235931623379,49.54369314061691,83.33263800676322,,,,1,0.9657797877720604,1,0.8316865799098639,0.774960001582286,1,,,,98.6045047441426,68.56642454371524,88.95516089676957,81.80293170773973,66.28717158033464,91.06277130497921,,,
B-H,COC1=CC=C(C=C1OC)NC2=CC=CC=C2C(C3=CC=CC=C3)=O,COC1=CC=C(N)C=C1OC,O=C(C1=CC=CC=C1Br)C2=CC=CC=C2,['AM-VI'],AM-VI,1,,,,,,,,0.8998056295206397,0.6804978722630746,0.8800328321836345,0.7184570839235009,0.803842829641501,1,,,,,,,81.7536723977394,66.26509831912774,91.06277130497921,,,
B-H,COc1ccc(Nc2ccccc2C(=O)c2ccccc2)cc1,NC1=CC=C(OC)C=C1,O=C(C1=CC=CC=C1Br)C2=CC=CC=C2,['AM-I'],AM-I,1,,95.3819061047146,47.09915553174221,83.33263800676322,,,,1,0.7369703451782794,0.985498265558548,0.7666015698410842,0.7820684160080389,0.9821953302716596,,,,,,,,,,,,
B-H,O=Cc1ccccc1Nc1ccccc1C(=O)c1ccccc1,O=CC1=CC=CC=C1N,O=C(C1=CC=CC=C1Br)C2=CC=CC=C2,['AM-VI'],AM-VI,1,,,,,,,,0.9576654187433424,0.6383323155274298,0.9991598017965735,0.7066794357968151,0.8112955501169614,1,,,,,,,77.91412935305692,62.56042625619013,91.06277130497921,,,
B-H,Cc1cc(C)nc(Nc2ccccc2C(=O)c2ccccc2)n1,NC1=NC(C)=CC(C)=N1,O=C(C1=CC=CC=C1Br)C2=CC=CC=C2,['AM-VI'],AM-VI,1,,,,,,,,0.8463045094620623,0.7839589911189642,0.6704969079952363,0.64067755307915,0.9270331129928406,1,,,,,,,74.30793094995877,59.248812253868074,91.06277130497921,,,
B-H,Cc1ccc(Nc2ccccc2C(=O)c2ccccc2)nc1,NC1=NC=C(C)C=C1,O=C(C1=CC=CC=C1Br)C2=CC=CC=C2,['AM-VI'],AM-VI,1,,,,,,,,0.9952274658719927,0.7110780573416706,0.8827701359685941,0.8742085586381676,0.9723523519073685,1,,,,,,,77.71208930951123,61.94788062334109,91.06277130497921,,,
B-H,COc1ccc(Nc2ccccc2C(=O)c2ccccc2)cc1C,NC1=CC=C(OC)C(C)=C1,O=C(C1=CC=CC=C1Br)C2=CC=CC=C2,"['AM-I', 'AM-III']","AM-I, AM-III",1,,99.83523852608576,48.90670580083386,83.33263800676322,,,,1,0.8629958365814077,1,0.9328719218847902,0.7003221975705511,0.8768292359933682,,,,99.7761031730957,72.14789046702047,88.95516089676957,,,,,,
B-H,COC(=O)c1ccc(Nc2ccccc2C(=O)c2ccccc2)cc1F,O=C(OC)C1=CC=C(N)C=C1F,O=C(C1=CC=CC=C1Br)C2=CC=CC=C2,"['AM-II', 'AM-III']","AM-II, AM-III",1,,,,,74.97328412304617,50.89720157283448,62.34072871138187,0.9501774287199839,1,1,0.7720396228418159,0.7533447166707623,0.9431728891346515,,,,102.47963241896971,72.67164308438191,88.95516089676957,,,,,,
B-H,O=C(c1ccccc1)c1ccccc1NC1CC1,NC1CC1,O=C(C1=CC=CC=C1Br)C2=CC=CC=C2,['AM-VI'],AM-VI,1,,,,,,,,0.7177956429313224,0.7897222875254817,0.7514918171098639,0.7407423198092848,0.8270003391485794,1,,,,,,,75.83317000186011,62.27049715262066,91.06277130497921,,,
B-H,[O-][N+](C(C=C1)=CN=C1NC2=CC=CC=C2C(C3=CC=CC=C3)=O)=O,NC1=NC=C([N+]([O-])=O)C=C1,O=C(C1=CC=CC=C1Br)C2=CC=CC=C2,"['AM-III', 'AM-V', 'AM-VI']","AM-III, AM-V, AM-VI",1,,,,,,,,0.7439567951992077,0.6326059465830511,1,0.8436172740175847,1,1,,,,101.98590715738871,67.48455002008355,88.95516089676957,70.114488159866,58.479310560944796,91.06277130497921,68.65024810763485,57.2153802461894,79.69217937889067
B-H,CC(C)c1ccc(Nc2ccc(cn2)[N+]([O-])=O)cc1,NC1=NC=C([N+]([O-])=O)C=C1,CC(C1=CC=C(Br)C=C1)C,"['AM-IV', 'AM-VI']","AM-IV, AM-VI",1,,,,,,,,0.6688172486730188,0.7570076240835277,0.9142992402882965,1,0.9933841989535,1,60.09113553928105,47.77334211774939,69.53264494804063,,,,77.82427248189713,58.479310560944796,102.05824746624553,,,
B-H,CC(C)c1ccc(Nc2nc(C)cc(C)n2)cc1,NC1=NC(C)=CC(C)=N1,CC(C1=CC=C(Br)C=C1)C,['AM-VI'],AM-VI,1,,,,,,,,0.8632171375724391,0.9597197965705463,0.8368126538790898,0.7422646026825397,0.8465277168166762,1,,,,,,,83.13244567693675,59.248812253868074,102.05824746624553,,,
B-H,CC(C)c1ccc(Nc2cncnc2C)cc1,NC1=CN=CN=C1C,CC(C1=CC=C(Br)C=C1)C,"['AM-IV', 'AM-VI']","AM-IV, AM-VI",1,,,,,,,,0.9995500495249888,0.9592238872754498,0.6620397747886174,1,0.9524360956196869,1,59.58878582140584,43.60122154140786,69.53264494804063,,,,79.40734390881164,57.918509913219076,102.05824746624553,,,
B-H,CC(C)c1ccc(Nc2ccccc2S(=O)(=O)C(C)C)cc1,O=S(C1=CC=CC=C1N)(C(C)C)=O,CC(C1=CC=C(Br)C=C1)C,"['AM-III', 'AM-VI']","AM-III, AM-VI",1,,,,,,,,0.9805109475536578,0.666804479560582,1,0.6504728768809793,0.7047489168075826,1,,,,105.21524244410432,74.80493920460066,91.96039574283532,88.29665462660924,67.652563829822,102.05824746624553,,,
B-H,CC(C)CNc1ccc(cc1)C(C)C,NCC(C)C,CC(C1=CC=C(Br)C=C1)C,['AM-VI'],AM-VI,1,,,,,,,,0.7135683293833781,0.696022604472379,0.7214950656532477,0.7325875382649392,0.7632032853662019,1,,,,,,,87.76214000868445,66.02912060254127,102.05824746624553,,,
B-H,CC(C)Nc1ccc(cc1)C(C)C,NC(C)C,CC(C1=CC=C(Br)C=C1)C,['AM-VI'],AM-VI,1,,,,,,,,0.8845473731027558,0.9167248322073789,0.7305615699216367,0.8847774252249101,0.76946670561353,1,,,,,,,86.09475978503667,64.91258202955763,102.05824746624553,,,
B-H,CC(C)c1ccc(NC2CCCCC2)cc1,NC1CCCCC1,CC(C1=CC=C(Br)C=C1)C,['AM-VI'],AM-VI,1,,,,,,,,0.823967870254296,0.6565650810038488,0.8577166436483202,0.6166003145446985,0.6906046004780731,1,,,,,,,90.69723771101542,66.72807401397995,102.05824746624553,,,
B-H,COC(=O)c1cc(F)ccc1Nc1ccc(F)cc1C,O=C(OC)C1=CC(F)=CC=C1N,CC1=CC(F)=CC=C1Br,"['AM-I', 'AM-III']","AM-I, AM-III",1,,88.81780026637304,61.791286996727806,78.58041616899833,,,,1,0.7688105387449529,1,0.8274116397344604,0.7103905408870721,0.9762416217015197,,,,100.26643083383571,73.93300365650026,84.98702498164941,,,,,,
B-H,COc1ccc(Nc2ccc(F)cc2C)cn1,NC1=CC=C(OC)N=C1,CC1=CC(F)=CC=C1Br,['AM-VI'],AM-VI,1,,,,,,,,0.6623859691393612,0.7389309293794228,0.8859061193857236,0.6901630315179383,0.8375762885327895,1,,,,,,,76.04507976394447,60.46616908311392,91.7608028041944,,,
B-H,Cc1cc(F)ccc1Nc1ccc(cn1)[N+]([O-])=O,NC1=NC=C([N+]([O-])=O)C=C1,CC1=CC(F)=CC=C1Br,"['AM-III', 'AM-VI']","AM-III, AM-VI",1,,,,,,,,0.7744995105176546,0.7333606052601888,1,0.8860490063942584,0.9411472713502907,1,,,,97.01022182306681,67.48455002008355,84.98702498164941,70.92575391177395,58.479310560944796,91.7608028041944,,,
B-H,Cc1cc(F)ccc1Nc1ccc2nccnc2c1,NC1=CC=C2N=CC=NC2=C1,CC1=CC(F)=CC=C1Br,['AM-VI'],AM-VI,1,,,,,,,,0.8944749612377878,0.8537644505304708,0.7173505524439775,0.6149149489218595,0.8768537375153332,1,,,,,,,77.65112686737594,60.5474190732731,91.7608028041944,,,
B-H,Cc1ccc(Nc2ccc(F)cc2C)nc1,NC1=NC=C(C)C=C1,CC1=CC(F)=CC=C1Br,['AM-VI'],AM-VI,1,,,,,,,,0.9952274658719927,0.8319299175311343,0.8537145764531975,0.9747199808459546,0.8524373600897627,1,,,,,,,78.84900155388661,61.94788062334109,91.7608028041944,,,
B-H,COC(=O)c1ccc(Nc2ccc3nccnc3c2)nc1,NC1=CC=C2N=CC=NC2=C1,O=C(OC)C1=CN=C(Br)C=C1,['AM-VI'],AM-VI,0.9637356686817687,,,,,,,,0.6468026014669186,0.6703977801085033,0.7673762595391197,0.726709328730577,0.6736859034419898,0.9637356686817687,,,,,,,71.84013256853305,60.5474190732731,79.76308192838158,,,
B-H,COC(=O)c1ccc(Nc2cncnc2C)nc1,NC1=CN=CN=C1C,O=C(OC)C1=CN=C(Br)C=C1,['AM-VI'],AM-VI,1,,,,,,,,0.9995500495249888,0.7359706697732198,0.7864215854170515,0.873074499358382,0.7425856585676985,1,,,,,,,68.02740885229325,57.918509913219076,79.76308192838158,,,
B-H,Cc1ccc(Nc2ccnc(C)c2)nc1,NC1=NC=C(C)C=C1,CC1=NC=CC(Br)=C1,['AM-I'],AM-I,0.9952274658719927,,37.9182565831741,25.45589589777704,47.57052406253031,,,,0.9952274658719927,0.6248404509296237,0.7452217987417926,0.627255286526718,0.5583910511854489,0.943690678789607,,,,,,,,,,,,
B-H,CC(C)S(=O)(=O)c1ccccc1Nc1cncc2ccccc12,O=S(C1=CC=CC=C1N)(C(C)C)=O,BrC1=CN=CC2=C1C=CC=C2,['AM-III'],AM-III,1,,,,,,,,0.8600805170643414,0.6351361028698044,1,0.2692260973311812,0.3745072417491909,0.9444475789839585,,,,102.7706458401722,74.80493920460066,87.87277395696155,,,,,,
B-H,C1CCC(CC1)Nc1cncc2ccccc12,NC1CCCCC1,BrC1=CN=CC2=C1C=CC=C2,['AM-III'],AM-III,0.910666169674372,,,,,,,,0.4866217076557794,0.5910001054664811,0.910666169674372,0.6557544559600119,0.3603629254196815,0.9009982192447132,,,,94.51436083636497,69.10139414617558,87.87277395696155,,,,,,
B-H,[O-][N+](C(C=C1NC2=CN=CC3=C2C=CC=C3)=C(C=C1OC)F)=O,NC1=CC([N+]([O-])=O)=C(F)C=C1OC,BrC1=CN=CC2=C1C=CC=C2,['AM-III'],AM-III,1,,,,,,,,0.2890293714025769,0.7308072664341283,1,0.31507428410919447,0.6560650510627944,0.943624797106558,,,,102.37209287827467,76.38081029614654,87.87277395696155,,,,,,
B-H,CN(C)c1cccc(Nc2ccccc2CO)c1,OCC1=CC=CC=C1N,CN(C)C1=CC=CC(Br)=C1,"['AM-I', 'AM-VI']","AM-I, AM-VI",1,,54.018121484966144,39.97485660072502,74.43138048564383,,,,1,0.7886109300463043,0.7882532164248752,0.915687270651115,0.6444244798697355,1,,,,,,,67.47802858662986,57.07505902729635,87.24446109985419,,,
B-H,CN(C)c1cccc(Nc2ccc(cn2)[N+]([O-])=O)c1,NC1=NC=C([N+]([O-])=O)C=C1,CN(C)C1=CC=CC(Br)=C1,"['AM-I', 'AM-IV']","AM-I, AM-IV",1,,64.86495629205265,49.045564227224304,74.43138048564383,,,,1,0.7847246210629576,0.8087989186341932,1,0.9012490430032539,0.9852474076101053,58.04980278308391,47.77334211774939,68.01837810571428,,,,,,,,,
B-H,CN(C)c1cccc(Nc2ccc(CO)cc2)c1,NC1=CC=C(C=C1)CO,CN(C)C1=CC=CC(Br)=C1,"['AM-I', 'AM-VI']","AM-I, AM-VI",1,,53.78044449452391,35.927411474860605,74.43138048564383,,,,1,0.7531822655778344,0.9380298474675932,0.881643693939141,0.7199590456472276,1,,,,,,,67.96474977009525,58.660216791887436,87.24446109985419,,,
B-H,CN(C)c1cccc(Nc2ccc3ncccc3c2)c1,NC1=CC=C2N=CC=CC2=C1,CN(C)C1=CC=CC(Br)=C1,"['AM-IV', 'AM-VI']","AM-IV, AM-VI",1,,,,,,,,0.9969917236395196,0.9993511503438315,0.7933195466041705,1,0.864814912528452,1,54.61552545729504,42.96839426011359,68.01837810571428,,,,72.6677926759468,59.09624399841104,87.24446109985419,,,
B-H,CN(C)c1cccc(Nc2ccncc2)c1,NC1=CC=NC=C1,CN(C)C1=CC=CC(Br)=C1,"['AM-IV', 'AM-VI']","AM-IV, AM-VI",1,,,,,,,,0.9862110477376151,0.9974870354281515,0.9081792066143713,1,0.9083968839961933,1,47.53938591414737,35.764964897263646,68.01837810571428,,,,70.0253534007048,59.45414030226914,87.24446109985419,,,
B-H,CN(C)c1cccc(Nc2cccc(F)n2)c1,NC1=NC(F)=CC=C1,CN(C)C1=CC=CC(Br)=C1,"['AM-I', 'AM-IV', 'AM-VI']","AM-I, AM-IV, AM-VI",1,,61.218147277590006,38.919796720696056,74.43138048564383,,,,1,0.8420864027703991,0.6646687345038618,1,0.8049867185491149,1,56.050539740846354,44.443993934240346,68.01837810571428,,,,74.22845979867938,61.67264429427951,87.24446109985419,,,
B-H,CC(C)CNc1cccc(c1)N(C)C,NCC(C)C,CN(C)C1=CC=CC(Br)=C1,"['AM-I', 'AM-VI']","AM-I, AM-VI",1,,55.218248898082834,39.62289155362517,74.43138048564383,,,,1,0.7376113089255044,0.7126622963429297,0.9021000141243013,0.7270990168271012,1,,,,,,,77.37713502996372,66.02912060254127,87.24446109985419,,,
B-H,CC(C)Oc1ncccc1Nc1ccc(C)cc1,NC1=CC=C(C)C=C1,CC(OC1=NC=CC=C1Br)C,['AM-I'],AM-I,1,,89.38186459617853,49.33059974412717,73.15831912662668,,,,1,0.8146027211606587,0.9867387810376591,0.9433689688396508,0.39067189927943136,0.7884407101359062,,,,,,,,,,,,
B-H,COC(=O)c1cc(F)ccc1Nc1cccnc1OC(C)C,O=C(OC)C1=CC(F)=CC=C1N,CC(OC1=NC=CC=C1Br)C,['AM-I'],AM-I,1,,93.13062067340145,61.791286996727806,73.15831912662668,,,,1,0.8662689746322892,0.9917408155104709,0.8457055297407293,0.4315243763108728,0.7843289223151794,,,,,,,,,,,,
B-H,[O-][N+](C(C=C1)=CN=C1NC2=CC=CN=C2OC(C)C)=O,NC1=NC=C([N+]([O-])=O)C=C1,CC(OC1=NC=CC=C1Br)C,['AM-VI'],AM-VI,1,,,,,,,,0.9647035030377915,0.6183856318014331,0.9259009881694356,0.6618096259571556,0.6277262730396591,1,,,,,,,67.86261247412573,58.479310560944796,80.63951831025156,,,
B-H,COc1cc(F)c(cc1Nc1cccnc1OC(C)C)[N+]([O-])=O,NC1=CC([N+]([O-])=O)=C(F)C=C1OC,CC(OC1=NC=CC=C1Br)C,['AM-I'],AM-I,1,,84.61797977585623,58.00516691554539,73.15831912662668,,,,1,0.9539155030680287,0.9801508219515397,0.7914981428242008,0.6322632589637547,0.8630557879823966,,,,,,,,,,,,
B-H,CCc1ccc(NCc2cccc3ccccc23)cc1,NC1=CC=C(CC)C=C1,BrCC1=C2C=CC=CC2=CC=C1,"['AM-I', 'AM-III']","AM-I, AM-III",1,,96.58199353147583,58.49081353204476,86.93437656490971,,,,1,0.8109364779405421,1,0.96414690949159,0.6868508466198489,0.8924635187623525,,,,103.11758691252732,79.01188336462626,88.09790761762824,,,,,,
B-H,Cc1ccc(Nc2ccc(F)cc2C)cc1I,NC1=CC=C(C)C(I)=C1,CC1=CC(F)=CC=C1Br,['AM-I'],AM-I,1,,99.79796792815115,62.92846001810044,78.58041616899833,,,,1,0.843624518584832,0.9670321394794311,0.9731037817235955,0.4292865597822758,0.8913025014725482,,,,,,,,,,,,
B-H,Cc1ccc(Nc2ccccc2C(=O)c2ccccc2)cc1I,NC1=CC=C(C)C(I)=C1,O=C(C1=CC=CC=C1Br)C2=CC=CC=C2,['AM-I'],AM-I,1,,101.88702475723142,62.92846001810044,83.33263800676322,,,,1,0.8954113848338128,0.9858206618048106,0.9740210479584231,0.6841124752314949,0.874652223388162,,,,,,,,,,,,
B-H,CC1=CN=C(N(C2=CC=CC=C2)C(C)C)N=C1,CC(NC1=CC=CC=C1)C,CC1=CN=C(N=C1)Cl,['AM-I'],AM-I,1,,79.79091909039857,67.29311380584815,53.28993817820442,,,,1,0.9532411454567646,0.8631104388708326,0.761090182577627,0.4907870401620946,0.9660355460796967,,,,,,,,,,,,
B-H,CC1=CC(N2C=CC3=C2C=CC(C#N)=C3)=NC=C1,N#CC1=CC=C2NC=CC2=C1,CC1=CC(Cl)=NC=C1,['AM-I'],AM-I,1,,79.78222102926291,64.45981398014251,51.56434160967781,,,,1,0.8821493198479371,0.7356396293225798,0.6158336768151463,0.5120096694777436,0.7112325652143723,,,,,,,,,,,,
B-H,COC1=CN=C(N2C=NC3=C2C=CC=C3)N=C1,C12=CC=CC=C1NC=N2,COC1=CN=C(N=C1)Cl,['AM-I'],AM-I,1,,65.38220560022968,37.11149420120549,54.15545922842496,,,,1,0.9968954703199299,0.6535610805888838,0.6257119025640134,0.6531160846150084,0.7446936336342043,,,,,,,,,,,,
B-H,CCC(=O)C1=CC=C(N(CC)C2=CC=CC(C)=C2)C=C1,CC1=CC(NCC)=CC=C1,CCC(C1=CC=C(C=C1)Cl)=O,['AM-I'],AM-I,1,,94.18217043657265,64.54341130908595,76.63724617392951,,,,1,0.895325333134652,0.9670165402315413,0.9514954264243047,0.5207795510594401,0.9918869524695876,,,,,,,,,,,,
B-H,CC(=O)C1=CC=C(N(C2=CC=CC=C2)C2=CC3=C(C=C2)C2=C(C=CC=C2)C3(C)C)S1,CC1(C)C2=C(C3=C1C=CC=C3)C=CC(NC4=CC=CC=C4)=C2,ClC1=CC=C(S1)C(C)=O,['AM-VI'],AM-VI,1,,,,,,,,0.7306384185107982,0.7111987220674167,0.7368539924104632,0.699015701281427,0.7933726766471281,1,,,,,,,113.50255164963167,99.82815611604498,81.62287000406228,,,
B-H,CC(=O)C1=CC=C(N(C2=CC=C(C)C=C2)C2=CC=C(C)C=C2)S1,CC1=CC=C(NC2=CC=C(C)C=C2)C=C1,ClC1=CC=C(S1)C(C)=O,['AM-I'],AM-I,1,,95.96956646303042,86.74055687436405,67.17376573246335,,,,1,0.9393772283241899,0.9858642315945286,0.7822246745580645,0.6596954690640506,0.9780640155334809,,,,,,,,,,,,
B-H,COC(=O)c1ccc(Nc2cc(C)ccc2C)cc1OC,O=C(OC)C1=CC=C(N)C=C1OC,CC1=CC=C(C(Cl)=C1)C,['AM-III'],AM-III,1,,,,,,,,0.7813670459284073,0.7173977044406568,1,0.7643970295165757,0.7011015166308691,0.8739049724953105,,,,93.32092361844025,69.73638331633812,83.42604150637023,,,,,,
B-H,COc1ccc(Nc2cc(C)ccc2C)cc1,NC1=CC=C(OC)C=C1,CC1=CC=C(C(Cl)=C1)C,"['AM-I', 'AM-III']","AM-I, AM-III",1,,88.78186000559556,47.09915553174221,78.86800920989673,,,,1,0.7277001824493905,1,0.833367572756408,0.7215559233419275,0.8861790421909147,,,,93.1939361675419,70.25396020354802,83.42604150637023,,,,,,
B-H,CC1=CC(C)=C(NC2=C(C(O)=O)C=CN=C2)C=C1,NC1=CC=C(C)C=C1C,O=C(C1=CC=NC=C1Cl)O,['AM-III'],AM-III,0.850741014578317,,,,,,,,0.729584903370737,0.664994293129994,0.850741014578317,0.7183323650319098,0.6886003110432307,0.6587152421296238,,,,79.73912992407578,74.67956713920822,65.56753210100045,,,,,,
B-H,OC(C1=CC=NC=C1N(C2=CC=CC=C2)C3=CC=CC=C3)=O,C1(NC2=CC=CC=C2)=CC=CC=C1,O=C(C1=CC=NC=C1Cl)O,['AM-I'],AM-I,1,,60.61771383392082,80.80132714621278,38.185761670793944,,,,1,0.6460030881217409,0.8112297966359784,0.6944139652259518,0.49747777963965,0.799375447879907,,,,,,,,,,,,
B-H,OC(C1=CC=NC=C1NCC23CC4CC(C3)CC(C2)C4)=O,NCC12CC3CC(C2)CC(C3)C1,O=C(C1=CC=NC=C1Cl)O,['AM-III'],AM-III,0.8156126459563132,,,,,,,,0.7378243855088171,0.7621313376192393,0.8156126459563132,0.6339087670769888,0.6392011308601933,0.7228202855710216,,,,79.53561012183205,75.40343626858538,65.56753210100045,,,,,,
B-H,Cc1ccc(C)c(NCc2ccccc2F)c1,NCC1=CC=CC=C1F,CC1=CC=C(C(Cl)=C1)C,"['AM-I', 'AM-III']","AM-I, AM-III",1,,90.6181150693618,47.44037133805179,78.86800920989673,,,,1,0.8319827628756771,1,0.6972150540518837,0.7263636881709903,0.799623192636242,,,,96.1655318825733,70.7083133969172,83.42604150637023,,,,,,
B-H,COc1cc(F)c(cc1Nc1cc(C)ccc1C)[N+]([O-])=O,NC1=CC([N+]([O-])=O)=C(F)C=C1OC,CC1=CC=C(C(Cl)=C1)C,"['AM-I', 'AM-VI']","AM-I, AM-VI",1,,89.41803991789033,58.00516691554539,78.86800920989673,,,,1,0.9031549309425383,0.9907444659574985,0.7706649350649215,0.7183813975108944,1,,,,,,,81.27988172096656,66.70676140717438,90.43706934068722,,,
B-H,CC1=CC(C)=NC(NC2=NC=C(C(F)(F)F)C=N2)=C1,CC1=CC(C)=CC(N)=N1,FC(F)(F)C1=CN=C(N=C1)Cl,['AM-VI'],AM-VI,0.8455568000584109,,,,,,,,0.7468541681753398,0.8156491347346457,0.7138342101657227,0.8336126457264497,0.7455224210361371,0.8455568000584109,,,,,,,72.67757582405471,64.31154394168937,77.72458090342417,,,
B-H,CC1=C(OC)C=CC(NC2=NC=C(C=N2)C(F)(F)F)=C1,NC1=CC=C(OC)C(C)=C1,FC(F)(F)C1=CN=C(N=C1)Cl,['AM-I'],AM-I,1,,84.01807765133108,48.90670580083386,66.75589062456883,,,,1,0.9953124777609336,0.8630385451782616,0.9596852926997306,0.741062637876734,0.6942326552147898,,,,,,,,,,,,
B-H,CC1=NC=CN1C2=CC=C(NC3=NC=C(C(F)(F)F)C=N3)C=C2,NC1=CC=C(N2C=CN=C2C)C=C1,FC(F)(F)C1=CN=C(N=C1)Cl,['AM-I'],AM-I,1,,54.01748201346035,31.352050369155023,66.75589062456883,,,,1,0.9526816516113139,0.6640659655796819,0.8641028205689674,0.7526044529890367,0.8922360884391934,,,,,,,,,,,,
B-H,COC(C1=C(F)C=C(NC2=NC=C(C(F)(F)F)C=N2)C=C1)=O,O=C(OC)C1=CC=C(N)C=C1F,FC(F)(F)C1=CN=C(N=C1)Cl,['AM-I'],AM-I,1,,81.70259687639017,55.437013841353426,66.75589062456883,,,,1,0.9889576546252203,0.9031142729194561,0.8888272025876492,0.6607177274463567,0.6867885568759442,,,,,,,,,,,,
B-H,CC1=NC=CN1C2=CC=C(NC3=C([N+]([O-])=O)C=CC=C3[N+]([O-])=O)C=C2,NC1=CC=C(N2C=CN=C2C)C=C1,O=[N+]([O-])C1=C(C([N+]([O-])=O)=CC=C1)Cl,"['AM-I', 'AM-II']","AM-I, AM-II",1,,52.217562930430546,31.352050369155023,76.10930536192609,47.28841200991152,34.46017320177451,60.26095133065631,1,1,0.8599616961123263,0.8295924017196555,0.7295045990418467,0.74661864468653,,,,,,,,,,,,
B-H,CC(C1=CC(C)=C(NC2=CC3=NC=CN=C3C=C2)C=C1)=O,NC1=CC=C2N=CC=NC2=C1,CC(C1=CC=C(C(C)=C1)Cl)=O,"['AM-V', 'AM-VI']","AM-V, AM-VI",1,,,,,,,,0.7955872989520238,0.9153427996412192,0.7758177821078572,0.6455695805109536,1,1,,,,,,,71.65254086404224,60.5474190732731,82.82098513694021,69.35231150578458,60.22013899468871,78.4990303726251
B-H,CCOC(=O)c1cccc(Nc2ccc(cc2C)C(C)=O)c1,O=C(OCC)C1=CC=CC(N)=C1,CC(C1=CC=C(C(C)=C1)Cl)=O,['AM-I'],AM-I,1,,81.6181638084133,52.90456425927918,69.09622928801923,,,,1,0.7390506150471323,0.9780554718122725,0.8494148356323833,0.7413306815552183,0.7440229884951376,,,,,,,,,,,,
B-H,CC(C1=CC(C)=C(NC2=NC(C)=CC(C)=C2)C=C1)=O,CC1=CC(C)=CC(N)=N1,CC(C1=CC=C(C(C)=C1)Cl)=O,"['AM-I', 'AM-III']","AM-I, AM-III",1,,52.21771272872489,32.161711882283285,69.09622928801923,,,,1,0.7906658765704352,1,0.9947863417819005,0.9162768935935539,0.9604303800337659,,,,86.46424904370458,64.81576752798252,74.92975680554552,,,,,,
B-H,CC(C=C1)=CC=C1NC(C(C)=C2)=CC=C2C(C)=O,NC1=CC=C(C)C=C1,CC(C1=CC=C(C(C)=C1)Cl)=O,['AM-I'],AM-I,1,,82.21813831625667,49.33059974412717,69.09622928801923,,,,1,0.7092702058578726,0.9576689229716505,0.8632714585290391,0.7423461506519589,0.7805134379330576,,,,,,,,,,,,
B-H,CC(C)CNc1ccc(cc1C)C(C)=O,NCC(C)C,CC(C1=CC=C(C(C)=C1)Cl)=O,"['AM-I', 'AM-III']","AM-I, AM-III",1,,79.78190353819693,39.62289155362517,69.09622928801923,,,,1,0.7089214462485249,1,0.6714702187848709,0.8140430276482459,0.9156400137077597,,,,83.96858573492229,63.81473857743036,74.92975680554552,,,,,,
B-H,CC1=NC(NC2=NC=CC(C(F)(F)F)=C2)=NC(C)=C1,NC1=NC(C)=CC(C)=N1,FC(F)(F)C1=CC(Cl)=NC=C1,"['AM-I', 'AM-VI']","AM-I, AM-VI",1,,76.7818324260468,34.734058772435354,62.4112853742092,,,,1,0.7332199558477024,0.8826945693520598,0.5129559270600617,0.647400358776183,1,,,,,,,71.42766775252434,59.248812253868074,82.25037647597686,,,
B-H,CC1=C(NC2=NC3=CC=CC=C3C=C2)C=C(I)C=C1,NC1=CC(I)=CC=C1C,ClC1=NC2=CC=CC=C2C=C1,['AM-III'],AM-III,0.9982147062748611,,,,,,,,0.5860055523117316,0.9444636835189171,0.9982147062748611,0.617546380486381,0.6048498392182011,0.9152173357881989,,,,99.41017804599963,83.45202447736011,74.82907851210945,,,,,,
B-H,COC1=CC(NC2=NC3=CC=CC=C3C=C2)=C(OC)C=C1,NC1=CC(OC)=CC=C1OC,ClC1=NC2=CC=CC=C2C=C1,['AM-I'],AM-I,1,,55.81809876418424,45.9265614590651,65.45289551808875,,,,1,0.7885570075213684,0.9808998660079313,0.728423519154498,0.7613638640302207,0.9287526510417158,,,,,,,,,,,,
B-H,N#CC1=CC=C(C=C1)NC2=CNN=C2C,N#CC1=CC=C(N)C=C1,CC1=NNC=C1Br,['AM-II'],AM-II,0.8372321604613624,,,,,55.42996991726759,47.27477074425339,49.320640762946795,0.3842134933373943,0.8372321604613624,0.5910033867414934,0.686504294912359,0.5187523012356858,0.7698883747127446,,,,,,,,,,,,
B-H,FC1=CC(NC2=CC(C(OC)=O)=CC=N2)=CC=C1,NC1=CC=CC(F)=C1,O=C(OC)C1=CC=NC(Br)=C1,['AM-I'],AM-I,1,,76.18196239374257,48.78047877962187,65.97773822445737,,,,1,0.6393999127026178,0.9198568686261548,0.8056721172258738,0.4422973951344834,0.7010646688205361,,,,,,,,,,,,
B-H,CC1=CC(C)=CC(NC2=CC=CC=C2)=N1,CC1=CC(C)=CC(N)=N1,BrC1=CC=CC=C1,"['AM-I', 'AM-VI']","AM-I, AM-VI",1,,49.817726199876915,32.161711882283285,72.8338630829014,,,,1,0.7853161060643302,0.7681077480011494,0.8305828402500706,0.9065929795554811,1,,,,,,,75.7132782761096,64.31154394168937,86.235636296921,,,
B-H,C1(NC2=CN=C3NC=CC3=N2)=CC=C4N=CC=NC4=C1,NC1=CC=C2N=CC=NC2=C1,BrC1=CN=C2NC=CC2=N1,['AM-I'],AM-I,0.825438545195244,,52.21813892586759,39.33421761511118,57.18576931987773,,,,0.825438545195244,0.5419359301177142,0.5546041749706123,0.6553281534358818,0.6730810198102519,0.7048072108751915,,,,,,,,,,,,
B-H,FC1=NC=C(NC(C=C2)=CC3=C2NN=C3C)C=C1,FC1=NC=C(C=C1)N,CC1=NNC2=C1C=C(Br)C=C2,['AM-VI'],AM-VI,0.9346860517407571,,,,,,,,0.744646138159902,0.8511410055682592,0.7695097243553459,0.7292704745400334,0.8304041571608485,0.9346860517407571,,,,,,,68.7892410009963,61.72906526429581,80.05393346619927,,,
B-H,O=C(C1=CC=C(C=C1)NC(C=C2)=CC(OC)=C2C=O)OC,O=C(OC)C1=CC=C(N)C=C1,O=CC1=C(C=C(C=C1)Br)OC,['AM-VI'],AM-VI,1,,,,,,,,0.6776306330707558,0.8606269337633203,0.6808880524147674,0.6604230228676582,0.5454804691605641,1,,,,,,,76.69072637810758,66.28717158033464,86.4948380750968,,,
B-H,COC(=O)c1ccccc1Nc1ccc2nccnc2c1,NC1=CC=C2N=CC=NC2=C1,O=C(OC)C1=CC=CC=C1Br,['AM-VI'],AM-VI,1,,,,,,,,0.7922112468397662,0.7548311655018853,0.6948222745643843,0.8043673549180663,0.9169088084880219,1,,,,,,,72.30981651985854,60.5474190732731,84.53646958187495,,,
B-H,CC1(C)c2ccccc2-c2ccc(Nc3ccc4nccnc4c3)cc12,NC1=CC=C2N=CC=NC2=C1,CC1(C)C2=C(C3=C1C=CC=C3)C=CC(Br)=C2,"['AM-I', 'AM-VI']","AM-I, AM-VI",1,,87.61807372349097,39.33421761511118,98.4800468682524,,,,1,0.8971260531236677,0.6846964858386642,0.7616402217948289,0.8793450797160828,1,,,,,,,91.19067332880091,60.5474190732731,110.67693824303296,,,
B-H,Cc1ccc(Nc2cncc3ccccc23)cc1,NC1=CC=C(C)C=C1,BrC1=CN=CC2=C1C=CC=C2,['AM-III'],AM-III,1,,,,,,,,0.6190480046446114,0.49989879882643273,1,0.6436429029905173,0.3394486425560225,0.893117514906236,,,,98.58520317332398,74.98943333715812,87.87277395696155,,,,,,
B-H,CC1=CC(NC(C=CC2=C3)=CC2=NN3C)=NO1,NC1=NOC(C)=C1,CN1N=C2C=C(Br)C=CC2=C1,['AM-VI'],AM-VI,1,,,,,,,,0.9202385804916843,0.725191594303378,0.7925287123233726,0.7741816777966544,0.6705134928096901,1,,,,,,,71.96190871038844,61.09789362701589,87.21356345233443,,,
B-H,CC(C=CC1=CC=C2)=NC1=C2NC3=CC4=C(C=C3)C=NC=C4,NC1=C2N=C(C=CC2=CC=C1)C,BrC1=CC2=C(C=NC=C2)C=C1,['AM-III'],AM-III,1,,,,,,,,0.9060607174542485,0.6778889704551405,1,0.608088351689644,0.6489916383994523,0.9127796303316099,,,,101.75525550150402,75.95674646875848,84.97607790087575,,,,,,
B-H,ClC(C=C1)=CN=C1NC2=C3OC=CC3=CC=C2,NC1=NC=C(C=C1)Cl,BrC1=C(OC=C2)C2=CC=C1,"['AM-III', 'AM-VI']","AM-III, AM-VI",1,,,,,,,,0.8488124657050743,0.7921727667637575,1,0.8505647605876503,0.8377428449040246,1,,,,102.74783320923655,69.56596111567018,87.43253510290091,80.16829642522993,65.5050600415921,89.97282305740977,,,
B-H,COC(=O)c1ccccc1Nc1ccc(OC)nc1,NC1=CC=C(OC)N=C1,O=C(OC)C1=CC=CC=C1Br,"['AM-I', 'AM-VI']","AM-I, AM-VI",1,,85.18189112095396,37.66017850268299,72.6180649797034,,,,1,0.7117748550542169,0.8321977102491638,0.7296343092198716,0.913475094295095,1,,,,,,,70.5047265306984,60.46616908311392,84.53646958187495,,,
B-H,O=C(c1ccccc1)c1ccccc1Nc1ccc2nccnc2c1,NC1=CC=C2N=CC=NC2=C1,O=C(C1=CC=CC=C1Br)C2=CC=CC=C2,['AM-VI'],AM-VI,1,,,,,,,,0.6602041951586664,0.7313308488965995,0.7852469288193947,0.6180062741674545,0.9842301989782553,1,,,,,,,74.36163136441908,60.5474190732731,91.06277130497921,,,
B-H,Cc1ccccc1Nc1ccc2nccnc2c1,NC1=CC=C2N=CC=NC2=C1,CC1=CC=CC=C1Br,"['AM-II', 'AM-VI']","AM-II, AM-VI",1,,,,,54.14309062918362,37.34894165762837,63.346982805377394,0.8960531635222593,1,0.6957612213092689,0.7200628281405874,0.8576225722744468,1,,,,,,,73.26401974990819,60.5474190732731,89.07097834444633,,,
B-H,COC(C=C1)=CC=C1NC(C=C2)=NC=C2C,NC1=CC=C(OC)C=C1,CC1=CN=C(Br)C=C1,['AM-VI'],AM-VI,0.9568367783729125,,,,,,,,0.6101617898321339,0.7837738361474156,0.8050724883242931,0.6036706705000303,0.6895405216799937,0.9568367783729125,,,,,,,74.58506987892218,66.2058065296568,82.9238588473323,,,
B-H,C1(NC2=CN3C(C=C2)=NC=N3)=CC=C4N=CC=NC4=C1,NC1=CC=C2N=CC=NC2=C1,BrC1=CN2C(C=C1)=NC=N2,['AM-VI'],AM-VI,0.8713361418194309,,,,,,,,0.7203899030576283,0.5882436775601703,0.8085903397755537,0.6050327082393461,0.5201852108548388,0.8713361418194309,,,,,,,65.79499169297871,60.5474190732731,74.7261024853102,,,
B-H,CC1=CC(C)=NC(NC2=CC=C(C=N2)OC)=N1,NC1=NC(C)=CC(C)=N1,COc1cnc(Br)cc1,['AM-I'],AM-I,1,,52.09980226547675,34.734058772435354,61.781904989392515,,,,1,0.6903058835214329,0.9962455692380978,0.5142086070167803,0.5595083398824434,0.9502522044708219,,,,,,,,,,,,
B-H,CC1=CC(C)=CC(NC2=CC=C3SC=NC3=C2)=N1,CC1=CC(C)=CC(N)=N1,BrC1=CC=C(SC=N2)C2=C1,"['AM-I', 'AM-IV', 'AM-VI']","AM-I, AM-IV, AM-VI",1,,56.1197280708208,32.161711882283285,74.3834667574061,,,,1,0.9386919163644597,0.6874110541734801,1,0.8203785452980674,1,54.26161863923604,43.64738045387866,64.39100211810987,,,,77.70542484347945,64.31154394168937,87.26681350321763,,,
B-H,CC1=CC(C)=CC(NC(C=C2)=NC=C2C)=N1,CC1=CC(C)=CC(N)=N1,CC1=CN=C(Br)C=C1,['AM-I'],AM-I,1,,44.82190066717261,32.161711882283285,55.478836676488164,,,,1,0.952155714592453,0.7277870244976449,0.6584397871835768,0.7585024024308724,0.958288608964863,,,,,,,,,,,,
B-H,COC1=CC=C(OC)C(NC2=CC=NC3=CC=CC=C23)=C1,NC1=CC(OC)=CC=C1OC,BrC1=CC=NC2=CC=CC=C12,['AM-III'],AM-III,0.9555022800620006,,,,,,,,0.8013996906105156,0.7392172200173464,0.9555022800620006,0.7135031461951346,0.688646251985572,0.8893183312691312,,,,86.31803955008493,69.86302681123435,78.43988686290723,,,,,,
B-H,COC(C(C)=C1)=CC=C1NC2=CN=CC(CO)=C2,NC1=CC=C(OC)C(C)=C1,OCC1=CC(Br)=CN=C1,['AM-II'],AM-II,0.7719407979924507,,,,,53.69914508499873,49.72283025735468,42.67868940950221,0.36430743983962555,0.7719407979924507,0.6781610565528166,0.6329836844267988,0.5688528308463945,0.6659113662374684,,,,,,,,,,,,
B-H,COC(C(C)=C1)=CC=C1NC2=CN=C(SC)N=C2C(OC)=O,NC1=CC=C(OC)C(C)=C1,O=C(C1=NC(SC)=NC=C1Br)OC,['AM-I'],AM-I,1,,84.58179543896914,48.90670580083386,71.44467041621078,,,,1,0.8995315100480568,0.9118721374167396,0.9125610403118036,0.6275733588395602,0.78533388409263,,,,,,,,,,,,
B-H,[O-][N+](C(C=C(C=C1C)C)=C1NC2=CC(N(C)C)=CC=C2)=O,NC1=C([N+]([O-])=O)C=C(C)C=C1C,CN(C)C1=CC=CC(Br)=C1,['AM-VI'],AM-VI,1,,,,,,,,0.8680076220330691,0.8144809394766385,0.9937860007335568,0.6992405873942819,0.48021182596858547,1,,,,,,,77.0684406831328,66.0771733969249,87.24446109985419,,,
B-H,FC(F)(F)C1=CC=CC(NC(C=C2)=NC=C2C)=C1,NC1=CC(C(F)(F)F)=CC=C1,CC1=CN=C(Br)C=C1,['AM-I'],AM-I,0.9785051553856424,,69.58187398582098,60.506589391754886,55.478836676488164,,,,0.9785051553856424,0.9531720251070499,0.9709511981409357,0.437323555047084,0.6335119232923132,0.7300354548532638,,,,,,,,,,,,
B-H,FC1=NC=C(NC2=CC3=C(C=C2)C=NC=C3)C=C1,FC1=NC=C(C=C1)N,BrC1=CC2=C(C=NC=C2)C=C1,['AM-VI'],AM-VI,1,,,,,,,,0.6395492982250199,0.7295945227830372,0.6853631512482967,0.6848271465169169,0.750883638182033,1,,,,,,,73.68781524333276,61.72906526429581,88.09223438401892,,,
B-H,O=CC(S1)=CN=C1NC2=CN=CC3=C2C=CC=C3,NC1=NC=C(C=O)S1,BrC1=CN=CC2=C1C=CC=C2,['AM-I'],AM-I,1,,48.617997023397116,37.11745893262309,59.58174539494492,,,,1,0.6943047561536816,0.8551973285633032,0.5395250446789495,0.5751373657256732,0.9020243696460175,,,,,,,,,,,,
B-H,ClC(C=C1)=CN=C1NC2=CN3C(C=C2)=NC=C3,NC1=NC=C(C=C1)Cl,BrC1=CN2C(C=C1)=NC=C2,['AM-I'],AM-I,0.89898091419028,,54.581779655337925,43.01458871031729,47.329710798574624,,,,0.89898091419028,0.4145182149697443,0.8524992751473747,0.6796625851045651,0.6326098623943498,0.6533070066924398,,,,,,,,,,,,
B-H,FC(F)(F)C1=CC=C(C(F)(F)F)C(NC2=NC3=CC=CC=C3N=C2)=C1,NC1=CC(C(F)(F)F)=CC=C1C(F)(F)F,BrC1=NC2=CC=CC=C2N=C1,['AM-III'],AM-III,1,,,,,,,,0.9556050523400644,0.9081463274004369,1,0.5519910743213321,0.6293387925904987,0.8906656827241347,,,,105.22719240608014,92.08724852679521,79.23150331075004,,,,,,
B-H,CC1=NC=CC(NC(C=C2)=NC=C2C)=C1,CC1=NC=CC(N)=C1,CC1=CN=C(Br)C=C1,['AM-VI'],AM-VI,1,,,,,,,,0.9952728973941067,0.9942049171502736,0.9713753445398099,0.6631851225800525,0.6168666801987839,1,,,,,,,69.27549378339242,60.0851654206388,82.9238588473323,,,
B-H,FC1=CC(NC2=CN=C3C=CC=NN32)=CC=C1,NC1=CC=CC(F)=C1,BrC1=CN=C2C=CC=NN21,['AM-III'],AM-III,0.9564300351899767,,,,,,,,0.45212591140112735,0.4472998439805236,0.9564300351899767,0.41235487992783004,0.33870205020626687,0.6670084383399495,,,,80.40964688382334,71.12419207824635,71.4792799371739,,,,,,
B-H,[O-][N+](C1=CC=C(C)C(NC(C=CC2=C3)=CC2=NN3C)=C1)=O,NC1=CC([N+]([O-])=O)=CC=C1C,CN1N=C2C=C(Br)C=CC2=C1,['AM-VI'],AM-VI,1,,,,,,,,0.8335200460705737,0.6619046614838147,0.9756331075530359,0.7032406849282556,0.4400896239573171,1,,,,,,,75.9887302344506,64.49043538568962,87.21356345233443,,,
B-H,N#CC(C=C1)=NC=C1NC2=NC3=CC=CC=C3C=C2,NC1=CN=C(C=C1)C#N,BrC1=NC2=CC=CC=C2C=C1,['AM-VI'],AM-VI,1,,,,,,,,0.8043899320544272,0.7440779352753619,0.8793914824855077,0.7416638797577315,0.7167127844965011,1,,,,,,,66.87066081573614,57.678045921664555,87.46657979628291,,,
B-H,ClC(C=C1)=CN=C1NC2=CC3=C(C=NN3)C=C2,NC1=NC=C(C=C1)Cl,BrC1=CC2=C(C=C1)C=NN2,['AM-IV'],AM-IV,0.8691190541532776,,,,,,,,0.6170557976115236,0.5991105236412525,0.832964431712566,0.8691190541532776,0.6921171962083396,0.8265338353906425,56.41479889786411,47.531235753832796,62.50788590477351,,,,,,,,,
B-H,CSC(C=C1)=CC=C1NC2=CC=CC(C=O)=N2,NC1=CC=C(SC)C=C1,O=Cc1nc(Br)ccc1,['AM-I'],AM-I,0.9941974431158197,,78.58217874920743,55.08289351672458,63.010581004528056,,,,0.9941974431158197,0.6325938081005349,0.9599196765847166,0.36352293159596216,0.6717601877447914,0.6318272919889675,,,,,,,,,,,,
Carboxylic-Acid-Esterification,O=C(C1=CC=C(C=C1)F)OC(C=C(C=C2OCC3=CC=CC=C3)OCC4=CC=CC=C4)=C2C(C)=O,CC(=O)C1=C(O)C=C(OCC2=CC=CC=C2)C=C1OCC1=CC=CC=C1,OC(=O)C1=CC=C(F)C=C1,"['AM-I', 'AM-III']","AM-I, AM-III",1,,97.72077557863786,84.7422979401247,54.452385570868266,,,,1,0.8773404641617151,1,0.8271648716466196,0.8478582056860905,0.9967458832894195,,,,102.67221858527867,92.64656538242203,66.95319795816506,,,,,,
Carboxylic-Acid-Esterification,O=C(C1=CC(Br)=NC=C1)OC(C=C(C=C2OCC3=CC=CC=C3)OCC4=CC=CC=C4)=C2C(C)=O,CC(=O)C1=C(O)C=C(OCC2=CC=CC=C2)C=C1OCC1=CC=CC=C1,O=C(O)C1=CC(Br)=NC=C1,"['AM-I', 'AM-VI']","AM-I, AM-VI",1,,97.58505905337952,84.7422979401247,52.55288350407041,,,,1,0.6780965668095207,0.9146898915169339,0.711616661078646,0.8489149249546106,1,,,,,,,88.5703426487552,75.1830552390209,62.96212078639795,,,
Carboxylic-Acid-Esterification,O=C(Oc1c2nc(C)ccc2ccc1)C3=CC(C)=NC4=CC=CC=C34,Cc1ccc2cccc(O)c2n1,O=C(C1=CC(C)=NC2=CC=CC=C12)O,['AM-III'],AM-III,1,,,,,,,,0.9602536873022445,0.9847215569521854,1,0.954951750532892,0.5634929538161388,0.9859006805840589,,,,91.57658092968524,73.69748742760795,61.44483523643058,,,,,,
Carboxylic-Acid-Esterification,O=C(Cc1c(F)cc(F)c(F)c1)OC2CN(CCC2)CC,OC1CN(CC)CCC1,O=C(O)Cc1cc(F)c(F)cc1F,"['AM-I', 'AM-III']","AM-I, AM-III",1,,52.017506484729424,37.10341692533204,61.85515957140727,,,,1,0.8407779335126848,1,0.7467733052405634,0.8716896923060167,0.9954313859848914,,,,89.12579412331624,65.58387585359546,75.86867768323107,,,,,,
Carboxylic-Acid-Esterification,O=C(Cc1c(F)cc(F)c(F)c1)OCC2=CC=CN=C2OC,OCC1=CC=CN=C1OC,O=C(O)Cc1cc(F)c(F)cc1F,['AM-I'],AM-I,1,,82.21968021012971,42.41871179649322,61.85515957140727,,,,1,0.6412668339180783,0.9843906787271002,0.6438097140901865,0.9647867392621533,0.8648183434146449,,,,,,,,,,,,
Carboxylic-Acid-Esterification,O=C(Cc1c(F)cc(F)c(F)c1)OCC2=CC=C(C=C2)N3N=CC=C3,OCC1=CC=C(N2N=CC=C2)C=C1,O=C(O)Cc1cc(F)c(F)cc1F,['AM-VI'],AM-VI,1,,,,,,,,0.9858337231325431,0.9668610024060827,0.9947714550067519,0.6197802907836396,0.7716480753173804,1,,,,,,,83.42730895204564,60.90698720492162,70.39533365997428,,,
Carboxylic-Acid-Esterification,O=C(C1CC2=C(C=CC=C2)C1)OCC3=CC=C(C=C3)N4N=CC=C4,OCC1=CC=C(N2N=CC=C2)C=C1,O=C(O)C1CC2=C(C1)C=CC=C2,['AM-I'],AM-I,0.9932389100773045,,86.98182315581514,55.47308753651329,63.22363811879916,,,,0.9932389100773045,0.9487714866698216,0.9825597509261393,0.7538770619926872,0.6846723754836915,0.9816782380248729,,,,,,,,,,,,
Carboxylic-Acid-Esterification,O=C(OCC1OCCC1)C2=CC=NN2C(C)C,OCC1OCCC1,O=C(C1=CC=NN1C(C)C)O,['AM-I'],AM-I,1,,70.9825716459839,42.769622528373496,53.81233022341388,,,,1,0.9659464039859196,0.882492727600783,0.9240245696900191,0.6409854108389006,0.9728350382913664,,,,,,,,,,,,
Carboxylic-Acid-Esterification,O=C(OCC1=CC=CN=C1NC)C2=CC(Br)=CS2,OCC1=CC=CN=C1NC,O=C(C1=CC(Br)=CS1)O,['AM-V'],AM-V,1,,,,,,,,0.64167167015059,0.6430201501490169,0.8566124639961943,0.7305411427659355,1,0.7312996254419701,,,,,,,,,,70.08592925930202,59.9032852661676,80.98193965257349
Carboxylic-Acid-Esterification,O=C(OCCN(C1=NC=CC=C1)C)C2=CC(Br)=CS2,CN(CCO)C1=NC=CC=C1,O=C(C1=CC(Br)=CS1)O,"['AM-V', 'AM-VI']","AM-V, AM-VI",1,,,,,,,,0.7452935931126643,0.6175110745980419,0.797456521078651,0.6211632814151082,1,1,,,,,,,81.72979502440593,55.93376955376341,72.52305084208334,68.75657441137376,59.64711223264568,80.98193965257349
Carboxylic-Acid-Esterification,O=C(OCC1=CC=C(C=C1)N2N=CC=C2)C3=C(C=C4C=CC=CC4=C3)OC,OCC1=CC=C(N2N=CC=C2)C=C1,O=C(C1=C(OC)C=C2C=CC=CC2=C1)O,"['AM-I', 'AM-VI']","AM-I, AM-VI",1,,86.16974005525414,55.47308753651329,65.58596885469937,,,,1,0.9806940095066293,0.9971861205755217,0.8149829215991198,0.9054057947246414,1,,,,,,,87.84871305560824,60.90698720492162,71.48689172055006,,,
Carboxylic-Acid-Esterification,O=C(OCC1N(CCC1)C)C2=C(C=C3C=CC=CC3=C2)OC,OCC1N(C)CCC1,O=C(C1=C(OC)C=C2C=CC=CC2=C1)O,['AM-VI'],AM-VI,1,,,,,,,,0.6873584336679273,0.7435399793331674,0.9167729515356775,0.7396350988255165,0.9822581877896018,1,,,,,,,86.52484589418799,62.28231143245185,71.48689172055006,,,
Carboxylic-Acid-Esterification,O=C(OCC1=NC=CC(Cl)=C1)COC2=CC=CC=C2,OCC1=NC=CC(Cl)=C1,O=C(COC1=CC=CC=C1)O,['AM-I'],AM-I,1,,74.33974334535043,44.648708007037825,54.43219105475764,,,,1,0.6603450072774293,0.9896687008425732,0.8107153657107167,0.6648663480651709,0.9804404796403818,,,,,,,,,,,,
Carboxylic-Acid-Esterification,O=C(OCC1=NC=CC(Cl)=C1)C2=CC=C(C)C(F)=C2,OCC1=NC=CC(Cl)=C1,O=C(C1=CC=C(C(F)=C1)C)O,"['AM-I', 'AM-III']","AM-I, AM-III",1,,85.38364885398741,44.648708007037825,59.51025939621711,,,,1,0.9935385440295695,1,0.9872657484926021,0.9992789133591341,0.9775996436010258,,,,87.15634338080736,63.07990987826666,72.36270857245509,,,,,,
Carboxylic-Acid-Esterification,O=C(C1CC2=C(C=CC=C2)C1)OCC3=CC=CN=C3OC,OCC1=CC=CN=C1OC,O=C(O)C1CC2=C(C1)C=CC=C2,['AM-I'],AM-I,1,,85.78226641694094,42.41871179649322,63.22363811879916,,,,1,0.6354558698616145,0.9708579345409344,0.7879882187132239,0.9077388819442821,0.8991737046674236,,,,,,,,,,,,
Carboxylic-Acid-Esterification,CC(C1=CC=CC=C1O2)=C2C(OCC(CC3)CCN3C(OCC4=CC=CC=C4)=O)=O,O=C(N1CCC(CO)CC1)OCC2=CC=CC=C2,OC(C1=C(C2=CC=CC=C2O1)C)=O,['AM-III'],AM-III,0.9853700262336124,,,,,,,,0.9536599159055689,0.9370148630733653,0.9853700262336124,0.9564653550460408,0.6885401444259,0.9757951247774012,,,,94.57287265246796,72.98325968852292,78.89340922906186,,,,,,
Carboxylic-Acid-Esterification,O=C(OCC1=CC(Cl)=NC(Cl)=C1)C2=C(C)C=C(C)C=C2C,OCC1=CC(Cl)=NC(Cl)=C1,O=C(C1=C(C=C(C=C1C)C)C)O,['AM-I'],AM-I,1,,96.61770056291414,54.152970124999754,68.05825361788008,,,,1,0.9923903086343252,0.9746727724765858,0.9796054988016623,0.9556342043952271,0.969023614659085,,,,,,,,,,,,
Carboxylic-Acid-Esterification,FC1=CC(F)=CC(CC(OCC2=CC=CN=C2OC)=O)=C1,OCC1=CC=CN=C1OC,OC(CC1=CC(F)=CC(F)=C1)=O,['AM-I'],AM-I,1,,83.04436159806409,42.41871179649322,63.254901340215596,,,,1,0.66350475976715,0.9903963715977141,0.6602682104029245,0.9373969742878207,0.860610120312534,,,,,,,,,,,,
Carboxylic-Acid-Esterification,CC(C1=CC=CC=C1O2)=C2C(OCC3=NC4=CC=C(C=C4N3)Cl)=O,OCC1=NC2=CC=C(Cl)C=C2N1,OC(C1=C(C2=CC=CC=C2O1)C)=O,"['AM-I', 'AM-III']","AM-I, AM-III",1,,79.21802131948385,42.416568907508534,64.79332836878291,,,,1,0.8084649270253905,1,0.9662754153452434,0.6884181094670098,0.9749788711034882,,,,92.53514819318349,64.15929688584146,78.89340922906186,,,,,,
Carboxylic-Acid-Esterification,O=C(OCC1=CC=C(C=C1)C#C)C2CN(CCO2)CC3=CC=CC=C3,OCC1=CC=C(C#C)C=C1,O=C(C1CN(CC2=CC=CC=C2)CCO1)O,['AM-VI'],AM-VI,0.9900409183884665,,,,,,,,0.9892258566080023,0.7817549761877439,0.975409858666813,0.9144729384492839,0.6330691879997117,0.9900409183884665,,,,,,,79.02341900513048,66.27005874054638,59.63633653144674,,,
Carboxylic-Acid-Esterification,CC(C1=CC=CC=C1O2)=C2C(OC3CCN(CC3)C)=O,OC1CCN(C)CC1,OC(C1=C(C2=CC=CC=C2O1)C)=O,['AM-VI'],AM-VI,0.9838268778010718,,,,,,,,0.7754733950308208,0.7948323833731227,0.9691868343076593,0.7747548920907588,0.9105303811050173,0.9838268778010718,,,,,,,80.10177728972248,59.47032892260194,64.62759508813659,,,
Carboxylic-Acid-Esterification,O=C(OCC1=NC2=CC=C(C=C2N1)Cl)C3=CC=C(OC)C=C3OC,OCC1=NC2=CC=C(Cl)C=C2N1,O=C(C1=CC=C(C=C1OC)OC)O,['AM-I'],AM-I,1,,70.21769834579294,42.416568907508534,53.31833174316685,,,,1,0.9030069617044643,0.9757731500313388,0.9564645486131415,0.5559023729767019,0.9706241445119954,,,,,,,,,,,,
Carboxylic-Acid-Esterification,O=C(OCC(CC1)CCN1C(OCC2=CC=CC=C2)=O)C3=CC=C(OC)C=C3OC,O=C(N1CCC(CO)CC1)OCC2=CC=CC=C2,O=C(C1=CC=C(C=C1OC)OC)O,['AM-I'],AM-I,1,,85.18194057433774,64.35697590943379,53.31833174316685,,,,1,0.9408350920158524,0.9807797041480242,0.9118179866256256,0.6680128970402339,0.9714403981859084,,,,,,,,,,,,
Carboxylic-Acid-Esterification,O=C(C1=CC2=C(N1)C=CC(OC)=C2)OCC3OCCC3,OCC1OCCC1,O=C(O)C1=CC2=C(C=CC(OC)=C2)N1,['AM-I'],AM-I,1,,71.9818056278329,42.769622528373496,56.86017888767984,,,,1,0.9561935244763589,0.9601044592934025,0.9445482694303573,0.7247616083598423,0.9717179718246873,,,,,,,,,,,,
Carboxylic-Acid-Esterification,CC(C1=CC=C(CC2CCCC2=O)C=C1)C(Oc3cnc(OC)cc3)=O,COc1ccc(O)cn1,CC(C(O)=O)C1=CC=C(C=C1)CC2CCCC2=O,"['AM-I', 'AM-III', 'AM-VI']","AM-I, AM-III, AM-VI",1,,84.58203004872836,45.73447938082033,66.99660828101631,,,,1,0.8349339972311349,1,0.8412300536772227,0.776346469916821,1,,,,90.46302893687516,63.760008444772254,75.48272788311507,86.17849058730235,58.60708960245898,73.30375063528308,,,
