Reaction_type,P,S1,S2,pred_best_methods,pred_best_methods_str,pred_best_score,error,pred_AM-I_P,pred_AM-I_S1,pred_AM-I_S2,pred_AM-II_P,pred_AM-II_S1,pred_AM-II_S2,pred_score_AM-I,pred_score_AM-II,pred_score_AM-III,pred_score_AM-IV,pred_score_AM-V,pred_score_AM-VI,pred_AM-IV_P,pred_AM-IV_S1,pred_AM-IV_S2,pred_AM-III_P,pred_AM-III_S1,pred_AM-III_S2,pred_AM-VI_P,pred_AM-VI_S1,pred_AM-VI_S2,pred_AM-V_P,pred_AM-V_S1,pred_AM-V_S2
SNAr,O=C(C1=CC=CC=C1)C2=CC=CC=C2N(CCC3)CC3C,CC1CNCCC1,O=C(C1=CC=CC=C1F)C2=CC=CC=C2,"['AM-I', 'AM-II']","AM-I, AM-II",1.0,,93.58200705269786,52.58655809011886,77.76206195677663,72.71163060574081,45.37562033394407,62.412835190035395,1.0,1.0,0.9788891412799473,0.9145235880636079,0.7692052751952468,0.9258548579648933,,,,,,,,,,,,
SNAr,N#CC1=CC=C(N(CC2)CCN2CCCC)C=C1C,CCCCN1CCNCC1,N#CC1=CC=C(F)C=C1C,"['AM-I', 'AM-IV']","AM-I, AM-IV",1.0,,54.01792504318078,33.70951710218584,66.5782771371256,,,,1.0,0.8488336728365062,0.9791135013743184,1.0,0.5115539674653087,0.7438938248000212,51.061942978370645,40.14640614206841,60.23687397756337,,,,,,,,,
SNAr,N#CC1=CC=C(N(CCC2)CC2C)N=C1,CC1CNCCC1,N#CC1=CC=C(Cl)N=C1,['AM-I'],AM-I,1.0,,80.41765843818592,52.58655809011886,64.2503487499803,,,,1.0,0.995580071701014,0.8163826334341964,0.5651727127711976,0.46290132407757,0.858437356994046,,,,,,,,,,,,
SNAr,N#CC1=CC(N(CCC2)CC2C)=NC=C1,CC1CNCCC1,N#CC1=CC(Cl)=NC=C1,['AM-I'],AM-I,1.0,,82.18187935436137,52.58655809011886,65.90013673984947,,,,1.0,0.9792818825021747,0.838895458963915,0.5956469424413455,0.6341909588135735,0.8128576830513234,,,,,,,,,,,,
SNAr,C12CCCN(C3=NC=CN=C3)C1CCCC2,C12CCCNC1CCCC2,FC1=NC=CN=C1,['AM-I'],AM-I,1.0,,80.98185436837423,62.262420668295164,48.625964224575505,,,,1.0,0.8373926131206184,0.8680340166582977,0.47387038733622977,0.5918577745288645,0.714543633449513,,,,,,,,,,,,
SNAr,COC1=C(N(CCC2)CC2C)C=NC(OC)=N1,CC1CNCCC1,COC(N=C1OC)=C(C=N1)Br,"['AM-I', 'AM-II']","AM-I, AM-II",1.0,,77.94574399780288,52.58655809011886,67.21827822447423,65.31057848576961,45.37562033394407,56.13750573727463,1.0,1.0,0.7064507059958072,0.6403128762143869,0.5086123420669209,0.6117679726450869,,,,,,,,,,,,
SNAr,N#CC1=CN=C(NC2CCCCC2)C=C1,NC1CCCCC1,N#CC1=CN=C(Br)C=C1,['AM-I'],AM-I,1.0,,76.18180602960842,53.171277354450275,62.998054248772995,,,,1.0,0.978288377417893,0.9600550653077459,0.4514624569980029,0.392945442968868,0.717017316836745,,,,,,,,,,,,
SNAr,CCC1=CN=C(N(C)CCC)N=C1,CCCNC,CCC1=CN=C(Cl)N=C1,['AM-I'],AM-I,0.8214867553036322,,62.63447814961177,41.98770862846192,57.75813410209787,,,,0.8214867553036322,0.7385623679608926,0.700278773862502,0.6591989140635975,0.41214472114886824,0.7366031200498779,,,,,,,,,,,,
SNAr,N#CC1=CC=CN=C1N(CCC2)CC2C,CC1CNCCC1,N#CC1=CC=CN=C1F,['AM-I'],AM-I,0.959617929992411,,82.78223177741673,52.58655809011886,54.12395155271642,,,,0.959617929992411,0.9556736938575228,0.8665084893499528,0.6515626512420432,0.5051287341485535,0.69678920662431,,,,,,,,,,,,
SNAr,O=C(OCC)C1=CN=C(NCC2=CC=CC=C2F)N=C1,NCC1=CC=CC=C1F,O=C(C1=CN=C(Cl)N=C1)OCC,['AM-I'],AM-I,1.0,,76.93777891301477,47.09198289185077,64.84474594622449,,,,1.0,0.9940428793684972,0.9470284561943173,0.7458827425721666,0.6687025686865379,0.7389817929458101,,,,,,,,,,,,
SNAr,O=C(OCC)C1=CN=C(NC2=CC=CC(C)=C2C)N=C1,NC1=CC=CC(C)=C1C,O=C(C1=CN=C(Cl)N=C1)OCC,['AM-I'],AM-I,1.0,,80.41276445198883,55.302197971142625,64.84474594622449,,,,1.0,0.9828593050950836,0.9721911192211435,0.9301131152772992,0.6427720714239895,0.765835704730143,,,,,,,,,,,,
SNAr,C1(NC2CCCCC2)=CN=C(N3CCOCC3)C=C1,NC1CCCCC1,BrC1=CN=C(C=C1)N2CCOCC2,['AM-III'],AM-III,0.8391762903349713,,,,,,,,0.6317613809876339,0.5978746197024447,0.8391762903349713,0.4046922656444122,0.6313735784352328,0.7801870990640196,,,,80.57337077601784,67.09380365364098,75.77987571939369,,,,,,
SNAr,N#CC1=CN=C(N(CCC2)CC2C)C=C1,CC1CNCCC1,N#CC1=CN=C(Br)C=C1,['AM-I'],AM-I,1.0,,80.41765843818592,52.58655809011886,62.998054248772995,,,,1.0,0.9912368404840346,0.6967204631374649,0.6406484842173934,0.3601606751035521,0.7241256228228672,,,,,,,,,,,,
SNAr,CC1=CC=CN=C1N(CCC2)C2CO,OCC1NCCC1,CC1=CC=CN=C1Br,['AM-III'],AM-III,0.9982062996850234,,,,,,,,0.9929145992303972,0.6806497930731803,0.9982062996850234,0.6751222603933463,0.47622284906893686,0.7120427808364482,,,,59.72457265726837,50.77192634558375,73.0335744591793,,,,,,
SNAr,O=[N+]([O-])C1=CC=C(NC2=CC=C(N=C2)OC)N=C1C,NC1=CC=C(OC)N=C1,O=[N+](C1=CC=C(F)N=C1C)[O-],"['AM-I', 'AM-II']","AM-I, AM-II",1.0,,77.12260943315736,37.3584481987548,66.54320412543557,67.18299138588144,39.71461192305918,57.202408375837535,1.0,1.0,0.8948466471794194,0.7567130630191263,0.869832129651588,0.7381894300159837,,,,,,,,,,,,
SNAr,CC1=CN=C(N2C(C=CN=C3)=C3C=C2)N=C1,C12=C(NC=C2)C=CN=C1,CC1=CN=C(Cl)N=C1,['AM-II'],AM-II,0.9998495800007373,,,,,42.617140475117395,29.856779623283437,54.20452490318697,0.9213822300083435,0.9998495800007373,0.48204945675690913,0.6348185685939634,0.6889602754673223,0.6308588306606646,,,,,,,,,,,,
SNAr,CC1=CC=CC(NC2=CC(C(C)=O)=CC=C2)=N1,NC1=CC(C(C)=O)=CC=C1,CC1=CC=CC(F)=N1,['AM-III'],AM-III,0.8496353501458492,,,,,,,,0.6310910042756752,0.5893798325926587,0.8496353501458492,0.6279605420941337,0.7059343880557474,0.7167454311178288,,,,77.14776365826802,59.846248788355155,72.1173904144176,,,,,,
SNAr,N#CC1=CC=CN=C1NC2=CC=CC(C)=C2C,NC1=CC=CC(C)=C1C,N#CC1=CC=CN=C1F,['AM-III'],AM-III,1.0,,,,,,,,0.9576744936062024,0.9957026554961214,1.0,0.7051398626396412,0.7082763483952053,0.6000039544314401,,,,87.3898961874263,74.78833829523316,62.074192757768145,,,,,,
SNAr,O=[N+]([O-])C1=CN=C(NC2=CC(C#C)=CC=C2)C(C)=C1,C#CC1=CC=CC(N)=C1,O=[N+](C1=CN=C(F)C(C)=C1)[O-],"['AM-I', 'AM-III']","AM-I, AM-III",1.0,,79.59509910152372,45.61759097829942,66.6084603503237,,,,1.0,0.9653640981773679,1.0,0.8868770651841553,0.5609791247102562,0.759261214302799,,,,96.62020496322009,70.11268968149102,81.22424869244887,,,,,,
SNAr,N#CC1=CC=C(N2C(C)=CC3=C2C=CC=C3)C=C1C(F)(F)F,CC(N1)=CC2=C1C=CC=C2,N#CC1=CC=C(F)C=C1C(F)(F)F,"['AM-I', 'AM-VI']","AM-I, AM-VI",1.0,,88.95854922352139,62.57819160980078,75.29464635767657,,,,1.0,0.9765435531237436,0.9981161754356115,0.90576985448074,0.4959051131325325,1.0,,,,,,,93.28401781271026,69.3286040012457,80.41279713954128,,,
SNAr,CC1=CN=C(N2C(C=CN=C3)=C3C=C2)N=C1,C12=C(NC=C2)C=CN=C1,CC1=CN=C(Br)N=C1,['AM-II'],AM-II,0.9998495800007373,,,,,42.617140475117395,29.856779623283437,55.75319690972589,0.9987368888306897,0.9998495800007373,0.5145475952303772,0.6348185685939634,0.7005048200004139,0.735632923830146,,,,,,,,,,,,
SNAr,CCCCN1CCN(C2=CC=CC(C(F)(F)F)=C2C#N)CC1,CCCCN1CCNCC1,N#CC1=C(C(F)(F)F)C=CC=C1F,"['AM-I', 'AM-III']","AM-I, AM-III",1.0,,58.81806056008948,33.70951710218584,80.61713584242844,,,,1.0,0.9127616277189479,1.0,0.8641516860200924,0.654697083793564,0.7906221738251819,,,,97.60925806191113,68.03171134517635,86.33450443773802,,,,,,
SNAr,O=[N+]([O-])C1=CC=C(NC2=CC=CC=C2C)N=C1C,NC1=CC=CC=C1C,O=[N+](C1=CC=C(F)N=C1C)[O-],['AM-I'],AM-I,1.0,,81.61787387994161,48.788672612558614,66.54320412543557,,,,1.0,0.998062964401227,0.9789244551972625,0.7954732404727357,0.7322957385903899,0.7092276742296688,,,,,,,,,,,,
SNAr,O=[N+]([O-])C1=CC=C(NC2CCCC2)N=C1C,NC1CCCC1,O=[N+](C1=CC=C(F)N=C1C)[O-],"['AM-I', 'AM-II']","AM-I, AM-II",1.0,,82.21769968415576,47.459529138649074,66.54320412543557,69.58315063211253,44.5444211212107,57.202408375837535,1.0,1.0,0.964934438994229,0.34724311678577524,0.747617097825366,0.711849725564541,,,,,,,,,,,,
SNAr,O=[N+]([O-])C1=CC=C(N(CCOC)C(C)C)N=C1C,CC(NCCOC)C,O=[N+](C1=CC=C(F)N=C1C)[O-],['AM-I'],AM-I,1.0,,85.21814299092725,48.917060770124145,66.54320412543557,,,,1.0,0.7623257125680399,0.8305351300016981,0.6388682671861938,0.7080653414820871,0.9893467152907938,,,,,,,,,,,,
SNAr,O=[N+]([O-])C1=CC=C(NC2=CC=C(C=C2)C)N=C1C,NC1=CC=C(C)C=C1,O=[N+](C1=CC=C(F)N=C1C)[O-],['AM-I'],AM-I,1.0,,84.58178482464032,48.15941585632005,66.54320412543557,,,,1.0,0.9848005923669233,0.9648651160324896,0.7056730965170526,0.6755721062900111,0.7887333201851381,,,,,,,,,,,,
SNAr,O=[N+]([O-])C1=CC=CC=C1N(CC2)CCC2N3CCCCC3,C1(N2CCCCC2)CCNCC1,O=[N+](C1=CC=CC=C1F)[O-],"['AM-I', 'AM-III']","AM-I, AM-III",1.0,,52.21808913422148,38.89840029069025,68.53056289229157,,,,1.0,0.6767945468052974,1.0,0.7536232279185655,0.4176182289043895,0.942181546663168,,,,90.81372679139076,67.11876430241202,80.55152504294801,,,,,,
SNAr,N#CC1=CC=CC=C1N(CC2)CCC2N3CCCCC3,C1(N2CCCCC2)CCNCC1,N#CC1=CC=CC=C1F,['AM-I'],AM-I,1.0,,51.0177468623267,38.89840029069025,66.40488346112784,,,,1.0,0.7267144797602433,0.9886183506741025,0.6312943817998211,0.6291197593599501,0.9303201506797965,,,,,,,,,,,,
SNAr,O=C(OCC)C1=CN=C(NC2=CC=CN=C2C)N=C1,CC1=NC=CC=C1N,O=C(C1=CN=C(Cl)N=C1)OCC,['AM-VI'],AM-VI,1.0,,,,,,,,0.9943300213585551,0.7919700098787,0.6904569177617188,0.9721525620646174,0.7063219668051947,1.0,,,,,,,63.17382053367339,48.772584267634045,74.58415803053445,,,
acylation,COc1ccc(NC(=O)c2ccc3nccnc3c2)cn1,COc1ccc(N)cn1,O=C(O)c1ccc2nccnc2c1,['AM-I'],AM-I,1.0,,58.770579703173894,37.3584481987548,48.55718525365703,,,,1.0,0.5805567263825553,0.7836680763027893,0.86745333626017,0.6600581218067489,0.9660977913650469,,,,,,,,,,,,
acylation,COc1ccc(NC(=O)c2ccc(C(F)(F)F)cn2)cn1,COc1ccc(N)cn1,O=C(O)c1ccc(C(F)(F)F)cn1,"['AM-I', 'AM-III']","AM-I, AM-III",1.0,,69.66513405325257,37.3584481987548,53.81650331551455,,,,1.0,0.7349574799274587,1.0,0.9445932671183854,0.7043296406078561,0.9763139753811888,,,,85.19098733850029,61.14871524369332,75.86835190351971,,,,,,
acylation,CN(C(=O)c1ccc(C(F)(F)F)cn1)c1ccc(F)cc1,CNc1ccc(F)cc1,O=C(O)c1ccc(C(F)(F)F)cn1,['AM-VI'],AM-VI,1.0,,,,,,,,0.9678777314142977,0.7445832641568781,0.9734534108057042,0.976233279633547,0.3868687733773666,1.0,,,,,,,86.2640502588187,69.87509843847891,59.13173142733413,,,
acylation,COc1ccc(NC(=O)c2cc3ccccc3o2)cn1,COc1ccc(N)cn1,O=C(O)c1cc2ccccc2o1,"['AM-I', 'AM-III']","AM-I, AM-III",1.0,,76.91160467757696,37.3584481987548,62.248259691989226,,,,1.0,0.7560174449908934,1.0,0.8261854287405541,0.8624277657029104,0.969134223193737,,,,81.60942589825049,61.14871524369332,70.52840639866628,,,,,,
acylation,Cc1ccc(CNC(=O)c2cc3ccccc3o2)cc1,Cc1ccc(CN)cc1,O=C(O)c1cc2ccccc2o1,['AM-I'],AM-I,1.0,,81.53479817494495,45.0875933616963,62.248259691989226,,,,1.0,0.822548875043081,0.9608424723744663,0.9520671751567049,0.5474802460053338,0.9642313450198787,,,,,,,,,,,,
acylation,Cc1ccc(S(=O)(=O)NC(=O)C2c3ccccc3Oc3ccccc32)cc1,Cc1ccc(S(N)(=O)=O)cc1,O=C(O)C1c2ccccc2Oc2ccccc21,['AM-III'],AM-III,1.0,,,,,,,,0.6697619677898026,0.7830016866966575,1.0,0.6652389077379568,0.7408243459739288,0.8981433019580441,,,,91.80920986194616,66.99941900882311,79.63650697014793,,,,,,
acylation,Cc1ccc(S(=O)(=O)NC(=O)C(c2ccccc2)c2ccccc2)cc1,Cc1ccc(S(N)(=O)=O)cc1,O=C(O)C(c1ccccc1)c1ccccc1,['AM-III'],AM-III,1.0,,,,,,,,0.9793964270325879,0.8650904130655879,1.0,0.8511276117337092,0.8577455471988394,0.9276318878580171,,,,93.59074749761939,66.99941900882311,81.30656609627442,,,,,,
acylation,Cc1ccc(CNC(=O)/C=C/c2ccccc2)cc1,Cc1ccc(CN)cc1,O=C(O)/C=C/c1ccccc1,['AM-I'],AM-I,1.0,,82.00695883602869,45.0875933616963,60.46867708320963,,,,1.0,0.8290650440698221,0.969679134992362,0.966138531302983,0.7095316155963419,0.9488214130275909,,,,,,,,,,,,
acylation,CC(=O)c1ccc(NC(=O)Cc2ccc(C)cc2)cc1,CC(=O)c1ccc(N)cc1,Cc1ccc(CC(=O)O)cc1,['AM-I'],AM-I,1.0,,72.9468949553126,46.49115479609975,59.85698663652312,,,,1.0,0.6597531322096923,0.9986853073557966,0.8515400264262608,0.6949316830574004,0.969541546427834,,,,,,,,,,,,
acylation,COc1ccc(CC(=O)Nc2ccc(C(C)=O)cc2)cc1,CC(=O)c1ccc(N)cc1,COc1ccc(CC(=O)O)cc1,['AM-I'],AM-I,0.9931511442941705,,67.86672013042286,46.49115479609975,59.02492869722752,,,,0.9931511442941705,0.6329194792352605,0.9774435684299158,0.8213226702504264,0.6236805783615929,0.9649808043659845,,,,,,,,,,,,
acylation,CC(=O)c1ccc(NC(=O)Cc2cc(F)cc(F)c2)cc1,CC(=O)c1ccc(N)cc1,O=C(O)Cc1cc(F)cc(F)c1,"['AM-I', 'AM-III']","AM-I, AM-III",1.0,,75.95228907608723,46.49115479609975,63.179183723934656,,,,1.0,0.6355335531442177,1.0,0.8238474647749557,0.703677859705939,0.9813300569868538,,,,82.80975492921789,63.00277126370548,72.45038794876359,,,,,,
acylation,CC(=O)c1ccc(NC(=O)C(C)c2ccc(CC3CCCC3=O)cc2)cc1,CC(=O)c1ccc(N)cc1,CC(C(=O)O)c1ccc(CC2CCCC2=O)cc1,"['AM-I', 'AM-III']","AM-I, AM-III",1.0,,76.32167598513537,46.49115479609975,65.52475958401514,,,,1.0,0.6773579055393275,1.0,0.8841885088373,0.6490855927902242,0.9459342476677725,,,,86.40911334420471,63.00277126370548,74.37472700502366,,,,,,
acylation,CC(=O)c1ccc(NC(=O)Cc2ccc3c(c2)OCO3)cc1,CC(=O)c1ccc(N)cc1,O=C(O)Cc1ccc2c(c1)OCO2,['AM-I'],AM-I,1.0,,72.40522764366604,46.49115479609975,58.30749372218816,,,,1.0,0.690212525020282,0.9715731061797588,0.7900243712606179,0.5746516124157524,0.9508214356498164,,,,,,,,,,,,
acylation,CC(=O)c1ccc(NC(=O)Cc2ccc3c(c2)C(=O)c2ccccc2CO3)cc1,CC(=O)c1ccc(N)cc1,O=C(O)Cc1ccc2c(c1)C(=O)c1ccccc1CO2,['AM-III'],AM-III,1.0,,,,,,,,0.9534200753919088,0.7093378870165085,1.0,0.7441385605006103,0.6384696947376418,0.9467277996156285,,,,87.00942391165131,63.00277126370548,77.50995138791959,,,,,,
acylation,CC(=O)c1ccc(NC(=O)/C=C/c2ccccc2)cc1,CC(=O)c1ccc(N)cc1,O=C(O)/C=C/c1ccccc1,['AM-I'],AM-I,1.0,,73.03980648558174,46.49115479609975,60.46867708320963,,,,1.0,0.8547157470994828,0.9841824431347596,0.8948801836422503,0.6543943577219536,0.976670627179715,,,,,,,,,,,,
acylation,CC(=O)c1ccc(NC(=O)c2c(C)cccc2C)cc1,CC(=O)c1ccc(N)cc1,Cc1cccc(C)c1C(=O)O,['AM-I'],AM-I,1.0,,71.95721986969717,46.49115479609975,59.6692463644063,,,,1.0,0.6544858146877184,0.9935653478428335,0.9270272676953827,0.8721897776765581,0.9821529135423082,,,,,,,,,,,,
acylation,COc1ccc(NC(=O)Cc2ccc(C)cc2)cn1,COc1ccc(N)cn1,Cc1ccc(CC(=O)O)cc1,['AM-I'],AM-I,1.0,,72.30628744651524,37.3584481987548,59.85698663652312,,,,1.0,0.6235057046139724,0.9384024599465157,0.7420755116851889,0.8740746339492492,0.9079919769848811,,,,,,,,,,,,
acylation,COc1ccc(NC(=O)COc2ccccc2)cn1,COc1ccc(N)cn1,O=C(O)COc1ccccc1,['AM-I'],AM-I,1.0,,66.74582199505396,37.3584481987548,55.616426006761046,,,,1.0,0.7722808054399646,0.9688810893602624,0.7810230424875986,0.7020524776563215,0.9300262377321636,,,,,,,,,,,,
acylation,COc1ccc(NC(=O)Cc2cc(F)cc(F)c2)cn1,COc1ccc(N)cn1,O=C(O)Cc1cc(F)cc(F)c1,['AM-I'],AM-I,1.0,,75.07047484811537,37.3584481987548,63.179183723934656,,,,1.0,0.6810864312109843,0.8943381472677058,0.7232845214651468,0.863329162443352,0.9037689120911836,,,,,,,,,,,,
acylation,Cc1ccc(N(C(=O)C(C)c2ccc(CC3CCCC3=O)cc2)c2ccccc2)cc1,Cc1ccc(Nc2ccccc2)cc1,CC(C(=O)O)c1ccc(CC2CCCC2=O)cc1,['AM-I'],AM-I,1.0,,90.9366706558659,81.5967923415172,65.52475958401514,,,,1.0,0.8652807629116319,0.9588545750180506,0.9087285175272224,0.8537860872470444,0.9874930827850551,,,,,,,,,,,,
acylation,CC(C(=O)NCc1ccccc1)c1ccc(-c2ccccc2)c(F)c1,NCc1ccccc1,CC(C(=O)O)c1ccc(-c2ccccc2)c(F)c1,['AM-III'],AM-III,1.0,,,,,,,,0.9349298723905497,0.6851006986891965,1.0,0.8643031917792988,0.8465490347549218,0.8666065088663402,,,,97.19087418852229,66.30661363773538,85.80382017233188,,,,,,
acylation,O=C(NCc1ccccc1)C1c2ccccc2Oc2ccccc21,NCc1ccccc1,O=C(O)C1c2ccccc2Oc2ccccc21,['AM-III'],AM-III,1.0,,,,,,,,0.8343149523474382,0.7057696863335985,1.0,0.8489698586284409,0.7717409360441788,0.8573029109940664,,,,92.03851711469736,66.30661363773538,79.63650697014793,,,,,,
acylation,O=C(Cc1ccc2c(c1)C(=O)c1ccccc1CO2)NCc1ccccc1,NCc1ccccc1,O=C(O)Cc1ccc2c(c1)C(=O)c1ccccc1CO2,['AM-III'],AM-III,1.0,,,,,,,,0.8747280710940073,0.6420229800865077,1.0,0.7500449494548593,0.5926046913322521,0.8771469413770142,,,,87.59046434510088,66.30661363773538,77.50995138791959,,,,,,
acylation,O=C(NCc1ccccc1)c1ccc([N+](=O)[O-])cc1,NCc1ccccc1,O=C(O)c1ccc([N+](=O)[O-])cc1,['AM-I'],AM-I,1.0,,73.84186163016338,44.505779893874,60.09952144165908,,,,1.0,0.7309392498390488,0.9690332210504343,0.8375410114974333,0.5151591764759138,0.7038620154609576,,,,,,,,,,,,
acylation,Cc1cc(C)cc(C(=O)NCc2ccc(F)cc2F)c1,NCc1ccc(F)cc1F,Cc1cc(C)cc(C(=O)O)c1,['AM-I'],AM-I,1.0,,81.10111254631568,49.9631457228909,66.6856239815535,,,,1.0,0.8023091997789151,0.975784231781118,0.9245160650565473,0.8306139179328834,0.9655246785174761,,,,,,,,,,,,
acylation,CC(C)(C(=O)NCc1ccc(F)cc1F)c1ccccc1,NCc1ccc(F)cc1F,CC(C)(C(=O)O)c1ccccc1,['AM-I'],AM-I,1.0,,82.70952891462156,49.9631457228909,63.57134582952409,,,,1.0,0.8848724945328587,0.9797432971577799,0.9672417746739367,0.6499377586382726,0.9741550343698145,,,,,,,,,,,,
acylation,Cc1ccc(CC(=O)NCc2ccco2)cc1,NCc1ccco1,Cc1ccc(CC(=O)O)cc1,['AM-I'],AM-I,0.962932920077426,,68.00073709031166,38.485668540670744,59.85698663652312,,,,0.962932920077426,0.7751244320219175,0.9205805236005837,0.7745050785744992,0.7539085380202352,0.8810249942616252,,,,,,,,,,,,
acylation,O=C(NCc1ccco1)c1ccc(C(F)(F)F)cn1,NCc1ccco1,O=C(O)c1ccc(C(F)(F)F)cn1,['AM-I'],AM-I,1.0,,68.39976881260624,38.485668540670744,53.81650331551455,,,,1.0,0.6951133353909682,0.9667838482071072,0.7968965125037248,0.6481633771426057,0.8701339519022702,,,,,,,,,,,,
acylation,COc1ccc(CC(=O)NCc2ccc(C)cc2)cc1,Cc1ccc(CN)cc1,COc1ccc(CC(=O)O)cc1,['AM-I'],AM-I,1.0,,73.71411216408998,45.0875933616963,59.02492869722752,,,,1.0,0.7453088380058122,0.9764180096972057,0.9326604970958889,0.7107891306887333,0.9665001476473508,,,,,,,,,,,,
acylation,Cc1ccc(CNC(=O)c2c(C)cccc2C)cc1,Cc1ccc(CN)cc1,Cc1cccc(C)c1C(=O)O,['AM-I'],AM-I,1.0,,79.47694568917288,45.0875933616963,59.6692463644063,,,,1.0,0.7525372257444354,0.9602962302842881,0.9632016119242452,0.8023758998739017,0.9418790916470791,,,,,,,,,,,,
acylation,Cc1ccc(CNC(=O)Cc2ccc3c(c2)OCO3)cc1,Cc1ccc(CN)cc1,O=C(O)Cc1ccc2c(c1)OCO2,['AM-I'],AM-I,1.0,,72.98942119444652,45.0875933616963,58.30749372218816,,,,1.0,0.6497922399253416,0.9822884719473627,0.8911464298376194,0.6678361759820111,0.9638894109566616,,,,,,,,,,,,
acylation,COc1ccc(CNC(=O)C(C)c2ccc(-c3ccccc3)c(F)c2)cc1,COc1ccc(CN)cc1,CC(C(=O)O)c1ccc(-c2ccccc2)c(F)c1,['AM-III'],AM-III,1.0,,,,,,,,0.743569721517136,0.6572245536674737,1.0,0.8825512774106035,0.8310291708807529,0.8319472632951554,,,,97.19058947883903,66.65397625584788,85.80382017233188,,,,,,
acylation,COc1ccc(CNC(=O)C2c3ccccc3Oc3ccccc32)cc1,COc1ccc(CN)cc1,O=C(O)C1c2ccccc2Oc2ccccc21,['AM-III'],AM-III,1.0,,,,,,,,0.8081500746250805,0.7543364609695093,1.0,0.8827474681120451,0.7562210721700099,0.8785232401873809,,,,91.8090164518766,66.65397625584788,79.63650697014793,,,,,,
acylation,Cc1ccc(CC(=O)NCc2ccc3c(c2)OCO3)cc1,NCc1ccc2c(c1)OCO2,Cc1ccc(CC(=O)O)cc1,['AM-I'],AM-I,1.0,,71.7405745712408,47.251743787512765,59.85698663652312,,,,1.0,0.6231210207623112,0.9922777311006353,0.8374972927128566,0.6365902611437416,0.9456132432313222,,,,,,,,,,,,
acylation,CC(C(=O)NCc1ccc2c(c1)OCO2)c1ccc(CBr)cc1,NCc1ccc2c(c1)OCO2,CC(C(=O)O)c1ccc(CBr)cc1,"['AM-I', 'AM-III']","AM-I, AM-III",1.0,,76.44611490526162,47.251743787512765,66.282062078384,,,,1.0,0.6739423741501815,1.0,0.8330290521470476,0.7695890450739244,0.8706691862513631,,,,87.60882635964614,64.35605136879553,76.98182823442485,,,,,,
acylation,O=C(NCc1ccc2c(c1)OCO2)c1ccc(C(F)(F)F)cn1,NCc1ccc2c(c1)OCO2,O=C(O)c1ccc(C(F)(F)F)cn1,['AM-III'],AM-III,1.0,,,,,,,,0.9868222918181915,0.6776806340013856,1.0,0.8138266323681722,0.44114071484259887,0.8463983236962284,,,,88.19075087843797,64.35605136879553,75.86835190351971,,,,,,
acylation,CC(C)(C(=O)NCc1ccc2c(c1)OCO2)c1ccccc1,NCc1ccc2c(c1)OCO2,CC(C)(C(=O)O)c1ccccc1,"['AM-I', 'AM-III']","AM-I, AM-III",1.0,,75.84672840467178,47.251743787512765,63.57134582952409,,,,1.0,0.7271573745016413,1.0,0.8533193034715916,0.7360005693222831,0.8545829735223469,,,,88.73585121441607,64.35605136879553,74.84427455718492,,,,,,
acylation,O=C(Cc1ccc2c(c1)C(=O)c1ccccc1CO2)NCc1ccc2c(c1)OCO2,NCc1ccc2c(c1)OCO2,O=C(O)Cc1ccc2c(c1)C(=O)c1ccccc1CO2,['AM-III'],AM-III,1.0,,,,,,,,0.796150965109796,0.6383891760063192,1.0,0.6133946187927573,0.5801282728239832,0.8101912248225281,,,,88.1233248768632,64.35605136879553,77.50995138791959,,,,,,
acylation,CC(C(=O)NCc1cccc2ccccc12)c1ccc(CC2CCCC2=O)cc1,NCc1cccc2ccccc12,CC(C(=O)O)c1ccc(CC2CCCC2=O)cc1,"['AM-I', 'AM-VI']","AM-I, AM-VI",1.0,,80.47644340919264,54.207061947809095,65.52475958401514,,,,1.0,0.8343900268709552,0.9683064769884767,0.9172440190444243,0.7446835842790147,1.0,,,,,,,84.25376872925,62.528144029873744,71.64438922949141,,,
acylation,O=C(NCc1cccc2ccccc12)C(c1ccccc1)c1ccccc1,NCc1cccc2ccccc12,O=C(O)C(c1ccccc1)c1ccccc1,['AM-I'],AM-I,1.0,,89.43193405735224,54.207061947809095,71.03771994053693,,,,1.0,0.8432494440572132,0.9792874581026727,0.9697686863270264,0.6462146903689249,0.9973838882227999,,,,,,,,,,,,
acylation,O=C(Cc1ccc2c(c1)OCO2)NCc1cccc2ccccc12,NCc1cccc2ccccc12,O=C(O)Cc1ccc2c(c1)OCO2,['AM-III'],AM-III,1.0,,,,,,,,0.9734871849262936,0.743666097796986,1.0,0.8319109002664359,0.6701961203149649,0.9601732018496308,,,,87.17305050131878,76.68105494498994,65.99901128887055,,,,,,
acylation,CCc1cccc(NC(=O)Cc2ccc3c(c2)OCO3)c1,CCc1cccc(N)c1,O=C(O)Cc1ccc2c(c1)OCO2,['AM-III'],AM-III,1.0,,,,,,,,0.9663038555239548,0.8771726374867741,1.0,0.8231671834769638,0.6468319164464538,0.9718506473823404,,,,89.408816344001,78.72893367814999,65.99901128887055,,,,,,
acylation,O=C(Cc1cc(F)cc(F)c1)Nc1ccc2c(c1)OCCO2,Nc1ccc2c(c1)OCCO2,O=C(O)Cc1cc(F)cc(F)c1,['AM-I'],AM-I,1.0,,77.60280887573232,45.66007827432832,63.179183723934656,,,,1.0,0.7392593365931894,0.9784236308518277,0.7574473737794183,0.7283310473348426,0.969919891019287,,,,,,,,,,,,
acylation,O=C(Cc1ccc2c(c1)OCO2)Nc1ccc2c(c1)OCCO2,Nc1ccc2c(c1)OCCO2,O=C(O)Cc1ccc2c(c1)OCO2,['AM-I'],AM-I,1.0,,68.55866440589895,45.66007827432832,58.30749372218816,,,,1.0,0.782981898761713,0.966895387424181,0.7248917491211411,0.5993048000446559,0.9231344857637108,,,,,,,,,,,,
acylation,CC(NC(=O)c1ccc2c(c1)OCCO2)c1cccc2ccccc12,C[C@H](N)c1cccc2ccccc12,O=C(O)c1ccc2c(c1)OCCO2,"['AM-I', 'AM-III']","AM-I, AM-III",1.0,,78.13709061682461,65.40933584669813,54.08604165232671,,,,1.0,0.6109510503001598,1.0,0.8074870984265458,0.3906176404156342,0.980245362267814,,,,90.59070796611954,78.75112422633853,61.94039416021309,,,,,,
acylation,Cc1ccc(NC(=O)c2cc3ccccc3s2)nc1,Cc1ccc(N)nc1,O=C(O)c1cc2ccccc2s1,['AM-III'],AM-III,1.0,,,,,,,,0.6331560118924486,0.8995594897215742,1.0,0.6399512918202981,0.9579658816166814,0.9896460203984965,,,,87.1479748866264,56.95386400453171,76.04643759265659,,,,,,
acylation,Cc1ccc(NC(=O)Cc2ccc([N+](=O)[O-])cc2)cc1,Cc1ccc(N)cc1,O=C(O)Cc1ccc([N+](=O)[O-])cc1,['AM-I'],AM-I,1.0,,76.44364627382478,48.15941585632005,62.35429331090645,,,,1.0,0.8270714076474556,0.9892848659065009,0.9002214234341362,0.6905731519010689,0.9546259519354969,,,,,,,,,,,,
acylation,COc1ncc(Br)cc1C(=O)Nc1ccc(C)cc1,Cc1ccc(N)cc1,COc1ncc(Br)cc1C(=O)O,['AM-I'],AM-I,1.0,,83.35106928753011,48.15941585632005,63.57624576282906,,,,1.0,0.9718936822456279,0.989717846780994,0.9659149153225307,0.528801389655152,0.9737714357211992,,,,,,,,,,,,
acylation,Cc1ccc(NC(=O)C2Cc3ccccc3C2)cc1,Cc1ccc(N)cc1,O=C(O)C1Cc2ccccc2C1,['AM-I'],AM-I,1.0,,79.56881371879578,48.15941585632005,63.76200683736693,,,,1.0,0.8165638026572398,0.9737542507672045,0.8722979938338209,0.6037793586700977,0.9625368457764792,,,,,,,,,,,,
acylation,Cc1ccc(NC(=O)c2cc3ccccc3s2)cc1,Cc1ccc(N)cc1,O=C(O)c1cc2ccccc2s1,['AM-I'],AM-I,1.0,,83.66767609493843,48.15941585632005,65.32554216135341,,,,1.0,0.8547458429618269,0.9656035626338043,0.9545242203011856,0.7644830195716841,0.9758323785598554,,,,,,,,,,,,
acylation,COc1ccc(NC(=O)c2cc(C)nc(Cl)c2)cn1,COc1ccc(N)cn1,Cc1cc(C(=O)O)cc(Cl)n1,['AM-I'],AM-I,1.0,,69.00025355512064,37.3584481987548,54.618066177303135,,,,1.0,0.7876812045764169,0.9771287860128467,0.9043396116099459,0.7321213164880147,0.9130209396230519,,,,,,,,,,,,
acylation,COc1ccc(NC(=O)c2cc(F)ccc2C)cn1,COc1ccc(N)cn1,Cc1ccc(F)cc1C(=O)O,['AM-I'],AM-I,1.0,,72.57431555165584,37.3584481987548,56.99967862699924,,,,1.0,0.7057412717242915,0.9859731776044748,0.762554490484297,0.9452185530236846,0.9195790759401816,,,,,,,,,,,,
acylation,COc1ccc(NC(=O)c2ccc(Br)s2)cn1,COc1ccc(N)cn1,O=C(O)c1ccc(Br)s1,"['AM-I', 'AM-III']","AM-I, AM-III",1.0,,73.42960876087696,37.3584481987548,62.85291497902104,,,,1.0,0.6380072579052611,1.0,0.8503629843876708,0.9671741951198106,0.8885028235228452,,,,84.0090195791906,61.14871524369332,74.12157625602109,,,,,,
acylation,COc1ccc(NC(=O)C2Cc3ccccc3C2)cn1,COc1ccc(N)cn1,O=C(O)C1Cc2ccccc2C1,"['AM-I', 'AM-III']","AM-I, AM-III",1.0,,77.20765036581865,37.3584481987548,63.76200683736693,,,,1.0,0.6432889689442309,1.0,0.7511798404603043,0.8568454256938209,0.8506827634000333,,,,82.79099663267974,61.14871524369332,70.85406740236354,,,,,,
acylation,COc1ccc(NC(=O)c2cccc(-c3ccccc3)c2)cn1,COc1ccc(N)cn1,O=C(O)c1cccc(-c2ccccc2)c1,"['AM-III', 'AM-V']","AM-III, AM-V",1.0,,,,,,,,0.8448813437050007,0.6812309901853304,1.0,0.7977940666497096,1.0,0.9326678116264953,,,,90.88173580694604,61.14871524369332,79.8707742460771,,,,73.52608170617964,59.955287086975915,85.69139009608038
acylation,COc1ccc(NC(=O)c2cc3ccccc3s2)cn1,COc1ccc(N)cn1,O=C(O)c1cc2ccccc2s1,"['AM-I', 'AM-III']","AM-I, AM-III",1.0,,74.90992422863681,37.3584481987548,65.32554216135341,,,,1.0,0.6606842348881563,1.0,0.841994804450896,0.9523128802137568,0.9438396513507665,,,,86.39074279758586,61.14871524369332,76.04643759265659,,,,,,
acylation,COc1ncc(Br)cc1C(=O)Nc1cccc2ccc(C)nc12,Cc1ccc2cccc(N)c2n1,COc1ncc(Br)cc1C(=O)O,"['AM-I', 'AM-II']","AM-I, AM-II",1.0,,80.9038822790524,35.09189190224229,63.57624576282906,74.45002920329952,44.734753241421934,54.817211385422155,1.0,1.0,0.985078686086849,0.8816998881168934,0.7911929593998916,0.9655786539959188,,,,,,,,,,,,
acylation,Cc1ccc(CNC(=O)Cc2ccc([N+](=O)[O-])cc2)cc1,Cc1ccc(CN)cc1,O=C(O)Cc1ccc([N+](=O)[O-])cc1,['AM-I'],AM-I,1.0,,75.04080804669398,45.0875933616963,62.35429331090645,,,,1.0,0.7614362380796845,0.9748311320038325,0.8825466957282722,0.6971517348856091,0.9137798309049787,,,,,,,,,,,,
acylation,Cc1ccc(CNC(=O)c2ccc(Br)s2)cc1,Cc1ccc(CN)cc1,O=C(O)c1ccc(Br)s1,['AM-I'],AM-I,1.0,,80.53078822844628,45.0875933616963,62.85291497902104,,,,1.0,0.7942213038001661,0.9709433697531606,0.9591568396769067,0.7330652520293325,0.9882819615959249,,,,,,,,,,,,
acylation,Cc1ccc(CNC(=O)c2cc3ccccc3s2)cc1,Cc1ccc(CN)cc1,O=C(O)c1cc2ccccc2s1,['AM-I'],AM-I,1.0,,81.95978978955395,45.0875933616963,65.32554216135341,,,,1.0,0.7839411187359073,0.9800572965364727,0.9543342816820085,0.7162279506897656,0.9892011632887115,,,,,,,,,,,,
acylation,O=C(NCc1ccc(F)cc1F)c1cnccn1,NCc1ccc(F)cc1F,O=C(O)c1cnccn1,['AM-I'],AM-I,1.0,,62.63233494223556,49.9631457228909,35.63748838811979,,,,1.0,0.7355252088584172,0.7987354636686085,0.7159104689114151,0.6332810856746294,0.79705821349694,,,,,,,,,,,,
acylation,COc1ncc(Br)cc1C(=O)NCc1ccc(F)cc1F,NCc1ccc(F)cc1F,COc1ncc(Br)cc1C(=O)O,"['AM-I', 'AM-III']","AM-I, AM-III",1.0,,83.7205388738875,49.9631457228909,63.57624576282906,,,,1.0,0.8621156579700089,1.0,0.9702502134083448,0.44235762891464114,0.9676476457546053,,,,97.20925920405324,70.12249019746181,81.13937440454305,,,,,,
acylation,O=C(NCc1ccc(F)cc1F)c1ccc(Br)s1,NCc1ccc(F)cc1F,O=C(O)c1ccc(Br)s1,['AM-I'],AM-I,1.0,,80.1650350581841,49.9631457228909,62.85291497902104,,,,1.0,0.7786823507130616,0.9763214302015117,0.9550114802102696,0.6948765601707401,0.9900858757595176,,,,,,,,,,,,
acylation,O=C(NCc1ccc(F)cc1F)c1cc2ccccc2o1,NCc1ccc(F)cc1F,O=C(O)c1cc2ccccc2o1,['AM-I'],AM-I,1.0,,79.99437348227549,49.9631457228909,62.248259691989226,,,,1.0,0.8261742260635406,0.959308315346612,0.8686767504287638,0.5092915541467413,0.9795036539179955,,,,,,,,,,,,
acylation,Cc1cc(C(=O)NCc2cccc3ccccc23)cc(Cl)n1,NCc1cccc2ccccc12,Cc1cc(C(=O)O)cc(Cl)n1,['AM-III'],AM-III,1.0,,,,,,,,0.9535227501595998,0.8647546742249811,1.0,0.8276168311859152,0.3729669922940968,0.9734462281944529,,,,92.39079767091258,76.68105494498994,65.31831484960654,,,,,,
acylation,O=C(NCc1cccc2ccccc12)c1cnccn1,NCc1cccc2ccccc12,O=C(O)c1cnccn1,['AM-I'],AM-I,1.0,,65.62835004973368,54.207061947809095,35.63748838811979,,,,1.0,0.7106053104110595,0.8230330230104457,0.745194678669569,0.7029213176892586,0.7915294436227385,,,,,,,,,,,,
acylation,Cc1ccc(F)cc1C(=O)NCc1cccc2ccccc12,NCc1cccc2ccccc12,Cc1ccc(F)cc1C(=O)O,['AM-III'],AM-III,1.0,,,,,,,,0.966410263415531,0.8435326512751248,1.0,0.9516494200109794,0.5958913183306354,0.9823215924729096,,,,92.99055852324676,76.68105494498994,67.1862503537584,,,,,,
acylation,O=C(NCc1cccc2ccccc12)c1cccc(-c2ccccc2)c1,NCc1cccc2ccccc12,O=C(O)c1cccc(-c2ccccc2)c1,"['AM-I', 'AM-VI']","AM-I, AM-VI",1.0,,90.93560561474234,54.207061947809095,73.64080769858012,,,,1.0,0.7683268387740501,0.9724892012362082,0.974159782093674,0.7999602122740483,1.0,,,,,,,90.06185765608333,62.528144029873744,71.73155804390379,,,
acylation,O=C(NCc1cccc2ccccc12)c1cc2ccccc2s1,NCc1cccc2ccccc12,O=C(O)c1cc2ccccc2s1,['AM-I'],AM-I,1.0,,85.58209308467409,54.207061947809095,65.32554216135341,,,,1.0,0.8921738164986373,0.9603911806455178,0.951617314042705,0.5455906046977215,0.9774783769020398,,,,,,,,,,,,
acylation,CC(=O)c1ccc(NC(=O)C2Cc3ccccc3C2)cc1,CC(=O)c1ccc(N)cc1,O=C(O)C1Cc2ccccc2C1,['AM-I'],AM-I,1.0,,73.83447054401346,46.49115479609975,63.76200683736693,,,,1.0,0.6995393643264283,0.9945610612625855,0.8344224372568978,0.6617398305272559,0.9451646165431182,,,,,,,,,,,,
acylation,CC(=O)c1ccc(NC(=O)c2cc(F)ccc2C)cc1,CC(=O)c1ccc(N)cc1,Cc1ccc(F)cc1C(=O)O,['AM-I'],AM-I,1.0,,72.81952081088332,46.49115479609975,56.99967862699924,,,,1.0,0.6236123723273304,0.977194503267296,0.8700263950648179,0.8433021275876875,0.9949318511754095,,,,,,,,,,,,
acylation,CC(=O)c1ccc(NC(=O)c2cc3ccccc3o2)cc1,CC(=O)c1ccc(N)cc1,O=C(O)c1cc2ccccc2o1,['AM-I'],AM-I,1.0,,78.64804514533763,46.49115479609975,62.248259691989226,,,,1.0,0.7418264130710934,0.9930191057526553,0.878631291311514,0.6536957867444105,0.9651188173357069,,,,,,,,,,,,
acylation,O=C(NCc1ccco1)C1Cc2ccccc2C1,NCc1ccco1,O=C(O)C1Cc2ccccc2C1,['AM-III'],AM-III,1.0,,,,,,,,0.9498867145162383,0.7179519221616498,1.0,0.7730802263902397,0.7794075813349574,0.8314811664982844,,,,81.90000477798645,54.512652555940804,70.85406740236354,,,,,,
acylation,Cc1cc(C)c(C(=O)NCc2ccc(Cl)cc2)c(C)c1,NCc1ccc(Cl)cc1,Cc1cc(C)c(C(=O)O)c(C)c1,['AM-I'],AM-I,1.0,,85.0479738501804,53.41115186721401,67.58545910370532,,,,1.0,0.9633515011692636,0.9673846627679833,0.9518217925147906,0.7421418534332697,0.9732066621982466,,,,,,,,,,,,
acylation,O=C(NCc1ccc(Cl)cc1)c1ccc2nccnc2c1,NCc1ccc(Cl)cc1,O=C(O)c1ccc2nccnc2c1,['AM-I'],AM-I,0.9775647544023646,,64.94313758050524,53.41115186721401,48.55718525365703,,,,0.9775647544023646,0.6392734382639287,0.8433846631644277,0.8428960156537997,0.4128602510005914,0.7608185796790972,,,,,,,,,,,,
acylation,CSc1ccc(NC(=O)C(c2ccccc2)c2ccccc2)cc1,CSc1ccc(N)cc1,O=C(O)C(c1ccccc1)c1ccccc1,['AM-I'],AM-I,1.0,,91.49826638650232,54.39383036162644,71.03771994053693,,,,1.0,0.8067177915943927,0.9816816490313229,0.9740875099506022,0.8979666259081337,0.9840363266621709,,,,,,,,,,,,
acylation,O=C(COc1ccccc1)Nc1ccc(Cl)cn1,Nc1ccc(Cl)cn1,O=C(O)COc1ccccc1,['AM-I'],AM-I,1.0,,71.8195532625724,43.27197904410969,55.616426006761046,,,,1.0,0.7780292089965032,0.961559458864044,0.6781840751760628,0.6671399069675712,0.9746352060620026,,,,,,,,,,,,
acylation,O=C(Cc1ccc2c(c1)OCO2)Nc1ccc(Cl)cn1,Nc1ccc(Cl)cn1,O=C(O)Cc1ccc2c(c1)OCO2,['AM-I'],AM-I,1.0,,71.05447686397952,43.27197904410969,58.30749372218816,,,,1.0,0.8180382227794212,0.9646450732189048,0.6438343386730201,0.7499580696687608,0.9103289878041582,,,,,,,,,,,,
acylation,COc1ncc(Br)cc1C(=O)Nc1ccc(Cl)cn1,Nc1ccc(Cl)cn1,COc1ncc(Br)cc1C(=O)O,"['AM-I', 'AM-II', 'AM-III']","AM-I, AM-II, AM-III",1.0,,81.09235083674052,43.27197904410969,63.57624576282906,66.5479107362284,43.90237850316875,54.817211385422155,1.0,1.0,1.0,0.8421711878768129,0.6800585451562249,0.9795057286558679,,,,102.40310873548492,67.53205075270324,81.13937440454305,,,,,,
acylation,Cc1ccc(Cl)c(NC(=O)C2c3ccccc3Oc3ccccc32)c1,Cc1ccc(Cl)c(N)c1,O=C(O)C1c2ccccc2Oc2ccccc21,['AM-I'],AM-I,1.0,,91.62353403800081,65.32071325279509,77.8513141038859,,,,1.0,0.952790579420678,0.9779367868335574,0.9588745240428715,0.5593091576331575,0.9774343226721002,,,,,,,,,,,,
acylation,Cc1ccc(Cl)c(NC(=O)c2cc(C)nc(Cl)c2)c1,Cc1ccc(Cl)c(N)c1,Cc1cc(C(=O)O)cc(Cl)n1,"['AM-I', 'AM-III']","AM-I, AM-III",1.0,,80.6869850279487,65.32071325279509,54.618066177303135,,,,1.0,0.7660793949192893,1.0,0.8395329503467925,0.35441088737938686,0.9838797966626854,,,,94.03306850589439,75.29625759090061,65.31831484960654,,,,,,
acylation,Cc1ccc(CC(=O)NCc2ccccc2C(F)(F)F)cc1,NCc1ccccc1C(F)(F)F,Cc1ccc(CC(=O)O)cc1,['AM-III'],AM-III,0.9863045127531592,,,,,,,,0.9514645919061242,0.842914531666046,0.9863045127531592,0.9721278695221373,0.6720786252245918,0.9848499281870765,,,,92.99129801353246,77.83262127071694,71.72510817724972,,,,,,
acylation,O=C(NCc1ccccc1C(F)(F)F)C(c1ccccc1)c1ccccc1,NCc1ccccc1C(F)(F)F,O=C(O)C(c1ccccc1)c1ccccc1,['AM-I'],AM-I,1.0,,88.23085314308175,59.88764322077486,71.03771994053693,,,,1.0,0.8361600295179485,0.9738349660301017,0.9773885536421356,0.6103077517856519,0.9798450965528136,,,,,,,,,,,,
acylation,O=C(Cc1ccc2c(c1)C(=O)c1ccccc1CO2)NCc1ccccc1C(F)(F)F,NCc1ccccc1C(F)(F)F,O=C(O)Cc1ccc2c(c1)C(=O)c1ccccc1CO2,['AM-I'],AM-I,1.0,,83.11553192636069,59.88764322077486,70.81794059497938,,,,1.0,0.8288116025587822,0.9589141566420329,0.8392531288822864,0.7579168656932603,0.9838876118489903,,,,,,,,,,,,
acylation,O=C(Cc1cc(F)cc(F)c1)Nc1ccc([N+](=O)[O-])cn1,Nc1ccc([N+](=O)[O-])cn1,O=C(O)Cc1cc(F)cc(F)c1,['AM-I'],AM-I,1.0,,77.06837861332453,49.086049403142916,63.179183723934656,,,,1.0,0.7717813804379581,0.9882719359334268,0.6776499531554072,0.9778413226659093,0.7393789735937253,,,,,,,,,,,,
acylation,O=C(Nc1ccc([N+](=O)[O-])cn1)C(c1ccccc1)c1ccccc1,Nc1ccc([N+](=O)[O-])cn1,O=C(O)C(c1ccccc1)c1ccccc1,"['AM-III', 'AM-V']","AM-III, AM-V",1.0,,,,,,,,0.9205447285124532,0.8058753171271644,1.0,0.6603429636447894,1.0,0.6993510191221567,,,,97.23340526485197,65.92735507962385,81.30656609627442,,,,69.96171469633626,57.38577395143031,81.63250831778512
acylation,O=C(Cc1ccc(C(F)(F)F)cc1)Nc1ccc([N+](=O)[O-])cn1,Nc1ccc([N+](=O)[O-])cn1,O=C(O)Cc1ccc(C(F)(F)F)cc1,"['AM-I', 'AM-III', 'AM-V']","AM-I, AM-III, AM-V",1.0,,78.81752568365101,49.086049403142916,66.34115470672643,,,,1.0,0.784631620448777,1.0,0.734386790299338,1.0,0.7322705896386162,,,,93.12745432318204,65.92735507962385,78.49495640361155,,,,69.51114614562118,57.38577395143031,80.89143930885318
acylation,O=C(Nc1ccc([N+](=O)[O-])cn1)C1c2ccccc2Oc2ccccc21,Nc1ccc([N+](=O)[O-])cn1,O=C(O)C1c2ccccc2Oc2ccccc21,"['AM-III', 'AM-V']","AM-III, AM-V",1.0,,,,,,,,0.7979250817911641,0.9481291670152105,1.0,0.6516511624720304,1.0,0.6981129254306313,,,,93.63290780826489,65.92735507962385,79.63650697014793,,,,67.98595877105072,57.38577395143031,78.84832108381252
acylation,O=C(Cc1ccc([N+](=O)[O-])cc1)Nc1ccc([N+](=O)[O-])cn1,Nc1ccc([N+](=O)[O-])cn1,O=C(O)Cc1ccc([N+](=O)[O-])cc1,['AM-I'],AM-I,1.0,,73.5288357436246,49.086049403142916,62.35429331090645,,,,1.0,0.7457835440469887,0.9651829848736755,0.6422913689331644,0.7876693265922244,0.8987297687135751,,,,,,,,,,,,
acylation,Cc1ccc(NC(=O)C2CCN(C(=O)OCc3ccccc3)CC2)cc1,Cc1ccc(N)cc1,O=C(O)C1CCN(C(=O)OCc2ccccc2)CC1,['AM-I'],AM-I,1.0,,73.20380263267961,48.15941585632005,63.77712445319869,,,,1.0,0.788319271763398,0.9621045917120661,0.8426914140263593,0.4106703958796969,0.9703628781878498,,,,,,,,,,,,
acylation,Cc1ccc2cccc(NC(=O)C3C[C@H]3c3ccccc3)c2n1,Cc1ccc2cccc(N)c2n1,O=C(O)C1C[C@H]1c1ccccc1,['AM-II'],AM-II,1.0,,,,,66.066994658084,44.734753241421934,55.467558888916344,0.9327038845818753,1.0,0.983932911058172,0.7624238269604796,0.8937590124390442,0.9653006142818971,,,,,,,,,,,,
acylation,Cc1ccc2cccc(NC(=O)c3ccc(F)cn3)c2n1,Cc1ccc2cccc(N)c2n1,O=C(O)c1ccc(F)cn1,['AM-III'],AM-III,1.0,,,,,,,,0.9832252384065538,0.962824231022303,1.0,0.8166802668906548,0.7822657533479735,0.9934642822189582,,,,100.20921755003852,75.29075590300053,63.679380806686,,,,,,
acylation,Cc1ccc2cccc(NC(=O)c3cc(Cl)cc(Cl)n3)c2n1,Cc1ccc2cccc(N)c2n1,O=C(O)c1cc(Cl)cc(Cl)n1,"['AM-I', 'AM-II']","AM-I, AM-II",1.0,,78.89645248684343,35.09189190224229,57.61755791273702,74.10476235601493,44.734753241421934,54.48969303694333,1.0,1.0,0.9615501688606526,0.9598298619974848,0.7161777421629502,0.9779878471176165,,,,,,,,,,,,
acylation,COc1ccc(NC(=O)C2C[C@H]2c2ccccc2)cc1OC,COc1ccc(N)cc1OC,O=C(O)C1C[C@H]1c1ccccc1,['AM-I'],AM-I,1.0,,75.91688145493647,42.147956759055155,64.53229807714776,,,,1.0,0.7462020992576243,0.9699763416544344,0.8216275782162569,0.6363657883918548,0.9727912384731645,,,,,,,,,,,,
acylation,Cc1ccc(Oc2ccc(NC(=O)C3C[C@H]3c3ccccc3)cc2)cc1,Cc1ccc(Oc2ccc(N)cc2)cc1,O=C(O)C1C[C@H]1c1ccccc1,"['AM-III', 'AM-VI']","AM-III, AM-VI",1.0,,,,,,,,0.9757555519926439,0.9396649067804878,1.0,0.901663003955565,0.6348529500100817,1.0,,,,105.8545426235562,91.31075975767322,69.68412508751459,94.33057758530994,75.4315714930598,65.62126412728207,,,
acylation,Cc1ccc(Oc2ccc(NC(=O)c3ccc(F)cn3)cc2)cc1,Cc1ccc(Oc2ccc(N)cc2)cc1,O=C(O)c1ccc(F)cn1,"['AM-I', 'AM-III']","AM-I, AM-III",1.0,,83.79590767377093,69.05192408538834,40.99191595977343,,,,1.0,0.9151524706143291,1.0,0.6499672961483373,0.718321558709664,0.987415261736909,,,,104.99122677286874,91.31075975767322,63.679380806686,,,,,,
acylation,Cc1ccc(Oc2ccc(NC(=O)C3CCC(F)(F)CC3)cc2)cc1,Cc1ccc(Oc2ccc(N)cc2)cc1,O=C(O)C1CCC(F)(F)CC1,['AM-III'],AM-III,1.0,,,,,,,,0.9903962051828342,0.9649656529406707,1.0,0.8069462680247277,0.6274268152960101,0.9769500202470728,,,,101.3910477798319,91.31075975767322,65.92817997634532,,,,,,
acylation,Cc1ccc(Oc2ccc(NC(=O)C3CCCN3C(=O)OCc3ccccc3)cc2)cc1,Cc1ccc(Oc2ccc(N)cc2)cc1,O=C(O)C1CCCN1C(=O)OCc1ccccc1,"['AM-III', 'AM-VI']","AM-III, AM-VI",1.0,,,,,,,,0.9591467483480812,0.6564234531344761,1.0,0.671493013340325,0.7410776279806776,1.0,,,,101.9907765885024,91.31075975767322,67.53984593901649,84.51516930463086,75.4315714930598,61.743609562861565,,,
acylation,Cc1ccc(Oc2ccc(NC(=O)C3CCN(C(=O)OCc4ccccc4)CC3)cc2)cc1,Cc1ccc(Oc2ccc(N)cc2)cc1,O=C(O)C1CCN(C(=O)OCc2ccccc2)CC1,['AM-III'],AM-III,1.0,,,,,,,,0.9798419893516755,0.7082930428007317,1.0,0.6223196122209989,0.7404761537997169,0.9614723828350292,,,,104.0501144172058,91.31075975767322,73.31447539480877,,,,,,
acylation,CC(C)(C)OC(=O)N1CC2(CC2)CC1C(=O)NCc1ccc(Br)cc1,NCc1ccc(Br)cc1,CC(C)(C)OC(=O)N1CC2(CC2)CC1C(=O)O,['AM-I'],AM-I,1.0,,85.47148625224737,52.866119460080704,71.13297154870595,,,,1.0,0.9520805291527498,0.968224730176823,0.9593391855197692,0.6689800951040337,0.9958807469852293,,,,,,,,,,,,
acylation,Cc1c(C(=O)NCc2ccc(Br)cc2)oc2ccccc12,NCc1ccc(Br)cc1,Cc1c(C(=O)O)oc2ccccc12,['AM-I'],AM-I,1.0,,84.97123245821787,52.866119460080704,65.59356988276183,,,,1.0,0.9283642880038083,0.9674536471161134,0.9028196587065452,0.5111913373374253,0.9845670677741465,,,,,,,,,,,,
acylation,O=C(NCc1ccc2c(c1)OCO2)C1C[C@H]1c1ccccc1,NCc1ccc2c(c1)OCO2,O=C(O)C1C[C@H]1c1ccccc1,['AM-III'],AM-III,0.9826139854106016,,,,,,,,0.9785953833376804,0.6174127128025071,0.9826139854106016,0.8229293898335388,0.6213818148845275,0.8295009446470533,,,,86.49231998264403,64.35605136879553,69.68412508751459,,,,,,
acylation,O=C(NCc1ccc2c(c1)OCO2)c1cc(Cl)cc(Cl)n1,NCc1ccc2c(c1)OCO2,O=C(O)c1cc(Cl)cc(Cl)n1,"['AM-I', 'AM-III']","AM-I, AM-III",1.0,,72.09092242757629,47.251743787512765,57.61755791273702,,,,1.0,0.7718621904850335,1.0,0.8872113303264396,0.44380054460843343,0.8164633390342413,,,,93.310344054908,64.35605136879553,76.17015156637035,,,,,,
acylation,O=C(NCc1ccc2c(c1)OCO2)C1CCC(F)(F)CC1,NCc1ccc2c(c1)OCO2,O=C(O)C1CCC(F)(F)CC1,['AM-I'],AM-I,1.0,,72.51926060362064,47.251743787512765,61.82670536760057,,,,1.0,0.6141826554033354,0.9648301543918077,0.8575456669850355,0.6042208663502038,0.7299067616821017,,,,,,,,,,,,
acylation,COc1ccc(NC(=O)C2CN(C(=O)OCc3ccccc3)C2)cn1,COc1ccc(N)cn1,O=C(O)C1CN(C(=O)OCc2ccccc2)C1,['AM-III'],AM-III,0.9811371265349517,,,,,,,,0.8311268298930946,0.6498430349585274,0.9811371265349517,0.7707592395256828,0.6009816754107453,0.7534435785747559,,,,77.99088514604503,61.14871524369332,66.16487636787511,,,,,,
acylation,CC(C)(C)OC(=O)N1CC2(CC2)CC1C(=O)Nc1ccc([N+](=O)[O-])cn1,Nc1ccc([N+](=O)[O-])cn1,CC(C)(C)OC(=O)N1CC2(CC2)CC1C(=O)O,['AM-I'],AM-I,1.0,,80.31195630037136,49.086049403142916,71.13297154870595,,,,1.0,0.7830231426578913,0.9942943773113426,0.7064681409447987,0.7750793978599168,0.7697028627408656,,,,,,,,,,,,
acylation,Cc1c(C(=O)Nc2ccc([N+](=O)[O-])cn2)oc2ccccc12,Nc1ccc([N+](=O)[O-])cn1,Cc1c(C(=O)O)oc2ccccc12,"['AM-I', 'AM-III', 'AM-V']","AM-I, AM-III, AM-V",1.0,,78.6669735404839,49.086049403142916,65.59356988276183,,,,1.0,0.8735664394012455,1.0,0.6610202070070557,1.0,0.8643911474849464,,,,98.40911169016675,65.92735507962385,78.13760085204757,,,,67.78205375383806,57.38577395143031,78.12536968024706
acylation,O=C(Nc1ccc([N+](=O)[O-])cn1)C1C[C@H]1c1ccccc1,Nc1ccc([N+](=O)[O-])cn1,O=C(O)C1C[C@H]1c1ccccc1,['AM-I'],AM-I,1.0,,79.17870376097824,49.086049403142916,64.53229807714776,,,,1.0,0.9097743101596868,0.9751741004161493,0.6426914818874669,0.9571830813918145,0.7939926047727319,,,,,,,,,,,,
acylation,O=C(Nc1ccc([N+](=O)[O-])cn1)c1cc(Cl)cc(Cl)n1,Nc1ccc([N+](=O)[O-])cn1,O=C(O)c1cc(Cl)cc(Cl)n1,"['AM-II', 'AM-III']","AM-II, AM-III",1.0,,,,,63.679976098913244,42.27006647024186,54.48969303694333,0.997464872887414,1.0,1.0,0.762054099031291,0.7707218960798813,0.7381786083843056,,,,98.29516208123198,65.92735507962385,76.17015156637035,,,,,,
acylation,O=C(Nc1ccc([N+](=O)[O-])cn1)C1CCC(F)(F)CC1,Nc1ccc([N+](=O)[O-])cn1,O=C(O)C1CCC(F)(F)CC1,['AM-I'],AM-I,1.0,,73.98145243524016,49.086049403142916,61.82670536760057,,,,1.0,0.7720573739648598,0.9573902693973554,0.6176918111045226,0.9387366205229213,0.7487992347648301,,,,,,,,,,,,
acylation,CC(=O)c1ccc(NC(=O)c2ccccc2Cc2ccccc2)cc1,CC(=O)c1ccc(N)cc1,O=C(O)c1ccccc1Cc1ccccc1,['AM-III'],AM-III,1.0,,,,,,,,0.9894344774314952,0.6567025839181642,1.0,0.8454535138613344,0.9553582844461549,0.9877410367867,,,,91.48760165888876,63.00277126370548,79.94042660126641,,,,,,
acylation,CC(=O)c1ccc(NC(=O)c2ccc([N+](=O)[O-])s2)cc1,CC(=O)c1ccc(N)cc1,O=C(O)c1ccc([N+](=O)[O-])s1,['AM-I'],AM-I,1.0,,71.27195604596557,46.49115479609975,58.20878307270477,,,,1.0,0.7401361689592381,0.9872218521225039,0.9098935494515558,0.48526799814296206,0.9267072825922413,,,,,,,,,,,,
acylation,CC(=O)c1ccc(NC(=O)c2oc3ccccc3c2C)cc1,CC(=O)c1ccc(N)cc1,Cc1c(C(=O)O)oc2ccccc12,"['AM-I', 'AM-III']","AM-I, AM-III",1.0,,76.44930298380547,46.49115479609975,65.59356988276183,,,,1.0,0.7351516924122007,1.0,0.8465994104913726,0.7902214165872404,0.9713460269528323,,,,92.39095042669126,63.00277126370548,78.13760085204757,,,,,,
acylation,CC(=O)c1ccc(NC(=O)C2C(C)(C)C2(C)C)cc1,CC(=O)c1ccc(N)cc1,CC1(C)C(C(=O)O)C1(C)C,"['AM-I', 'AM-III']","AM-I, AM-III",1.0,,72.09319411756138,46.49115479609975,57.92576457085897,,,,1.0,0.9055104227743443,1.0,0.9434313033160993,0.6286065337550403,0.979174483663457,,,,91.4667208591519,63.00277126370548,76.26159197333439,,,,,,
acylation,CC(=O)c1ccc(NC(=O)C2C[C@H]2c2ccccc2)cc1,CC(=O)c1ccc(N)cc1,O=C(O)C1C[C@H]1c1ccccc1,['AM-I'],AM-I,1.0,,76.15121808048413,46.49115479609975,64.53229807714776,,,,1.0,0.7717185405777851,0.9890215616657628,0.88645800800169,0.6797232367981861,0.9877496530518616,,,,,,,,,,,,
acylation,CC(=O)c1ccc(NC(=O)c2cc(Cl)cc(Cl)n2)cc1,CC(=O)c1ccc(N)cc1,O=C(O)c1cc(Cl)cc(Cl)n1,"['AM-I', 'AM-III', 'AM-VI']","AM-I, AM-III, AM-VI",1.0,,73.47186033644006,46.49115479609975,57.61755791273702,,,,1.0,0.9484124991982835,1.0,0.9038907392657682,0.5021419665220921,1.0,,,,93.00922586561651,63.00277126370548,76.17015156637035,78.14964207222206,59.53194656215975,68.63575064904903,,,
acylation,CC(=O)c1ccc(NC(=O)C2CC3(CC3)CN2C(=O)OC(C)(C)C)cc1,CC(=O)c1ccc(N)cc1,CC(C)(C)OC(=O)N1CC2(CC2)CC1C(=O)O,"['AM-I', 'AM-III']","AM-I, AM-III",1.0,,81.8557802631937,46.49115479609975,71.13297154870595,,,,1.0,0.8517608453134882,1.0,0.890743632833576,0.4615282489616741,0.9069327328360662,,,,84.60925982518441,63.00277126370548,73.72232756777942,,,,,,
acylation,COC(=O)c1cc(F)ccc1NC(=O)c1ccc2nccnc2c1,COC(=O)c1cc(F)ccc1N,O=C(O)c1ccc2nccnc2c1,"['AM-I', 'AM-III']","AM-I, AM-III",1.0,,74.49979757714621,61.11737155556979,48.55718525365703,,,,1.0,0.9609819140954771,1.0,0.8669853308289415,0.3425869780448584,0.877873580169604,,,,88.79058834271913,71.69423233080752,54.87048416258969,,,,,,
acylation,COC(=O)c1cc(F)ccc1NC(=O)c1ccc(F)cn1,COC(=O)c1cc(F)ccc1N,O=C(O)c1ccc(F)cn1,['AM-I'],AM-I,1.0,,75.0635644932962,61.11737155556979,40.99191595977343,,,,1.0,0.9849550372582839,0.995335471231636,0.7650336981229466,0.6660297246664688,0.8504631862828218,,,,,,,,,,,,
acylation,COC(=O)c1cc(F)ccc1NC(=O)c1cnc(Cl)nc1,COC(=O)c1cc(F)ccc1N,O=C(O)c1cnc(Cl)nc1,"['AM-I', 'AM-III']","AM-I, AM-III",1.0,,79.50500183825532,61.11737155556979,47.50659693045944,,,,1.0,0.9785399674161471,1.0,0.9257497836253633,0.6920725627246564,0.7897877232711528,,,,96.41461245158428,71.69423233080752,62.52729677208319,,,,,,
acylation,COC(=O)c1cc(F)ccc1NC(=O)c1ccc2c(c1)OCCO2,COC(=O)c1cc(F)ccc1N,O=C(O)c1ccc2c(c1)OCCO2,['AM-III'],AM-III,1.0,,,,,,,,0.9893470232859474,0.9429238997905436,1.0,0.9278144916492218,0.5894563009748479,0.9875650145399039,,,,93.77645856753162,71.69423233080752,61.94039416021309,,,,,,
acylation,C[C@@H](NC(=O)c1ccco1)c1ccccc1,C[C@@H](N)c1ccccc1,O=C(O)c1ccco1,['AM-I'],AM-I,1.0,,68.24727936287557,58.55207703200976,44.773987859382785,,,,1.0,0.6196445773794197,0.8551040551413437,0.7238423567318149,0.7678563479327866,0.9543104377825744,,,,,,,,,,,,
acylation,C[C@@H](NC(=O)c1ccc(F)cn1)c1ccccc1,C[C@@H](N)c1ccccc1,O=C(O)c1ccc(F)cn1,['AM-III'],AM-III,0.992211211878955,,,,,,,,0.987124844139096,0.8875272400075789,0.992211211878955,0.6210864780924091,0.6572815530189919,0.9793261177638907,,,,86.24932660350726,71.03438875552129,63.679380806686,,,,,,
acylation,C[C@@H](NC(=O)C1CC2(CC2)CN1C(=O)OC(C)(C)C)c1ccccc1,C[C@@H](N)c1ccccc1,CC(C)(C)OC(=O)N1CC2(CC2)CC1C(=O)O,"['AM-I', 'AM-VI']","AM-I, AM-VI",1.0,,85.42708932058414,58.55207703200976,71.13297154870595,,,,1.0,0.8541546001612117,0.9701133466489494,0.9569871681543365,0.6460539987192064,1.0,,,,,,,85.77657721175603,61.506610299379275,75.07816335298041,,,
acylation,Cc1ccc(F)cc1C(=O)NC1CCc2ccccc21,NC1CCc2ccccc21,Cc1ccc(F)cc1C(=O)O,['AM-VI'],AM-VI,0.9888666852872519,,,,,,,,0.9760565702185928,0.9206980372892781,0.973225189327323,0.9391533082327818,0.7807413711099179,0.9888666852872519,,,,,,,81.92717295616674,60.973029977186016,67.32775440143706,,,
acylation,O=C(NC1CCc2ccccc21)c1ccc2nccnc2c1,NC1CCc2ccccc21,O=C(O)c1ccc2nccnc2c1,['AM-VI'],AM-VI,0.9018725928786784,,,,,,,,0.8437751009003536,0.7950937081136747,0.896182973203916,0.7303061027552731,0.35183418196975924,0.9018725928786784,,,,,,,67.65006300167187,60.973029977186016,56.70436610509883,,,
acylation,O=C(NC1CCc2ccccc21)c1ccc(F)cn1,NC1CCc2ccccc21,O=C(O)c1ccc(F)cn1,['AM-I'],AM-I,1.0,,72.43946233155573,61.57493280339519,40.99191595977343,,,,1.0,0.9672032782069585,0.9898296852888401,0.633235129890356,0.5446875798799722,0.9484470965827224,,,,,,,,,,,,
acylation,Cc1cccc(C)c1C(=O)N(c1ccccc1)C(C)C,CC(C)Nc1ccccc1,Cc1cccc(C)c1C(=O)O,['AM-I'],AM-I,0.9939312388969593,,95.10375431621999,67.54773931256439,59.6692463644063,,,,0.9939312388969593,0.9613370032952664,0.9772072519111791,0.9534912092031143,0.7643281185246269,0.9878264341358455,,,,,,,,,,,,
acylation,Cc1cc(C)c(C(=O)N(c2ccccc2)C(C)C)c(C)c1,CC(C)Nc1ccccc1,Cc1cc(C)c(C(=O)O)c(C)c1,['AM-III'],AM-III,0.9834379475974475,,,,,,,,0.951502812722624,0.9731475232461478,0.9834379475974475,0.9675867572932934,0.8182121619034708,0.9723188327438939,,,,93.9028109483643,81.9393338479365,76.43723931535558,,,,,,
acylation,CC(C)N(C(=O)c1ccccc1Cc1ccccc1)c1ccccc1,CC(C)Nc1ccccc1,O=C(O)c1ccccc1Cc1ccccc1,['AM-VI'],AM-VI,0.9822383108914537,,,,,,,,0.9610364862164904,0.9053421994020764,0.9668508865846122,0.9769195224371932,0.7600668958042539,0.9822383108914537,,,,,,,100.27043651036868,70.39903957048908,65.61921690267967,,,
acylation,CC(C)N(C(=O)Cc1ccc2c(c1)OCO2)c1ccccc1,CC(C)Nc1ccccc1,O=C(O)Cc1ccc2c(c1)OCO2,"['AM-I', 'AM-VI']","AM-I, AM-VI",1.0,,82.0593250265971,67.54773931256439,58.30749372218816,,,,1.0,0.9801541253048676,0.8429817857121742,0.9461302218296229,0.4303882903274008,1.0,,,,,,,85.05103900301103,70.39903957048908,59.322685941097724,,,
acylation,CC(C)N(C(=O)C1c2ccccc2Oc2ccccc21)c1ccccc1,CC(C)Nc1ccccc1,O=C(O)C1c2ccccc2Oc2ccccc21,['AM-I'],AM-I,1.0,,98.64601582950853,67.54773931256439,77.8513141038859,,,,1.0,0.9755404380638983,0.9682898999895292,0.9906048201378745,0.6733426173612169,0.9773912585535848,,,,,,,,,,,,
acylation,CC(C)N(C(=O)Cc1ccc2c(c1)C(=O)c1ccccc1CO2)c1ccccc1,CC(C)Nc1ccccc1,O=C(O)Cc1ccc2c(c1)C(=O)c1ccccc1CO2,['AM-III'],AM-III,0.9783588184659892,,,,,,,,0.9689945956840638,0.9701714465633233,0.9783588184659892,0.9239560758628079,0.6394788473278656,0.968299738785747,,,,96.15342662655604,81.9393338479365,77.50995138791959,,,,,,
acylation,CC(C)N(C(=O)c1ccco1)c1ccccc1,CC(C)Nc1ccccc1,O=C(O)c1ccco1,"['AM-I', 'AM-VI']","AM-I, AM-VI",1.0,,78.30305339059703,67.54773931256439,44.773987859382785,,,,1.0,0.7498668632433765,0.8134404812511191,0.9459364813081658,0.6462505352553177,1.0,,,,,,,84.28276956421323,70.39903957048908,54.5606177304345,,,
acylation,Cc1cc(C(=O)N(c2ccccc2)C(C)C)cc(Cl)n1,CC(C)Nc1ccccc1,Cc1cc(C(=O)O)cc(Cl)n1,['AM-I'],AM-I,1.0,,84.11960969325231,67.54773931256439,54.618066177303135,,,,1.0,0.9636762185953441,0.7879134329394514,0.9343912666504915,0.6372484808189294,0.9839228607812008,,,,,,,,,,,,
acylation,CC(C)N(C(=O)c1ccc(Br)s1)c1ccccc1,CC(C)Nc1ccccc1,O=C(O)c1ccc(Br)s1,['AM-III'],AM-III,0.994402261325357,,,,,,,,0.9767035948784814,0.9681410315685736,0.994402261325357,0.9575359814504528,0.6950174706800576,0.9647289993350663,,,,93.27007793560583,81.9393338479365,74.12157625602109,,,,,,
acylation,CC(C)N(C(=O)C1Cc2ccccc2C1)c1ccccc1,CC(C)Nc1ccccc1,O=C(O)C1Cc2ccccc2C1,['AM-III'],AM-III,1.0,,,,,,,,0.9717842666406789,0.957131063066508,1.0,0.951335545100326,0.5174765084389045,0.9940175121675244,,,,91.15727644940765,81.9393338479365,70.85406740236354,,,,,,
acylation,CC(C)N(C(=O)C1C(C)(C)C1(C)C)c1ccccc1,CC(C)Nc1ccccc1,CC1(C)C(C(=O)O)C1(C)C,['AM-I'],AM-I,1.0,,90.45404814959565,67.54773931256439,57.92576457085897,,,,1.0,0.9558180674001426,0.9842696111486842,0.9575799889843865,0.4843432116666887,0.9742276333736003,,,,,,,,,,,,
acylation,CC(C)N(C(=O)c1ccc(F)cn1)c1ccccc1,CC(C)Nc1ccccc1,O=C(O)c1ccc(F)cn1,"['AM-I', 'AM-VI']","AM-I, AM-VI",1.0,,80.76585710226162,67.54773931256439,40.99191595977343,,,,1.0,0.8575177045106969,0.8392363035981005,0.7963726813529058,0.5969480680164854,1.0,,,,,,,86.77661548867498,70.39903957048908,57.41872471867886,,,
acylation,CC(C)N(C(=O)C1C[C@H]1c1ccccc1)c1ccccc1,CC(C)Nc1ccccc1,O=C(O)C1C[C@H]1c1ccccc1,['AM-III'],AM-III,1.0,,,,,,,,0.9676160240011722,0.9667273165072123,1.0,0.9590436266867272,0.5354599147098347,0.9822296946262921,,,,91.45449209790505,81.9393338479365,69.68412508751459,,,,,,
acylation,CC(C)N(C(=O)c1cnc(Cl)nc1)c1ccccc1,CC(C)Nc1ccccc1,O=C(O)c1cnc(Cl)nc1,"['AM-I', 'AM-VI']","AM-I, AM-VI",1.0,,80.0147231184554,67.54773931256439,47.50659693045944,,,,1.0,0.8842977012550698,0.6791782293422869,0.9534336844662301,0.6605695421014766,1.0,,,,,,,84.52452752340811,70.39903957048908,57.28510603554027,,,
acylation,CC(C)N(C(=O)C1CCCN1C(=O)OCc1ccccc1)c1ccccc1,CC(C)Nc1ccccc1,O=C(O)C1CCCN1C(=O)OCc1ccccc1,['AM-VI'],AM-VI,0.9985497895943919,,,,,,,,0.9672862763395529,0.9570576813001638,0.8390524214137435,0.9535673713093757,0.6481713947245755,0.9985497895943919,,,,,,,91.38320228999831,70.39903957048908,61.743609562861565,,,
acylation,CC(C)N(C(=O)C1CCN(C(=O)OCc2ccccc2)CC1)c1ccccc1,CC(C)Nc1ccccc1,O=C(O)C1CCN(C(=O)OCc2ccccc2)CC1,['AM-III'],AM-III,0.9982237616151881,,,,,,,,0.971702461360204,0.954801156498126,0.9982237616151881,0.9545147587216808,0.6673895186539567,0.9853602124456197,,,,91.35075984533154,81.9393338479365,73.31447539480877,,,,,,
acylation,Cc1cc(C)c(C(=O)N(C)c2ccc(F)cc2)c(C)c1,CNc1ccc(F)cc1,Cc1cc(C)c(C(=O)O)c(C)c1,['AM-I'],AM-I,1.0,,92.175294750004,56.88030808087675,67.58545910370532,,,,1.0,0.9855019155779806,0.9761470065056848,0.9742608625568729,0.8498621206129313,0.9701136932994067,,,,,,,,,,,,
acylation,CN(C(=O)c1cc(C(C)(C)C)cc(C(C)(C)C)c1)c1ccc(F)cc1,CNc1ccc(F)cc1,CC(C)(C)c1cc(C(=O)O)cc(C(C)(C)C)c1,"['AM-I', 'AM-III', 'AM-IV', 'AM-VI']","AM-I, AM-III, AM-IV, AM-VI",1.0,,105.80112148273139,56.88030808087675,92.30053250953233,,,,1.0,0.7964774185839532,1.0,1.0,0.886263738259384,1.0,80.64370073104348,53.217886718986016,69.21745122166595,107.74655652069032,72.47499154135497,96.02553916434516,109.5988510245519,69.87509843847891,80.18225366100233,,,
acylation,CN(C(=O)c1ccco1)c1ccc(F)cc1,CNc1ccc(F)cc1,O=C(O)c1ccco1,"['AM-I', 'AM-VI']","AM-I, AM-VI",1.0,,70.71043304697307,56.88030808087675,44.773987859382785,,,,1.0,0.7128988650400843,0.6699948970663752,0.9830631492677719,0.6569560192782319,1.0,,,,,,,80.94635567398234,69.87509843847891,54.5606177304345,,,
acylation,CN(C(=O)c1ccc(Br)s1)c1ccc(F)cc1,CNc1ccc(F)cc1,O=C(O)c1ccc(Br)s1,['AM-I'],AM-I,0.983618002695586,,87.70768834399625,56.88030808087675,62.85291497902104,,,,0.983618002695586,0.9320389026922237,0.9651826927777751,0.9642100867140324,0.7266674293895182,0.9669341387795535,,,,,,,,,,,,
acylation,CN(C(=O)C1CC2(CC2)CN1C(=O)OC(C)(C)C)c1ccc(F)cc1,CNc1ccc(F)cc1,CC(C)(C)OC(=O)N1CC2(CC2)CC1C(=O)O,['AM-I'],AM-I,1.0,,89.72606148962853,56.88030808087675,71.13297154870595,,,,1.0,0.9788077644256576,0.9632923107311764,0.9879393153242865,0.34891488558278316,0.9840196334785416,,,,,,,,,,,,
acylation,COc1ccc(N(C)C(=O)Cc2cc(F)cc(F)c2)cc1,CNc1ccc(OC)cc1,O=C(O)Cc1cc(F)cc(F)c1,['AM-I'],AM-I,1.0,,76.22022327760092,53.13102674223258,63.179183723934656,,,,1.0,0.8533663865077505,0.9580686432940277,0.9704533379676371,0.5883273075380613,0.9707220985608505,,,,,,,,,,,,
acylation,COc1ccc(N(C)C(=O)c2c(C)cc(C)cc2C)cc1,CNc1ccc(OC)cc1,Cc1cc(C)c(C(=O)O)c(C)c1,['AM-I'],AM-I,1.0,,87.955737745705,53.13102674223258,67.58545910370532,,,,1.0,0.9703412791095519,0.9755812211311237,0.965105899221352,0.8471249318239445,0.9698507836289798,,,,,,,,,,,,
acylation,COc1ccc(N(C)C(=O)C(c2ccccc2)c2ccccc2)cc1,CNc1ccc(OC)cc1,O=C(O)C(c1ccccc1)c1ccccc1,['AM-I'],AM-I,1.0,,85.93061148585593,53.13102674223258,71.03771994053693,,,,1.0,0.9162422809889139,0.9986367456619893,0.9804119506880223,0.8077170249321681,0.9821844156200198,,,,,,,,,,,,
acylation,COc1ccc(N(C)C(=O)c2ccc3nc(C)ccc3c2)cc1,CNc1ccc(OC)cc1,Cc1ccc2cc(C(=O)O)ccc2n1,['AM-VI'],AM-VI,0.9703753531913168,,,,,,,,0.8353303696617623,0.8212765169204753,0.8702882078048986,0.9377396606834041,0.6713029033604676,0.9703753531913168,,,,,,,92.77972770469817,66.1395387202943,68.10072263855118,,,
acylation,COc1ccc(N(C)C(=O)c2cnccn2)cc1,CNc1ccc(OC)cc1,O=C(O)c1cnccn1,['AM-I'],AM-I,0.9448024617959735,,60.855963609719566,53.13102674223258,35.63748838811979,,,,0.9448024617959735,0.6932405759163702,0.6612644475171905,0.6824648557032125,0.6042274052448379,0.8541612426703229,,,,,,,,,,,,
acylation,COc1ccc(N(C)C(=O)c2oc3ccccc3c2C)cc1,CNc1ccc(OC)cc1,Cc1c(C(=O)O)oc2ccccc12,['AM-I'],AM-I,1.0,,84.08462876625416,53.13102674223258,65.59356988276183,,,,1.0,0.8458799383905818,0.9836321753768243,0.9554286107690264,0.6748708644193626,0.9807061285948719,,,,,,,,,,,,
acylation,COc1ccc(N(C)C(=O)c2cc(Cl)cc(Cl)n2)cc1,CNc1ccc(OC)cc1,O=C(O)c1cc(Cl)cc(Cl)n1,['AM-I'],AM-I,0.9755764673728595,,79.1412144044328,53.13102674223258,57.61755791273702,,,,0.9755764673728595,0.8614205205793153,0.9743166011075194,0.9637292905989958,0.3867914143542144,0.9726271545823011,,,,,,,,,,,,
acylation,CCN(C(=O)Cc1ccc(C)cc1)c1cccc(C)c1,CCNc1cccc(C)c1,Cc1ccc(CC(=O)O)cc1,"['AM-III', 'AM-VI']","AM-III, AM-VI",1.0,,,,,,,,0.9618881766122064,0.9682920043100692,1.0,0.967551500823156,0.4544378148875019,1.0,,,,94.14478547145396,83.30879382893616,71.72510817724972,89.68535003051515,70.32893664043777,61.2950179934131,,,
acylation,CCN(C(=O)COc1ccccc1)c1cccc(C)c1,CCNc1cccc(C)c1,O=C(O)COc1ccccc1,"['AM-III', 'AM-VI']","AM-III, AM-VI",1.0,,,,,,,,0.9848349332667631,0.9365118888880617,1.0,0.8846891147390904,0.6967017830990407,1.0,,,,92.81464513845444,83.30879382893616,68.41340846478934,88.39662359399034,70.32893664043777,57.95009210912969,,,
acylation,CCN(C(=O)Cc1ccc2c(c1)OCO2)c1cccc(C)c1,CCNc1cccc(C)c1,O=C(O)Cc1ccc2c(c1)OCO2,['AM-VI'],AM-VI,1.0,,,,,,,,0.9702728785296033,0.9370470245826836,0.8126956914682193,0.8069740886942188,0.6426829609849265,1.0,,,,,,,84.02890035399274,70.32893664043777,59.322685941097724,,,
acylation,CCN(C(=O)c1ncccn1)c1cccc(C)c1,CCNc1cccc(C)c1,O=C(O)c1ncccn1,['AM-III'],AM-III,1.0,,,,,,,,0.6468389855086238,0.8276642678536399,1.0,0.6840166687133569,0.6662728608693201,0.7387231875878298,,,,72.33431777936073,83.30879382893616,48.65775733831845,,,,,,
acylation,CCN(C(=O)c1ccc([N+](=O)[O-])s1)c1cccc(C)c1,CCNc1cccc(C)c1,O=C(O)c1ccc([N+](=O)[O-])s1,['AM-VI'],AM-VI,0.9978476408754026,,,,,,,,0.9708070270657688,0.9728867432148062,0.9882372644562986,0.8422948171169302,0.39158950639057266,0.9978476408754026,,,,,,,83.8841366739945,70.32893664043777,61.84033716844213,,,
acylation,CCN(C(=O)c1oc2ccccc2c1C)c1cccc(C)c1,CCNc1cccc(C)c1,Cc1c(C(=O)O)oc2ccccc12,['AM-VI'],AM-VI,0.998338274723422,,,,,,,,0.9717513431185226,0.9301748407068346,0.9818711788678437,0.9410190387799228,0.5497275484173421,0.998338274723422,,,,,,,90.21625895612874,70.32893664043777,61.72376256615272,,,
acylation,CCN(C(=O)Cc1ccc(C)cc1)c1ccccc1,CCNc1ccccc1,Cc1ccc(CC(=O)O)cc1,['AM-III'],AM-III,1.0,,,,,,,,0.9553718132832157,0.9548772721927099,1.0,0.9621840094789993,0.5507397172644257,0.9755801333421638,,,,91.83449648513101,81.13750623027912,71.72510817724972,,,,,,
acylation,CCN(C(=O)c1ccc2nc(C)ccc2c1)c1ccccc1,CCNc1ccccc1,Cc1ccc2cc(C(=O)O)ccc2n1,['AM-III'],AM-III,1.0,,,,,,,,0.6668130434404627,0.896849541114634,1.0,0.7348742881417699,0.7124334049656185,0.9773058289690234,,,,70.49295313856834,81.13750623027912,43.80587860406959,,,,,,
acylation,CC1CCCN(C(=O)c2cc(Cl)cc(Cl)n2)C1,CC1CCCNC1,O=C(O)c1cc(Cl)cc(Cl)n1,['AM-III'],AM-III,1.0,,,,,,,,0.9785227263128689,0.9520892546570172,1.0,0.9303286809451149,0.5398927004717834,0.9759834266957426,,,,89.30346331102356,62.687420439636696,76.17015156637035,,,,,,
acylation,Cc1ccc(CC(=O)N2CCC(N3CCCCC3)CC2)cc1,C1CCN(C2CCNCC2)CC1,Cc1ccc(CC(=O)O)cc1,['AM-III'],AM-III,0.9791967039528301,,,,,,,,0.7688276675577963,0.6573828208407351,0.9791967039528301,0.7164780932325455,0.7037208397959068,0.9652774852420785,,,,83.23207870056393,67.11876430241202,71.72510817724972,,,,,,
acylation,Cc1cc(C)c(C(=O)N2CCCC3CCCCC32)c(C)c1,C1CCC2NCCCC2C1,Cc1cc(C)c(C(=O)O)c(C)c1,['AM-II'],AM-II,0.9810883543428499,,,,,72.46467909249589,51.14888521171298,56.65401309427164,0.980103021836635,0.9810883543428499,0.9668725999691735,0.967500846026918,0.8593282074730816,0.9637660834532283,,,,,,,,,,,,
acylation,CCCN(C)C(=O)Cc1ccc2c(c1)OCO2,CCCNC,O=C(O)Cc1ccc2c(c1)OCO2,['AM-I'],AM-I,1.0,,69.04717134747469,41.98770862846192,58.30749372218816,,,,1.0,0.8884547900610957,0.9138221983144027,0.7846327905321578,0.6327104280722815,0.9689563046243155,,,,,,,,,,,,
acylation,CCCN(C)C(=O)C(c1ccccc1)c1ccccc1,CCCNC,O=C(O)C(c1ccccc1)c1ccccc1,"['AM-I', 'AM-III', 'AM-VI']","AM-I, AM-III, AM-VI",1.0,,84.46122691321108,41.98770862846192,71.03771994053693,,,,1.0,0.8688539651027616,1.0,0.8506205027760213,0.8679297168239153,1.0,,,,90.4254325885833,69.98700890730922,81.30656609627442,92.23366027744163,57.698667962360375,70.906555871611,,,
acylation,CC1COCCN1C(=O)C(c1ccccc1)c1ccccc1,CC1COCCN1,O=C(O)C(c1ccccc1)c1ccccc1,['AM-VI'],AM-VI,1.0,,,,,,,,0.8978811018402632,0.6398906459397641,0.7299398652554351,0.9088579561066522,0.9812739381171572,1.0,,,,,,,86.42091769331331,59.568111199724314,70.906555871611,,,
acylation,CON(C)C(=O)c1cccc(-c2ccccc2)c1,CNOC,O=C(O)c1cccc(-c2ccccc2)c1,['AM-VI'],AM-VI,1.0,,,,,,,,0.7084000497661687,0.6156482206154339,0.8374803639792997,0.883804606937376,0.9483939601286511,1.0,,,,,,,86.40040221472832,53.490178546798404,71.73155804390379,,,
acylation,CON(C)C(=O)c1cc2ccccc2s1,CNOC,O=C(O)c1cc2ccccc2s1,['AM-VI'],AM-VI,1.0,,,,,,,,0.9126434945305847,0.7058563155145972,0.7824419142981536,0.8254607057787995,0.8859674827008822,1.0,,,,,,,80.05863600664021,53.490178546798404,66.17700638179838,,,
acylation,CON(C)C(=O)C1C(C)(C)C1(C)C,CNOC,CC1(C)C(C(=O)O)C1(C)C,['AM-VI'],AM-VI,1.0,,,,,,,,0.9738955373194982,0.6497735151668969,0.8398595586941687,0.878229437351739,0.7776456601351612,1.0,,,,,,,79.36174795363158,53.490178546798404,67.52255388092165,,,
acylation,CON(C)C(=O)C1C[C@H]1c1ccccc1,CNOC,O=C(O)C1C[C@H]1c1ccccc1,['AM-VI'],AM-VI,1.0,,,,,,,,0.6500194932518911,0.6228109638030938,0.9116959324265899,0.8830579721044344,0.7577208546042409,1.0,,,,,,,77.05435269799544,53.490178546798404,65.62126412728207,,,
acylation,CON(C)C(=O)c1ccc(F)cn1,CNOC,O=C(O)c1ccc(F)cn1,['AM-I'],AM-I,0.9955421133445218,,50.546124114384725,32.81573341370581,40.99191595977343,,,,0.9955421133445218,0.6646307729520683,0.8653585482319441,0.7840947515251896,0.3327180168156235,0.9786554973563992,,,,,,,,,,,,
acylation,CON(C)C(=O)c1cc(Cl)cc(Cl)n1,CNOC,O=C(O)c1cc(Cl)cc(Cl)n1,['AM-VI'],AM-VI,1.0,,,,,,,,0.9684334686528258,0.7087719100552696,0.8789778295738844,0.8550442544971031,0.651181092902213,1.0,,,,,,,82.53219151869648,53.490178546798404,68.63575064904903,,,
acylation,CON(C)C(=O)c1c[nH]c2ncccc12,CNOC,O=C(O)c1c[nH]c2ncccc12,['AM-I'],AM-I,0.9788777661816078,,47.884257225239594,32.81573341370581,37.912344604066924,,,,0.9788777661816078,0.3944248067876521,0.8710233786119375,0.8167130276379778,0.503112608202962,0.731253029565238,,,,,,,,,,,,
acylation,CON(C)C(=O)C(C)c1ccc(CC2CCCC2=O)cc1,CNOC,CC(C(=O)O)c1ccc(CC2CCCC2=O)cc1,['AM-VI'],AM-VI,1.0,,,,,,,,0.8622145551330663,0.6413092246881813,0.8250911013471173,0.8023112150637236,0.79384721463709,1.0,,,,,,,83.74137947918835,53.490178546798404,71.64438922949141,,,
acylation,CON(C)C(=O)c1ccc(-c2ccccc2)cc1,CNOC,O=C(O)c1ccc(-c2ccccc2)cc1,['AM-VI'],AM-VI,1.0,,,,,,,,0.7383774861982288,0.6169668507421859,0.8075978461433533,0.8399485475917733,0.9368009739845169,1.0,,,,,,,84.65591955096062,53.490178546798404,69.2108375527117,,,
acylation,CON(C)C(=O)c1ccnc(C(F)(F)F)c1,CNOC,O=C(O)c1ccnc(C(F)(F)F)c1,['AM-VI'],AM-VI,0.9919372172740347,,,,,,,,0.7729813897664215,0.6582898876191576,0.8732733516299754,0.8630666268145204,0.739871756566622,0.9919372172740347,,,,,,,74.21073942353648,53.490178546798404,60.574461371109045,,,
acylation,Cc1ccc(CC(=O)NS(=O)(=O)c2cc(F)cc(F)c2)cc1,NS(=O)(=O)c1cc(F)cc(F)c1,Cc1ccc(CC(=O)O)cc1,['AM-I'],AM-I,1.0,,70.00462593976167,49.0759015631781,59.85698663652312,,,,1.0,0.8161914682596512,0.9822026618722611,0.7642626612484102,0.687914186979232,0.9539902862290578,,,,,,,,,,,,
acylation,O=C(NS(=O)(=O)c1cc(F)cc(F)c1)C1c2ccccc2Oc2ccccc21,NS(=O)(=O)c1cc(F)cc(F)c1,O=C(O)C1c2ccccc2Oc2ccccc21,['AM-III'],AM-III,1.0,,,,,,,,0.7799405503656471,0.7916912504928377,1.0,0.6175940181920363,0.7848046318472344,0.8320051989487444,,,,90.09056198231934,66.48390598982817,79.63650697014793,,,,,,
acylation,COc1ccc(S(=O)(=O)NC(=O)c2cc(F)ccc2C)cc1,COc1ccc(S(N)(=O)=O)cc1,Cc1ccc(F)cc1C(=O)O,['AM-I'],AM-I,0.9940230034660267,,68.55103956212676,49.10422758647751,56.99967862699924,,,,0.9940230034660267,0.8193782010544263,0.984021471160731,0.8553309335874858,0.8561149786591644,0.9253612026452267,,,,,,,,,,,,
acylation,Cc1ccc(CC(=O)Nc2ccccc2C)cc1,Cc1ccccc1N,Cc1ccc(CC(=O)O)cc1,['AM-I'],AM-I,1.0,,75.39541102176743,48.788672612558614,59.85698663652312,,,,1.0,0.8932459177615892,0.9592020617635069,0.9675449588517061,0.6497767638140035,0.9691284137675797,,,,,,,,,,,,
acylation,Cc1ccc(C(=O)Nc2ccccc2C)cc1F,Cc1ccccc1N,Cc1ccc(C(=O)O)cc1F,['AM-I'],AM-I,1.0,,78.20781187060909,48.788672612558614,60.18144257754668,,,,1.0,0.8309240020389574,0.9611314134657065,0.9522261220753697,0.8256623817702015,0.991246874848281,,,,,,,,,,,,
acylation,Cc1ccccc1NC(=O)C1c2ccccc2Oc2ccccc21,Cc1ccccc1N,O=C(O)C1c2ccccc2Oc2ccccc21,['AM-VI'],AM-VI,1.0,,,,,,,,0.9914593012750267,0.9474166374100907,0.9966613363510931,0.9805176543496155,0.7724510202061716,1.0,,,,,,,88.8436777158478,59.63010688223614,74.02720260282082,,,
acylation,Cc1ccccc1NC(=O)c1ccc2nccnc2c1,Cc1ccccc1N,O=C(O)c1ccc2nccnc2c1,['AM-III'],AM-III,1.0,,,,,,,,0.9525513385221948,0.6783485811868857,1.0,0.9111198918054129,0.6699483574350145,0.9744349359307126,,,,82.03827794751791,71.34163273279708,54.87048416258969,,,,,,
acylation,Cc1ccccc1NC(=O)c1ccc(C)c2ccccc12,Cc1ccccc1N,Cc1ccc(C(=O)O)c2ccccc12,"['AM-I', 'AM-III']","AM-I, AM-III",1.0,,84.45949265309696,48.788672612558614,68.20197198575576,,,,1.0,0.8327914270247471,1.0,0.9634769467609224,0.9333592117273305,0.9925845633550273,,,,105.13839457138792,71.34163273279708,80.86140672647372,,,,,,
acylation,Cc1ccccc1NC(=O)c1ccc2c(c1)OC(F)(F)O2,Cc1ccccc1N,O=C(O)c1ccc2c(c1)OC(F)(F)O2,['AM-I'],AM-I,1.0,,81.68498932543226,48.788672612558614,64.50907555026565,,,,1.0,0.9537123086792201,0.9893050768002214,0.9539053219104662,0.7209859883032065,0.9900422165364133,,,,,,,,,,,,
acylation,Cc1ccc(NC(=O)c2ccc(C)c3ccccc23)c(C)c1,Cc1ccc(N)c(C)c1,Cc1ccc(C(=O)O)c2ccccc12,['AM-I'],AM-I,1.0,,89.14794840106677,54.31567585333232,68.20197198575576,,,,1.0,0.9084089852961548,0.9897983575615236,0.9656478135941778,0.8895125075481508,0.9681174452879535,,,,,,,,,,,,
acylation,Cc1cccc(NC(=O)C2c3ccccc3Oc3ccccc32)c1C,Cc1cccc(N)c1C,O=C(O)C1c2ccccc2Oc2ccccc21,"['AM-I', 'AM-VI']","AM-I, AM-VI",1.0,,89.02244412912964,55.302197971142625,77.8513141038859,,,,1.0,0.9712588353302498,0.9803417077410738,0.961640027232703,0.652209059152608,1.0,,,,,,,90.47064931003885,62.46756647601237,74.02720260282082,,,
acylation,Cc1cccc(NC(=O)c2ccc3nccnc3c2)c1C,Cc1cccc(N)c1C,O=C(O)c1ccc2nccnc2c1,['AM-III'],AM-III,1.0,,,,,,,,0.9877976878651817,0.6344706784079679,1.0,0.8929061772706601,0.6657310209940697,0.9863771059381883,,,,87.27803690567242,74.78833829523316,54.87048416258969,,,,,,
acylation,Cc1cccc(NC(=O)c2ccc3c(c2)OC(F)(F)O3)c1C,Cc1cccc(N)c1C,O=C(O)c1ccc2c(c1)OC(F)(F)O2,"['AM-I', 'AM-III']","AM-I, AM-III",1.0,,85.43131499090713,55.302197971142625,64.50907555026565,,,,1.0,0.963414721629736,1.0,0.9727829490273786,0.6007440272496427,0.9781000465289377,,,,95.80785131492664,74.78833829523316,64.60040051259031,,,,,,
acylation,COC(=O)c1ccc(NC(=O)c2ccc3c(c2)OC(F)(F)O3)cc1OC,COC(=O)c1ccc(N)cc1OC,O=C(O)c1ccc2c(c1)OC(F)(F)O2,['AM-I'],AM-I,1.0,,79.56663219689977,51.59117025017764,64.50907555026565,,,,1.0,0.9018780880586814,0.9749719867687838,0.8672920911759613,0.7026539843136324,0.968571515570249,,,,,,,,,,,,
acylation,C#Cc1cccc(NC(=O)Cc2ccc(C)cc2)c1,C#Cc1cccc(N)c1,Cc1ccc(CC(=O)O)cc1,['AM-I'],AM-I,1.0,,75.2754443758028,45.61759097829942,59.85698663652312,,,,1.0,0.9647508599884846,0.9650209209079484,0.8044221627289325,0.5955982913024962,0.9651986383888735,,,,,,,,,,,,
acylation,C#Cc1cccc(NC(=O)c2ccc3nc(C)ccc3c2)c1,C#Cc1cccc(N)c1,Cc1ccc2cc(C(=O)O)ccc2n1,['AM-I'],AM-I,1.0,,56.14519511527058,45.61759097829942,34.237025121070495,,,,1.0,0.7632317175210277,0.9092902742965913,0.6487100299877042,0.6572918451338395,0.9938421764576365,,,,,,,,,,,,
acylation,C#Cc1cccc(NC(=O)c2cc(OC)c(OC)c(OC)c2)c1,C#Cc1cccc(N)c1,COc1cc(C(=O)O)cc(OC)c1OC,['AM-I'],AM-I,1.0,,69.11815007115956,45.61759097829942,57.37376926106123,,,,1.0,0.8520573548280891,0.9683189381828121,0.804566591526076,0.7112152123025596,0.9660396491952391,,,,,,,,,,,,
acylation,COc1cc(C(=O)Nc2cc(-n3cnc(C)c3)cc(C(F)(F)F)c2)cc(OC)c1OC,Cc1cn(-c2cc(N)cc(C(F)(F)F)c2)cn1,COc1cc(C(=O)O)cc(OC)c1OC,['AM-III'],AM-III,1.0,,,,,,,,0.8430170656362311,0.4475863643439739,1.0,0.6614749928391517,0.7154457277183114,0.9664934157931298,,,,91.14101639977,81.54963406012962,67.8037299372811,,,,,,
acylation,COC(=O)c1ccc(NC(=O)c2ccc(Br)s2)cc1,COC(=O)c1ccc(N)cc1,O=C(O)c1ccc(Br)s1,['AM-I'],AM-I,1.0,,80.54157723484464,48.946228407644085,62.85291497902104,,,,1.0,0.8841719083748945,0.9913688406575359,0.9539824842912598,0.7660677226810394,0.9930789398835139,,,,,,,,,,,,
acylation,COC(=O)c1ccc(NC(=O)c2ccc(C)c3ccccc23)cc1,COC(=O)c1ccc(N)cc1,Cc1ccc(C(=O)O)c2ccccc12,"['AM-I', 'AM-III']","AM-I, AM-III",1.0,,83.32531747738943,48.946228407644085,68.20197198575576,,,,1.0,0.8768350356625576,1.0,0.9646430494048716,0.9722813968912362,0.9756107131279996,,,,96.77746288210915,66.94447710914949,80.86140672647372,,,,,,
acylation,COC(=O)c1ccc(NC(=O)c2ccc3c(c2)OC(F)(F)O3)cc1,COC(=O)c1ccc(N)cc1,O=C(O)c1ccc2c(c1)OC(F)(F)O2,['AM-I'],AM-I,1.0,,81.55638810113345,48.946228407644085,64.50907555026565,,,,1.0,0.9373013803159036,0.9684852111579506,0.9527392192665171,0.6929278374592335,0.9730683663093856,,,,,,,,,,,,
acylation,COC(=O)c1ccc(NC(=O)C(C)NC(=O)OCc2ccccc2)cc1,COC(=O)c1ccc(N)cc1,CC(NC(=O)OCc1ccccc1)C(=O)O,['AM-I'],AM-I,1.0,,73.6494506486827,48.946228407644085,59.07829348615441,,,,1.0,0.8972521428841386,0.9230543707023562,0.9011601497951651,0.635576951474458,0.8722878052735583,,,,,,,,,,,,
acylation,Cn1c(NC(=O)C2c3ccccc3Oc3ccccc32)nc2ccccc21,Cn1c(N)nc2ccccc21,O=C(O)C1c2ccccc2Oc2ccccc21,['AM-I'],AM-I,1.0,,66.99483068953087,32.34835874098718,77.8513141038859,,,,1.0,0.8266883852410751,0.6817827085379955,0.7039106466120271,0.9615390305730092,0.9399752002712847,,,,,,,,,,,,
acylation,Cn1c(NC(=O)c2cc(C(C)(C)C)cc(C(C)(C)C)c2)nc2ccccc21,Cn1c(N)nc2ccccc21,CC(C)(C)c1cc(C(=O)O)cc(C(C)(C)C)c1,"['AM-I', 'AM-V']","AM-I, AM-V",1.0,,77.31602001521618,32.34835874098718,92.30053250953233,,,,1.0,0.8989178904623524,0.8014545282651093,0.739858187996087,1.0,0.8537885280602393,,,,,,,,,,71.05602246283127,60.34016091502427,89.82387047347804
acylation,O=C(COc1ccccc1)Nc1cc(C(F)(F)F)ccc1C(F)(F)F,Nc1cc(C(F)(F)F)ccc1C(F)(F)F,O=C(O)COc1ccccc1,"['AM-I', 'AM-III']","AM-I, AM-III",1.0,,86.59255850812866,76.75584653922844,55.616426006761046,,,,1.0,0.994917320096302,1.0,0.6833037536131994,0.5750988673589958,0.867320766708649,,,,108.52509910123848,93.36262746977613,68.41340846478934,,,,,,
acylation,O=C(Nc1cc(C(F)(F)F)ccc1C(F)(F)F)c1ccc(C(F)(F)F)cn1,Nc1cc(C(F)(F)F)ccc1C(F)(F)F,O=C(O)c1ccc(C(F)(F)F)cn1,"['AM-I', 'AM-III']","AM-I, AM-III",1.0,,90.76131005436625,76.75584653922844,53.81650331551455,,,,1.0,0.9874785150549106,1.0,0.7029698777660938,0.6069932243069174,0.9736488688688458,,,,117.32789162948794,93.36262746977613,75.86835190351971,,,,,,
acylation,COc1ncc(Br)cc1C(=O)Nc1cc(C(F)(F)F)ccc1C(F)(F)F,Nc1cc(C(F)(F)F)ccc1C(F)(F)F,COc1ncc(Br)cc1C(=O)O,"['AM-I', 'AM-III', 'AM-VI']","AM-I, AM-III, AM-VI",1.0,,92.18755515977814,76.75584653922844,63.57624576282906,,,,1.0,0.9821309951141602,1.0,0.9318905320187396,0.7302895362302035,1.0,,,,121.25703402511323,93.36262746977613,81.13937440454305,89.49672372849084,78.41850394463883,65.68732636333365,,,
acylation,COc1ccc(CC(=O)Nc2ccc(Cl)cc2)cc1,Nc1ccc(Cl)cc1,COc1ccc(CC(=O)O)cc1,['AM-III'],AM-III,1.0,,,,,,,,0.9522359627540365,0.8803805096236346,1.0,0.9570946538719962,0.7642578637055377,0.9951277548391085,,,,89.02074919706578,76.70553916158207,67.2388529161037,,,,,,
acylation,O=C(Nc1ccc(Cl)cc1)c1ccc(C(F)(F)F)cn1,Nc1ccc(Cl)cc1,O=C(O)c1ccc(C(F)(F)F)cn1,['AM-VI'],AM-VI,1.0,,,,,,,,0.9785455598742804,0.9514319733028095,0.9613503184567347,0.8193130607548096,0.7377616979238644,1.0,,,,,,,78.20058397479724,68.62559961518328,59.13173142733413,,,
acylation,COc1cc(C(=O)Nc2ccc(Cl)cc2)cc(OC)c1OC,Nc1ccc(Cl)cc1,COc1cc(C(=O)O)cc(OC)c1OC,['AM-III'],AM-III,0.9995350815544554,,,,,,,,0.9592962852771663,0.893315171970352,0.9995350815544554,0.9345132010958141,0.6792852221983131,0.9554274745839003,,,,91.7834338088951,76.70553916158207,67.8037299372811,,,,,,
acylation,O=C(Cc1ccc2c(c1)OCO2)Nc1ccc(Cl)cc1,Nc1ccc(Cl)cc1,O=C(O)Cc1ccc2c(c1)OCO2,['AM-III'],AM-III,1.0,,,,,,,,0.9542436637342716,0.8644583743392582,1.0,0.9254983028178997,0.7206615695703892,0.9560538768149955,,,,88.27536292021892,76.70553916158207,65.99901128887055,,,,,,
acylation,Cc1ccc(CC(=O)Nc2cc([N+](=O)[O-])ccc2C)cc1,Cc1ccc([N+](=O)[O-])cc1N,Cc1ccc(CC(=O)O)cc1,['AM-III'],AM-III,0.9756866003661582,,,,,,,,0.9667709052643401,0.901654694978005,0.9756866003661582,0.9298598305085461,0.6914977964816553,0.9552796569127555,,,,96.55057676740867,75.59011817458233,71.72510817724972,,,,,,
acylation,COc1ccc(CC(=O)Nc2cc([N+](=O)[O-])ccc2C)cc1,Cc1ccc([N+](=O)[O-])cc1N,COc1ccc(CC(=O)O)cc1,['AM-III'],AM-III,0.996928339292039,,,,,,,,0.9622684272378488,0.8403935921467844,0.996928339292039,0.8220955824078185,0.6202466917858478,0.9631636216177846,,,,90.26661649612348,75.59011817458233,67.2388529161037,,,,,,
acylation,Cc1cc(C(=O)Nc2cc([N+](=O)[O-])ccc2C)cc(Cl)n1,Cc1ccc([N+](=O)[O-])cc1N,Cc1cc(C(=O)O)cc(Cl)n1,['AM-III'],AM-III,1.0,,,,,,,,0.9641756340171533,0.9380980458377457,1.0,0.7641515588335753,0.5368156442249155,0.9738574012668568,,,,96.75762831371216,75.59011817458233,65.31831484960654,,,,,,
acylation,Cc1ccc([N+](=O)[O-])cc1NC(=O)c1ccco1,Cc1ccc([N+](=O)[O-])cc1N,O=C(O)c1ccco1,"['AM-I', 'AM-III']","AM-I, AM-III",1.0,,71.44583352995213,56.997723343673066,44.773987859382785,,,,1.0,0.6928331896067037,1.0,0.7102190737070044,0.678891627962525,0.9223979668273983,,,,85.39186594396273,75.59011817458233,57.47305252335343,,,,,,
acylation,Cc1ccc([N+](=O)[O-])cc1NC(=O)c1ccc2c(c1)OC(F)(F)O2,Cc1ccc([N+](=O)[O-])cc1N,O=C(O)c1ccc2c(c1)OC(F)(F)O2,['AM-III'],AM-III,1.0,,,,,,,,0.9919445465724707,0.9017954318024674,1.0,0.8286712724070728,0.7627070209708583,0.9782562635665715,,,,92.68873938164893,75.59011817458233,64.60040051259031,,,,,,
acylation,Cc1ccc([N+](=O)[O-])cc1NC(=O)C(C)c1ccc(-c2ccccc2)c(F)c1,Cc1ccc([N+](=O)[O-])cc1N,CC(C(=O)O)c1ccc(-c2ccccc2)c(F)c1,['AM-III'],AM-III,1.0,,,,,,,,0.7366275756364289,0.7540911529502257,1.0,0.8310114883400694,0.8229773929439578,0.8885255449773745,,,,106.18923259238613,75.59011817458233,85.80382017233188,,,,,,
acylation,Cc1ccc([N+](=O)[O-])cc1NC(=O)c1cc(C(C)(C)C)cc(C(C)(C)C)c1,Cc1ccc([N+](=O)[O-])cc1N,CC(C)(C)c1cc(C(=O)O)cc(C(C)(C)C)c1,"['AM-III', 'AM-VI']","AM-III, AM-VI",1.0,,,,,,,,0.6825218444048178,0.8187874115528909,1.0,0.8398510787649882,0.8903528566245448,1.0,,,,120.21868744322563,75.59011817458233,96.02553916434516,90.15937414677613,62.43044930787059,80.18225366100233,,,
acylation,Cc1ccc([N+](=O)[O-])cc1NC(=O)c1ccc(C)c2ccccc12,Cc1ccc([N+](=O)[O-])cc1N,Cc1ccc(C(=O)O)c2ccccc12,['AM-I'],AM-I,1.0,,78.64002157723968,56.997723343673066,68.20197198575576,,,,1.0,0.9336497396020256,0.9823451162494857,0.8778156780515949,0.9421829414191911,0.9807986103851853,,,,,,,,,,,,
acylation,Cc1ccc([N+](=O)[O-])cc1NC(=O)c1cnc(Cl)nc1,Cc1ccc([N+](=O)[O-])cc1N,O=C(O)c1cnc(Cl)nc1,"['AM-I', 'AM-III']","AM-I, AM-III",1.0,,69.66788251989095,56.997723343673066,47.50659693045944,,,,1.0,0.8617581471472648,1.0,0.8179045499373275,0.431167396989217,0.9341599727148137,,,,92.23971368957024,75.59011817458233,62.52729677208319,,,,,,
acylation,O=C(Nc1ccc2nccnc2c1)c1ccnc(C(F)(F)F)c1,Nc1ccc2nccnc2c1,O=C(O)c1ccnc(C(F)(F)F)c1,['AM-I'],AM-I,1.0,,67.94343472693541,39.77658073555126,57.70647848883063,,,,1.0,0.7928162040065325,0.9524118926409103,0.8270990619075307,0.7930810873156393,0.9780881194820614,,,,,,,,,,,,
acylation,COc1ccc(NC(=O)Cc2ccc(C)cc2)cc1C,COc1ccc(N)cc1C,Cc1ccc(CC(=O)O)cc1,['AM-I'],AM-I,1.0,,78.96627066297759,49.27457655015108,59.85698663652312,,,,1.0,0.9382293233685087,0.9581060816026358,0.9306440664955893,0.6511882027878644,0.9800256710815489,,,,,,,,,,,,
acylation,COc1ccc(NC(=O)c2cnccn2)cc1C,COc1ccc(N)cc1C,O=C(O)c1cnccn1,['AM-I'],AM-I,1.0,,60.911128893543705,49.27457655015108,35.63748838811979,,,,1.0,0.7893663412144728,0.7427691986966787,0.7351274051295593,0.7486465725215952,0.6973001475109386,,,,,,,,,,,,
acylation,COc1ccc(NC(=O)c2cc(Br)cnc2OC)cc1C,COc1ccc(N)cc1C,COc1ncc(Br)cc1C(=O)O,"['AM-I', 'AM-III']","AM-I, AM-III",1.0,,83.41932813214997,49.27457655015108,63.57624576282906,,,,1.0,0.978184291510558,1.0,0.9531225927780964,0.4434667533013612,0.9627028994989247,,,,97.3765675346786,71.8771126117264,81.13937440454305,,,,,,
acylation,COc1ccc(NC(=O)c2cc3ccccc3s2)cc1C,COc1ccc(N)cc1C,O=C(O)c1cc2ccccc2s1,['AM-I'],AM-I,1.0,,84.0490304732698,49.27457655015108,65.32554216135341,,,,1.0,0.9755585859621353,0.9771274857051618,0.9516531645607559,0.6791483832178931,0.9647638423375811,,,,,,,,,,,,
acylation,COc1ccc(NC(=O)c2ccnc(C(F)(F)F)c2)cc1C,COc1ccc(N)cc1C,O=C(O)c1ccnc(C(F)(F)F)c1,['AM-I'],AM-I,0.996925876291556,,77.70626279877644,49.27457655015108,57.70647848883063,,,,0.996925876291556,0.9682389482203342,0.9116842864226053,0.7451589915173087,0.6424041636164493,0.9830583167983169,,,,,,,,,,,,
acylation,COc1ccc(NC(=O)c2ccc(C)c3ccccc23)cc1C,COc1ccc(N)cc1C,Cc1ccc(C(=O)O)c2ccccc12,['AM-I'],AM-I,1.0,,84.93837485395372,49.27457655015108,68.20197198575576,,,,1.0,0.8327961570582607,0.9999256350130081,0.9476927540980064,0.9103749662588091,0.9676729027483227,,,,,,,,,,,,
acylation,CCOC(=O)c1cccc(NC(=O)c2ccc(C)c3ccccc23)c1,CCOC(=O)c1cccc(N)c1,Cc1ccc(C(=O)O)c2ccccc12,"['AM-I', 'AM-III']","AM-I, AM-III",1.0,,87.64946718147323,55.1010307331718,68.20197198575576,,,,1.0,0.9292779784075815,1.0,0.9602490159400352,0.868304939433053,0.9629559672754461,,,,97.3564435562214,69.23186349006588,80.86140672647372,,,,,,
acylation,COc1ccc(NC(=O)c2ccc(C(F)(F)F)cn2)cc1,COc1ccc(N)cc1,O=C(O)c1ccc(C(F)(F)F)cn1,['AM-I'],AM-I,0.9951062657691343,,70.96911792486928,45.72086540137853,53.81650331551455,,,,0.9951062657691343,0.9845405630047437,0.9877306885892975,0.8398131166705787,0.7293448229370719,0.9750949345819199,,,,,,,,,,,,
acylation,COc1ccc(NC(=O)c2cc3ccccc3s2)cc1,COc1ccc(N)cc1,O=C(O)c1cc2ccccc2s1,['AM-I'],AM-I,1.0,,79.19572005385027,45.72086540137853,65.32554216135341,,,,1.0,0.8301192628332634,0.9885738973446804,0.9677913079594374,0.7978584931473399,0.9787993202769364,,,,,,,,,,,,
acylation,COc1ccc(NC(=O)c2c(C)cccc2C)cc1,COc1ccc(N)cc1,Cc1cccc(C)c1C(=O)O,['AM-I'],AM-I,1.0,,74.21037269617527,45.72086540137853,59.6692463644063,,,,1.0,0.7345808871519068,0.9629930977966469,0.9589239777172005,0.7892219370338134,0.970863598214705,,,,,,,,,,,,
acylation,COc1ccc(NC(=O)c2ccc([N+](=O)[O-])s2)cc1,COc1ccc(N)cc1,O=C(O)c1ccc([N+](=O)[O-])s1,['AM-I'],AM-I,1.0,,73.75805612954525,45.72086540137853,58.20878307270477,,,,1.0,0.8536915351221441,0.95812312519641,0.9577693092033919,0.7053065019714173,0.9636950787691757,,,,,,,,,,,,
acylation,Cc1ccc2cccc(NC(=O)COc3ccccc3)c2n1,Cc1ccc2cccc(N)c2n1,O=C(O)COc1ccccc1,['AM-I'],AM-I,1.0,,64.85612853851735,35.09189190224229,55.616426006761046,,,,1.0,0.9930711325070369,0.9899495617339545,0.7447692808464504,0.7454122693450373,0.9708924457216563,,,,,,,,,,,,
acylation,Cc1ccc2cccc(NC(=O)c3c(C)cccc3C)c2n1,Cc1ccc2cccc(N)c2n1,Cc1cccc(C)c1C(=O)O,"['AM-I', 'AM-II', 'AM-V']","AM-I, AM-II, AM-V",1.0,,71.6454247463324,35.09189190224229,59.6692463644063,64.27852536578227,44.734753241421934,54.47142900734874,1.0,1.0,0.9793891248811014,0.8944780309906323,1.0,0.9645385494700807,,,,,,,,,,69.99759275468566,60.01297980542526,81.25033831452654
acylation,Cc1cc(C)c(C(=O)Nc2cccc3ccc(C)nc23)c(C)c1,Cc1ccc2cccc(N)c2n1,Cc1cc(C)c(C(=O)O)c(C)c1,"['AM-II', 'AM-V']","AM-II, AM-V",1.0,,,,,67.32740150945371,44.734753241421934,56.65401309427164,0.9758804670449247,1.0,0.9628147888842569,0.8507361802954663,1.0,0.9752114761642953,,,,,,,,,,70.29577421352994,60.01297980542526,82.67287705972802
acylation,COc1cc(C(=O)Nc2cccc3ccc(C)nc23)cc(OC)c1OC,Cc1ccc2cccc(N)c2n1,COc1cc(C(=O)O)cc(OC)c1OC,['AM-I'],AM-I,1.0,,70.97973956639677,35.09189190224229,57.37376926106123,,,,1.0,0.9767746331904732,0.9928362971861715,0.8034235543625698,0.9817216265388676,0.9841457799262433,,,,,,,,,,,,
acylation,Cc1ccc2cccc(NC(=O)c3ccc(C(F)(F)F)cn3)c2n1,Cc1ccc2cccc(N)c2n1,O=C(O)c1ccc(C(F)(F)F)cn1,"['AM-I', 'AM-II']","AM-I, AM-II",1.0,,75.69204519703628,35.09189190224229,53.81650331551455,71.55621745275579,44.734753241421934,53.828989700371494,1.0,1.0,0.9601211931842765,0.9177084912649597,0.7104167541949113,0.9862546580242811,,,,,,,,,,,,
acylation,COc1ccc2cc(C(C)C(=O)Nc3cccc4ccc(C)nc34)ccc2c1,Cc1ccc2cccc(N)c2n1,COc1ccc2cc(C(C)C(=O)O)ccc2c1,"['AM-II', 'AM-V', 'AM-VI']","AM-II, AM-V, AM-VI",1.0,,,,,68.3054026328805,44.734753241421934,58.44543166056067,0.8769784292562819,1.0,0.9756598069686957,0.7287043648384519,1.0,1.0,,,,,,,92.15457265632315,64.86583817390334,78.87311966809199,69.03871009032383,60.01297980542526,80.15441918574346
acylation,Cc1ccc2cccc(NC(=O)C(C)c3ccc(-c4ccccc4)c(F)c3)c2n1,Cc1ccc2cccc(N)c2n1,CC(C(=O)O)c1ccc(-c2ccccc2)c(F)c1,"['AM-III', 'AM-VI']","AM-III, AM-VI",1.0,,,,,,,,0.8225648662112008,0.9222981175092487,1.0,0.654872788931977,0.9682717034889082,1.0,,,,113.40911994230962,75.29075590300053,85.80382017233188,102.57735400900212,64.86583817390334,87.47736619987852,,,
acylation,Cc1ccc2cccc(NC(=O)Cc3ccc4c(c3)C(=O)c3ccccc3CO4)c2n1,Cc1ccc2cccc(N)c2n1,O=C(O)Cc1ccc2c(c1)C(=O)c1ccccc1CO2,['AM-II'],AM-II,1.0,,,,,68.02010543512758,44.734753241421934,56.104034123285665,0.8669690978821654,1.0,0.9678939180157152,0.618121366494214,0.8525054703784999,0.991587623451512,,,,,,,,,,,,
acylation,Cc1ccc2cccc(NC(=O)c3ccc(C#N)cc3)c2n1,Cc1ccc2cccc(N)c2n1,N#Cc1ccc(C(=O)O)cc1,"['AM-I', 'AM-III']","AM-I, AM-III",1.0,,69.3217747484103,35.09189190224229,55.85119797012984,,,,1.0,0.9619964346781439,1.0,0.7962832115589465,0.815965337046564,0.9897059069759904,,,,97.80918106520235,75.29075590300053,60.86290599234073,,,,,,
acylation,Cc1cc(C)c(C(=O)NCc2ccc(F)cc2)c(C)c1,NCc1ccc(F)cc1,Cc1cc(C)c(C(=O)O)c(C)c1,"['AM-I', 'AM-III']","AM-I, AM-III",1.0,,81.51829973610928,44.907704455511166,67.58545910370532,,,,1.0,0.7347450452791924,1.0,0.9682456017296796,0.8792745257127723,0.9897194341747451,,,,89.11378630439609,67.20386879350508,76.43723931535558,,,,,,
acylation,COc1ccc2cc(C(C)C(=O)NCc3ccc(F)cc3)ccc2c1,NCc1ccc(F)cc1,COc1ccc2cc(C(C)C(=O)O)ccc2c1,"['AM-I', 'AM-III']","AM-I, AM-III",1.0,,83.53576613677463,44.907704455511166,73.19661613376108,,,,1.0,0.8051454162962949,1.0,0.911096123003364,0.7863394921143547,0.9717811919526383,,,,92.6418186673377,67.20386879350508,79.15010713478907,,,,,,
acylation,O=C(Cc1ccc2c(c1)C(=O)c1ccccc1CO2)NCc1ccc(F)cc1,NCc1ccc(F)cc1,O=C(O)Cc1ccc2c(c1)C(=O)c1ccccc1CO2,"['AM-I', 'AM-III', 'AM-VI']","AM-I, AM-III, AM-VI",1.0,,79.95370683048756,44.907704455511166,70.81794059497938,,,,1.0,0.7899051180210002,1.0,0.7596189004693089,0.5577298344504983,1.0,,,,88.5168603652389,67.20386879350508,77.50995138791959,81.12204203042222,61.41874735062046,71.86705750598259,,,
acylation,Cc1cc(C)cc(C(=O)NCc2ccc(F)cc2)c1,NCc1ccc(F)cc1,Cc1cc(C)cc(C(=O)O)c1,['AM-I'],AM-I,1.0,,80.62407698544172,44.907704455511166,66.6856239815535,,,,1.0,0.7297590617782268,0.9896034619134889,0.9308637073400631,0.8942782902434092,0.9779636447692396,,,,,,,,,,,,
acylation,CC(C(=O)NCc1ccc(F)cc1)c1ccc(-c2ccccc2)c(F)c1,NCc1ccc(F)cc1,CC(C(=O)O)c1ccc(-c2ccccc2)c(F)c1,['AM-III'],AM-III,1.0,,,,,,,,0.9425153634409358,0.7075299242464865,1.0,0.907627017527508,0.8116741778731681,0.9520110942124528,,,,97.49274448817809,67.20386879350508,85.80382017233188,,,,,,
acylation,Cc1ccc2cccc(NC(=O)Cc3ccc(C(F)(F)F)cc3)c2n1,Cc1ccc2cccc(N)c2n1,O=C(O)Cc1ccc(C(F)(F)F)cc1,"['AM-I', 'AM-II', 'AM-V']","AM-I, AM-II, AM-V",1.0,,77.5040610795535,35.09189190224229,66.34115470672643,67.1188752854222,44.734753241421934,56.89751641663097,1.0,1.0,0.9725577675218325,0.6573744628217504,1.0,0.9738560875931686,,,,,,,,,,69.51824474819168,60.01297980542526,80.89143930885318
acylation,Cc1ccc(CC(=O)NC(c2ccccc2)(c2ccccc2)c2ccccc2)cc1,NC(c1ccccc1)(c1ccccc1)c1ccccc1,Cc1ccc(CC(=O)O)cc1,"['AM-III', 'AM-VI']","AM-III, AM-VI",1.0,,,,,,,,0.8900904867054265,0.7958155346205962,1.0,0.8205020751343022,0.7022897816458094,1.0,,,,105.30707750426043,92.54028642914264,71.72510817724972,92.63904266770031,79.52290376028162,61.2950179934131,,,
B-H,COC(=O)c1ccccc1Nc1ccc2nccnc2c1,NC1=CC=C2N=CC=NC2=C1,O=C(OC)C1=CC=CC=C1Br,['AM-VI'],AM-VI,1.0,,,,,,,,0.7922207175474716,0.739764129894328,0.7357993589055309,0.7924595258846153,0.9167441273774394,1.0,,,,,,,72.07284864361675,56.78072418217124,82.77960709337354,,,
B-H,Cc1ccc(Nc2cncc3ccccc23)cc1,NC1=CC=C(C)C=C1,BrC1=CN=CC2=C1C=CC=C2,['AM-III'],AM-III,1.0,,,,,,,,0.6106833082608762,0.5957131121889284,1.0,0.6395134152846564,0.33417502637678387,0.8754719708062495,,,,101.13837013554951,74.31096516439712,88.59098759409727,,,,,,
B-H,COC(=O)c1ccccc1Nc1ccc(OC)nc1,NC1=CC=C(OC)N=C1,O=C(OC)C1=CC=CC=C1Br,"['AM-I', 'AM-VI']","AM-I, AM-VI",1.0,,85.18185247352818,37.3584481987548,72.61791287762881,,,,1.0,0.6891884827535302,0.8909797848277847,0.72118235767164,0.9130480289642695,1.0,,,,,,,69.70144865622373,55.75953087676367,82.77960709337354,,,
B-H,Cc1ccccc1Nc1ccc2nccnc2c1,NC1=CC=C2N=CC=NC2=C1,CC1=CC=CC=C1Br,['AM-VI'],AM-VI,1.0,,,,,,,,0.8898893821058173,0.9832214954770377,0.7392873930267907,0.7069057313274403,0.852522267511979,1.0,,,,,,,71.9112901535639,56.78072418217124,84.66013189092217,,,
B-H,CC1=CC(C)=NC(NC2=CC=C(C=N2)OC)=N1,NC1=NC(C)=CC(C)=N1,COc1cnc(Br)cc1,"['AM-I', 'AM-VI']","AM-I, AM-VI",1.0,,51.41908169831594,33.531577518781546,61.78473213944336,,,,1.0,0.6443229658272637,0.8822761014675217,0.5026323393123533,0.5587594503623647,1.0,,,,,,,65.57724868265149,55.44514450279431,76.33757015510339,,,
B-H,CC1=CC(C)=CC(NC(C=C2)=NC=C2C)=N1,CC1=CC(C)=CC(N)=N1,CC1=CN=C(Br)C=C1,['AM-I'],AM-I,1.0,,44.39606123495921,30.309405108750553,55.96533311467256,,,,1.0,0.931567928686891,0.8032045374834302,0.6621140455517791,0.7560683568723421,0.9859298004904737,,,,,,,,,,,,
B-H,COC(C(C)=C1)=CC=C1NC2=CN=C(SC)N=C2C(OC)=O,NC1=CC=C(OC)C(C)=C1,O=C(C1=NC(SC)=NC=C1Br)OC,['AM-I'],AM-I,1.0,,84.58180021660188,49.27457655015108,71.83001640679429,,,,1.0,0.9189387624351091,0.9661848504088449,0.9037271706733018,0.6335609111721234,0.754571211073961,,,,,,,,,,,,
B-H,O=CC(S1)=CN=C1NC2=CN=CC3=C2C=CC=C3,NC1=NC=C(C=O)S1,BrC1=CN=CC2=C1C=CC=C2,['AM-I'],AM-I,1.0,,48.61757210011643,35.9228275577105,59.38883258736653,,,,1.0,0.7164030024765858,0.9206364520288207,0.5291387777422661,0.5743155767489709,0.9247232238507768,,,,,,,,,,,,
B-H,COC1=CC=C(C=C1OC)NC2=CC=CC=C2C,COC1=CC=C(N)C=C1OC,CC1=CC=CC=C1Br,['AM-VI'],AM-VI,0.9194901590651671,,,,,,,,0.7310898123161307,0.6947421683267103,0.903673722222025,0.7491743169552185,0.6614773269302314,0.9194901590651671,,,,,,,78.05127416668671,63.08606586605818,84.66013189092217,,,
B-H,Cc1ccccc1Nc1ccc(cn1)[N+]([O-])=O,NC1=NC=C([N+]([O-])=O)C=C1,CC1=CC=CC=C1Br,"['AM-III', 'AM-VI']","AM-III, AM-VI",1.0,,,,,,,,0.7478924147005601,0.6988241368230426,1.0,0.7976456647245755,0.9295100633331757,1.0,,,,98.53228366706998,65.92735507962385,84.17265924716449,65.94607573300945,55.85865903268922,84.66013189092217,,,
B-H,COc1ccc(Nc2ccccc2C)cc1,NC1=CC=C(OC)C=C1,CC1=CC=CC=C1Br,['AM-III'],AM-III,1.0,,,,,,,,0.8884847341416566,0.632588999900433,1.0,0.7619839801433814,0.661037295180435,0.9123171239684377,,,,93.43315777281754,69.4596304734601,84.17265924716449,,,,,,
B-H,Cc1ccc(Nc2ccc(C)c(I)c2)c(C)c1,NC1=NC(C)=CC(C)=N1,CC1=CC=CC=C1Br,"['AM-I', 'AM-II', 'AM-III', 'AM-IV', 'AM-VI']","AM-I, AM-II, AM-III, AM-IV, AM-VI",1.0,,100.9116459832767,33.531577518781546,78.79385497638377,71.03559194040973,36.658552874816046,61.953752091372706,1.0,1.0,1.0,1.0,0.7037758959931351,1.0,80.21585979854365,48.50717751852327,64.5864513282547,109.1098592486237,56.70331974998206,84.17265924716449,99.97301607016095,55.44514450279431,84.66013189092217,,,
B-H,CCOC(=O)c1cccc(Nc2ccccc2C)c1,O=C(OCC)C1=CC=CC(N)=C1,CC1=CC=CC=C1Br,"['AM-I', 'AM-III']","AM-I, AM-III",1.0,,89.98179610927215,55.1010307331718,78.79385497638377,,,,1.0,0.7649858864893,1.0,0.9428282733337763,0.5906324068384022,0.7482139994573066,,,,94.47297843955604,69.23186349006588,84.17265924716449,,,,,,
B-H,Cc1cc(C)nc(Nc2ccccc2C)c1,CC1=CC(C)=CC(N)=N1,CC1=CC=CC=C1Br,"['AM-I', 'AM-III', 'AM-VI']","AM-I, AM-III, AM-VI",1.0,,53.38225069951241,30.309405108750553,78.79385497638377,,,,1.0,0.9288163419257299,1.0,0.9389143374060412,0.8088826326273626,1.0,,,,95.92288460920253,65.16476776790728,84.17265924716449,74.57656935573628,60.163365725147585,84.66013189092217,,,
B-H,COc1ccc(OC)c(Nc2ccccc2C)c1,NC1=CC(OC)=CC=C1OC,CC1=CC=CC=C1Br,"['AM-I', 'AM-III']","AM-I, AM-III",1.0,,88.21804291438816,46.28671132230018,78.79385497638377,,,,1.0,0.6458550535293517,1.0,0.7862709182351084,0.6706463721955148,0.9566600228779639,,,,96.04024121323354,69.54875387980496,84.17265924716449,,,,,,
B-H,COc1ccc(Nc2ccccc2C)cc1C,NC1=CC=C(OC)C(C)=C1,CC1=CC=CC=C1Br,"['AM-I', 'AM-III']","AM-I, AM-III",1.0,,90.61817732055911,49.27457655015108,78.79385497638377,,,,1.0,0.7055090297945363,1.0,0.9131489933884401,0.6867471634113297,0.7894163418029088,,,,96.97612655491639,71.8771126117264,84.17265924716449,,,,,,
B-H,Cc1ccccc1Nc1ccc2ncccc2c1,NC1=CC=C2N=CC=CC2=C1,CC1=CC=CC=C1Br,"['AM-II', 'AM-VI']","AM-II, AM-VI",1.0,,,,,44.921819891899375,30.755832384681135,61.953752091372706,0.9980028824545807,1.0,0.7578075097967418,0.8690636262110304,0.9308724237460074,1.0,,,,,,,73.52240659775546,54.412864830549296,84.66013189092217,,,
B-H,Cc1ccccc1Nc1ccc2CCC(=O)c2c1,NC1=CC=CC=C1C,O=C1CCC2=C1C=C(Br)C=C2,"['AM-I', 'AM-III']","AM-I, AM-III",1.0,,80.98205501136695,48.788672612558614,71.4855050468125,,,,1.0,0.6220725966554694,1.0,0.7856286473466377,0.6668911098234083,0.9405397177128058,,,,93.39885522969044,71.34163273279708,83.50741604597457,,,,,,
B-H,CC(=O)c1cccc(Nc2ccc3CCC(=O)c3c2)c1,NC1=CC(C(C)=O)=CC=C1,O=C1CCC2=C1C=C(Br)C=C2,['AM-VI'],AM-VI,1.0,,,,,,,,0.6334453998627623,0.7619006451945858,0.6630624443807214,0.6684218942105615,0.6777596333865522,1.0,,,,,,,73.94695469794837,59.51194975724419,84.45785154381053,,,
B-H,Cc1cc(C)nc(Nc2cc(F)ccn2)n1,NC1=NC(C)=CC(C)=N1,FC1=CC(Br)=NC=C1,['AM-I'],AM-I,1.0,,53.188809214614935,33.531577518781546,63.71634450906943,,,,1.0,0.6219717377689817,0.8824576672403507,0.4558339137141949,0.554876631582318,0.9704175438259081,,,,,,,,,,,,
B-H,Cc1cc(C)nc(Nc2cc(F)ccn2)c1,CC1=CC(C)=CC(N)=N1,FC1=CC(Br)=NC=C1,['AM-I'],AM-I,1.0,,49.217700826742,30.309405108750553,63.71634450906943,,,,1.0,0.6579621203513135,0.6704285180999963,0.6610558437514344,0.7341445710113921,0.8588130001983404,,,,,,,,,,,,
B-H,COc1ccc(OC)c(Nc2cc(F)ccn2)c1,NC1=CC(OC)=CC=C1OC,FC1=CC(Br)=NC=C1,['AM-III'],AM-III,0.9670996604418672,,,,,,,,0.6835284220779856,0.6475003622322395,0.9670996604418672,0.6610412144057191,0.7418541285264824,0.7712025897700179,,,,82.62419971020265,69.54875387980496,71.60020216512731,,,,,,
B-H,Cc1ccc(Nc2ccc3ncccc3c2)c(C)c1,NC1=CC=C2N=CC=CC2=C1,CC1=CC=C(Br)C(C)=C1,"['AM-II', 'AM-VI']","AM-II, AM-VI",1.0,,,,,51.270179311437985,30.755832384681135,65.48354059831657,0.9980028824545807,1.0,0.757299907474357,0.9760823247910655,0.9825449614034433,1.0,,,,,,,77.5143901119017,54.412864830549296,90.39218874928814,,,
B-H,Cc1ccc(Nc2ccnc(c2)C(F)(F)F)c(C)c1,NC1=CC(C(F)(F)F)=NC=C1,CC1=CC=C(Br)C(C)=C1,['AM-VI'],AM-VI,0.977085209155385,,,,,,,,0.6754961983766641,0.7707635474871029,0.8850777109358832,0.8457079545591157,0.7425834223820952,0.977085209155385,,,,,,,82.0727580373732,62.03186327197584,90.39218874928814,,,
B-H,Cc1ccc(Nc2cncnc2C)c(C)c1,NC1=CN=CN=C1C,CC1=CC=C(Br)C(C)=C1,['AM-VI'],AM-VI,1.0,,,,,,,,0.9986416370616416,0.8009089584824497,0.8078200647500895,0.9573399555929398,0.8973691898336017,1.0,,,,,,,69.75698889993151,53.804853224523235,90.39218874928814,,,
B-H,CC(C)S(=O)(=O)c1ccccc1Nc1ccc(C)cc1C,O=S(C1=CC=CC=C1N)(C(C)C)=O,CC1=CC=C(Br)C(C)=C1,"['AM-I', 'AM-III']","AM-I, AM-III",1.0,,93.58219018834866,58.76967722205556,84.14591805816553,,,,1.0,0.8190831296439045,1.0,0.6774379425028594,0.745901592247372,0.9385087468453682,,,,105.51312264850739,75.15343869748241,86.57191460461215,,,,,,
B-H,Cc1ccc(NCC2CC2)c(C)c1,NCC1CC1,CC1=CC=C(Br)C(C)=C1,['AM-VI'],AM-VI,1.0,,,,,,,,0.7844755055189728,0.8954121254810409,0.7175527520522672,0.6342987053281874,0.7395346108330241,1.0,,,,,,,78.33487420952899,56.87389809483758,90.39218874928814,,,
B-H,Cc1ccccc1Nc1ccc2OCCOc2c1,NC1=CC=CC=C1C,BrC1=CC=C(OCCO2)C2=C1,"['AM-I', 'AM-III']","AM-I, AM-III",1.0,,84.01770084544665,48.788672612558614,74.21507074416986,,,,1.0,0.652991455940491,1.0,0.754828869614544,0.6106388474626745,0.9048526768842361,,,,94.35743132816864,71.34163273279708,82.78129549013352,,,,,,
B-H,COC1=CC=C(C=C1OC)NC2=CC=C3OCCOC3=C2,COC1=CC=C(N)C=C1OC,BrC1=CC=C(OCCO2)C2=C1,['AM-VI'],AM-VI,0.9155083395103356,,,,,,,,0.6551192745022545,0.6236677485948484,0.7991655889359068,0.7427732105250497,0.6124363182997399,0.9155083395103356,,,,,,,77.33967783120178,63.08606586605818,83.83027551465875,,,
B-H,C1COc2cc(Nc3ccc4nccnc4c3)ccc2O1,NC1=CC=C2N=CC=NC2=C1,BrC1=CC=C(OCCO2)C2=C1,"['AM-I', 'AM-VI']","AM-I, AM-VI",1.0,,64.21764151733959,39.77658073555126,74.21507074416986,,,,1.0,0.8783920048580287,0.7212097823818282,0.816623612111457,0.8580422238352096,1.0,,,,,,,71.39314782103449,56.78072418217124,83.83027551465875,,,
B-H,Cc1cc(C)nc(Nc2ccc3OCCOc3c2)n1,NC1=NC(C)=CC(C)=N1,BrC1=CC=C(OCCO2)C2=C1,"['AM-I', 'AM-VI']","AM-I, AM-VI",1.0,,63.01769197790404,33.531577518781546,74.21507074416986,,,,1.0,0.8157421446676352,0.752692352713112,0.7676402002669972,0.8344458521037632,1.0,,,,,,,72.04091317829824,55.44514450279431,83.83027551465875,,,
B-H,Cc1ccc(Nc2ccc3OCCOc3c2)cc1I,NC1=CC=C(C)C(I)=C1,BrC1=CC=C(OCCO2)C2=C1,['AM-I'],AM-I,1.0,,89.93300735612814,63.694035809479495,74.21507074416986,,,,1.0,0.9609894821272037,0.9638993297964061,0.8907739515472868,0.6819051084714687,0.9521831448335142,,,,,,,,,,,,
B-H,Cc1ccc(Nc2ccc3OCCOc3c2)nc1,NC1=NC=C(C)C=C1,BrC1=CC=C(OCCO2)C2=C1,"['AM-IV', 'AM-VI']","AM-IV, AM-VI",1.0,,,,,,,,0.9949085911686877,0.8074323783528287,0.6987100847507779,1.0,0.9123749231369487,1.0,54.134463994139985,43.429706537153386,65.81023821770407,,,,73.58575710869808,56.87121754165861,83.83027551465875,,,
B-H,COc1ccc(OC)c(Nc2ccc3OCCOc3c2)c1,NC1=CC(OC)=CC=C1OC,BrC1=CC=C(OCCO2)C2=C1,['AM-III'],AM-III,1.0,,,,,,,,0.8773509080317191,0.6689973591439434,1.0,0.6556913851621431,0.6232554524290745,0.9208348115697923,,,,92.6212839939466,69.54875387980496,82.78129549013352,,,,,,
B-H,COc1ccc(Nc2ccc3OCCOc3c2)cc1C,NC1=CC=C(OC)C(C)=C1,BrC1=CC=C(OCCO2)C2=C1,['AM-III'],AM-III,1.0,,,,,,,,0.930866628916698,0.9049433349715084,1.0,0.7037682806033578,0.512498658495122,0.795636715514981,,,,92.82627739271251,71.8771126117264,82.78129549013352,,,,,,
B-H,Cc1cc(C)nc(Nc2cnc3ccnn3c2)n1,NC1=NC(C)=CC(C)=N1,BrC1=CN2C(N=C1)=CC=N2,['AM-III'],AM-III,0.8890626000931602,,,,,,,,0.7218052091296294,0.7112543610611184,0.8890626000931602,0.4192456482804041,0.53128182382961,0.786207867698123,,,,65.08006840421069,56.70331974998206,71.77457239244148,,,,,,
B-H,COC(=O)c1ccc(Nc2ccc3-c4ccccc4C(C)(C)c3c2)cc1,O=C(OC)C1=CC=C(N)C=C1,CC1(C)C2=C(C3=C1C=CC=C3)C=CC(Br)=C2,['AM-VI'],AM-VI,1.0,,,,,,,,0.6514180423448686,0.7018146249967131,0.7615859484665933,0.6378043667411657,0.5822826420904126,1.0,,,,,,,95.23373704371582,63.663093696177924,108.37133969075151,,,
B-H,COc1ccc(Nc2ccc3-c4ccccc4C(C)(C)c3c2)cc1,NC1=CC=C(OC)C=C1,CC1(C)C2=C(C3=C1C=CC=C3)C=CC(Br)=C2,['AM-VI'],AM-VI,1.0,,,,,,,,0.6758210477850379,0.6105998431394085,0.8131552347272601,0.6236863464782216,0.6857396467990766,1.0,,,,,,,97.96418426439928,62.21428788399828,108.37133969075151,,,
B-H,CC1(C)c2ccccc2-c2ccc(Nc3ccccc3C=O)cc12,O=CC1=CC=CC=C1N,CC1(C)C2=C(C3=C1C=CC=C3)C=CC(Br)=C2,['AM-VI'],AM-VI,1.0,,,,,,,,0.7771647757542619,0.8381638796404459,0.7834723197839938,0.6852773882135801,0.7721767427918116,1.0,,,,,,,95.53137761714763,58.27070603257483,108.37133969075151,,,
B-H,Cc1ccc(Nc2ccc3-c4ccccc4C(C)(C)c3c2)cc1I,NC1=CC=C(C)C(I)=C1,CC1(C)C2=C(C3=C1C=CC=C3)C=CC(Br)=C2,['AM-III'],AM-III,1.0,,,,,,,,0.7712217733442766,0.71827636931951,1.0,0.769719516566491,0.8033911770324316,0.829220719131444,,,,118.990735317829,84.1568339431345,105.59078270876878,,,,,,
B-H,Cc1ccc(Nc2ccc3-c4ccccc4C(C)(C)c3c2)nc1,NC1=NC=C(C)C=C1,CC1(C)C2=C(C3=C1C=CC=C3)C=CC(Br)=C2,"['AM-IV', 'AM-VI']","AM-IV, AM-VI",1.0,,,,,,,,0.9949085911686877,0.8705532675479415,0.702552269409431,1.0,0.8970890062846644,1.0,67.56183444740063,43.429706537153386,77.38872240578581,,,,92.5377639452096,56.87121754165861,108.37133969075151,,,
B-H,COc1ccc(C(O)=O)c(Nc2ccc3-c4ccccc4C(C)(C)c3c2)c1,O=C(O)C1=CC=C(OC)C=C1N,CC1(C)C2=C(C3=C1C=CC=C3)C=CC(Br)=C2,['AM-VI'],AM-VI,1.0,,,,,,,,0.8072582340740629,0.7581046552604395,0.8920061708191481,0.7898090665580799,0.5658922583745083,1.0,,,,,,,82.61222972987795,58.85806047058509,108.37133969075151,,,
B-H,Cc1ncncc1Nc1ccc2-c3ccccc3C(C)(C)c2c1,NC1=CN=CN=C1C,CC1(C)C2=C(C3=C1C=CC=C3)C=CC(Br)=C2,['AM-VI'],AM-VI,1.0,,,,,,,,0.9986416370616416,0.9108752982921292,0.6645781070405291,0.9937553928252406,0.895616630265866,1.0,,,,,,,84.92975146410133,53.804853224523235,108.37133969075151,,,
B-H,CC(C)Nc1ccc2-c3ccccc3C(C)(C)c2c1,NC(C)C,CC1(C)C2=C(C3=C1C=CC=C3)C=CC(Br)=C2,['AM-VI'],AM-VI,1.0,,,,,,,,0.9052743946669685,0.8557207347045205,0.715277173008272,0.9014054309299853,0.7588586975397685,1.0,,,,,,,94.12043933676227,57.884175386314055,108.37133969075151,,,
B-H,COC(=O)c1ccccc1Nc1ccc(C)cc1C,NC1=CC=C(C)C=C1C,O=C(OC)C1=CC=CC=C1Br,"['AM-I', 'AM-III']","AM-I, AM-III",1.0,,99.48476249183979,54.31567585333232,72.61791287762881,,,,1.0,0.8551531113767756,1.0,0.9649392115902311,0.6841567409823843,0.7921577432222604,,,,101.26900905092765,74.01599360947995,85.16943079490207,,,,,,
B-H,COC1=CC=C(C=C1OC)NC2=CC=CC=C2C(OC)=O,COC1=CC=C(N)C=C1OC,O=C(OC)C1=CC=CC=C1Br,['AM-I'],AM-I,1.0,,85.18189927413067,42.147956759055155,72.61791287762881,,,,1.0,0.6336504998847765,0.8765745829622039,0.7307541247352204,0.6755511166253675,0.9153743046984284,,,,,,,,,,,,
B-H,COC(=O)c1ccccc1Nc1ccc(F)cc1C(=O)OC,O=C(OC)C1=CC(F)=CC=C1N,O=C(OC)C1=CC=CC=C1Br,"['AM-I', 'AM-III']","AM-I, AM-III",1.0,,91.64260110928939,61.11737155556979,72.61791287762881,,,,1.0,0.8461493355044141,1.0,0.8323007502914614,0.6176585271549597,0.8898061097690295,,,,98.70510997644394,71.69423233080752,85.16943079490207,,,,,,
B-H,COC(=O)c1ccccc1Nc1ccc(cn1)[N+]([O-])=O,NC1=NC=C([N+]([O-])=O)C=C1,O=C(OC)C1=CC=CC=C1Br,"['AM-I', 'AM-III', 'AM-VI']","AM-I, AM-III, AM-VI",1.0,,88.37432391967002,49.086049403142916,72.61791287762881,,,,1.0,0.62339184889547,1.0,0.649613510345112,0.9851327278019456,1.0,,,,99.56822500690708,65.92735507962385,85.16943079490207,69.2099656877858,55.85865903268922,82.77960709337354,,,
B-H,COC(=O)c1ccccc1Nc1ccc(OC)cc1,NC1=CC=C(OC)C=C1,O=C(OC)C1=CC=CC=C1Br,['AM-I'],AM-I,1.0,,89.33997090134345,45.72086540137853,72.61791287762881,,,,1.0,0.6981314614749473,0.9802569446535547,0.7953721617016842,0.7312418908578961,0.9157574920868644,,,,,,,,,,,,
B-H,COC(=O)c1ccccc1Nc1nc(C)cc(C)n1,NC1=NC(C)=CC(C)=N1,O=C(OC)C1=CC=CC=C1Br,"['AM-I', 'AM-VI']","AM-I, AM-VI",1.0,,84.18884980429418,33.531577518781546,72.61791287762881,,,,1.0,0.7886038947423857,0.7104341926020241,0.7361813490136921,0.8646359231066489,1.0,,,,,,,70.496194255206,55.44514450279431,82.77960709337354,,,
B-H,COC(=O)c1ccccc1Nc1ccc(OC)c(C)c1,NC1=CC=C(OC)C(C)=C1,O=C(OC)C1=CC=CC=C1Br,"['AM-I', 'AM-III']","AM-I, AM-III",1.0,,93.61811028782746,49.27457655015108,72.61791287762881,,,,1.0,0.877099096220572,1.0,0.9261763008745685,0.5756134568207496,0.8034521209768012,,,,97.03634606031008,71.8771126117264,85.16943079490207,,,,,,
B-H,COC(=O)c1ccccc1Nc1ccc2ncccc2c1,NC1=CC=C2N=CC=CC2=C1,O=C(OC)C1=CC=CC=C1Br,"['AM-II', 'AM-VI']","AM-II, AM-VI",1.0,,,,,50.52534099484504,30.755832384681135,61.54533274135093,0.8177418653442856,1.0,0.750299154796435,0.7573416128261712,0.9868697338250122,1.0,,,,,,,71.8551853248537,54.412864830549296,82.77960709337354,,,
B-H,COC(=O)c1ccccc1NC1CC1,NC1CC1,O=C(OC)C1=CC=CC=C1Br,['AM-VI'],AM-VI,1.0,,,,,,,,0.6618567959900925,0.8355630748479631,0.7348638883870432,0.6960694188335939,0.839599958424506,1.0,,,,,,,69.88244959982019,55.88785365707112,82.77960709337354,,,
B-H,COC(=O)c1ccccc1Nc1cccc(c1)C(C)=O,NC1=CC(C(C)=O)=CC=C1,O=C(OC)C1=CC=CC=C1Br,['AM-I'],AM-I,1.0,,84.61756722766594,44.52371564233274,72.61791287762881,,,,1.0,0.7038740727653809,0.8438419240034847,0.7362717149056539,0.684622169351446,0.9870441050836283,,,,,,,,,,,,
B-H,OCc1ccccc1Nc1ccc2cnccc2c1,OCC1=CC=CC=C1N,BrC1=CC2=C(C=NC=C2)C=C1,['AM-VI'],AM-VI,1.0,,,,,,,,0.8448564623230176,0.6116994160494937,0.6663133197966731,0.512359273931897,0.4916380695255018,1.0,,,,,,,63.842836020051024,51.44210088965703,85.21769213278044,,,
B-H,Cc1ccc(cc1Nc1ccc2cnccc2c1)[N+]([O-])=O,NC1=CC([N+]([O-])=O)=CC=C1C,BrC1=CC2=C(C=NC=C2)C=C1,['AM-III'],AM-III,1.0,,,,,,,,0.6415281780859439,0.7026386796387905,1.0,0.4547038308208242,0.42452717848325583,0.9893578897632566,,,,98.01419496526279,75.59011817458233,86.56076532214291,,,,,,
B-H,O=Cc1ccccc1Nc1ccc2cnccc2c1,O=CC1=CC=CC=C1N,BrC1=CC2=C(C=NC=C2)C=C1,['AM-VI'],AM-VI,1.0,,,,,,,,0.6850486876417498,0.6915199662317761,0.8300796285697571,0.6121798359631596,0.5446420956730302,1.0,,,,,,,73.42581460663366,58.27070603257483,85.21769213278044,,,
B-H,Cc1cc(C)nc(Nc2ccc3cnccc3c2)n1,NC1=NC(C)=CC(C)=N1,BrC1=CC2=C(C=NC=C2)C=C1,['AM-VI'],AM-VI,1.0,,,,,,,,0.7746432613584064,0.4057064658013103,0.8359796398889779,0.5231557866235461,0.6066131504566927,1.0,,,,,,,71.56638312731994,55.44514450279431,85.21769213278044,,,
B-H,Cc1cc(C)nc(Nc2ccc3cnccc3c2)c1,CC1=CC(C)=CC(N)=N1,BrC1=CC2=C(C=NC=C2)C=C1,['AM-I'],AM-I,1.0,,42.15839629914258,30.309405108750553,53.57606205027943,,,,1.0,0.4416968483836422,0.841972823676528,0.7283777166607859,0.6600061094818099,0.9621603974727729,,,,,,,,,,,,
B-H,Cc1cc(F)ccc1NCc1ccccc1F,NCC1=CC=CC=C1F,CC1=CC(F)=CC=C1Br,"['AM-I', 'AM-III']","AM-I, AM-III",1.0,,88.18220550276334,47.09198289185077,78.52165019084157,,,,1.0,0.7378465891580507,1.0,0.6291531769023947,0.6555328613559117,0.8681204587616363,,,,97.86404886927733,69.63702761550215,85.28491282241839,,,,,,
B-H,COc1ccc(C(O)=O)c(Nc2ccc(F)cc2C)c1,O=C(O)C1=CC=C(OC)C=C1N,CC1=CC(F)=CC=C1Br,['AM-VI'],AM-VI,1.0,,,,,,,,0.6716408159093937,0.6581286777686236,0.6795768328001768,0.6991353438995132,0.711184110651671,1.0,,,,,,,72.53506653183439,58.85806047058509,88.81800888380252,,,
B-H,Cc1cc(F)ccc1Nc1cccn2ccnc12,NC1=CC=CN2C1=NC=C2,CC1=CC(F)=CC=C1Br,"['AM-IV', 'AM-VI']","AM-IV, AM-VI",1.0,,,,,,,,0.997217457402872,0.9956915563184026,0.8576062661903491,1.0,0.9916088461036517,1.0,57.65588141133728,41.00314578375201,68.01429168209728,,,,68.22934807044601,50.527191372116334,88.81800888380252,,,
B-H,Cc1cc(C)nc(Nc2ccc(F)cc2C)c1,CC1=CC(C)=CC(N)=N1,CC1=CC(F)=CC=C1Br,"['AM-I', 'AM-III', 'AM-IV']","AM-I, AM-III, AM-IV",1.0,,54.582008538215305,30.309405108750553,78.52165019084157,,,,1.0,0.9562701043906107,1.0,1.0,0.8228575872246919,0.9666903767342631,58.55456310270231,43.76655093466304,68.01429168209728,97.41559464302992,65.16476776790728,85.28491282241839,,,,,,
B-H,Cc1cc(F)ccc1Nc1ccnc(c1)C(F)(F)F,NC1=CC(C(F)(F)F)=NC=C1,CC1=CC(F)=CC=C1Br,['AM-VI'],AM-VI,0.9598323107817837,,,,,,,,0.7029442334979981,0.8052997920545258,0.8738955065512637,0.8038923566348646,0.7069109171430137,0.9598323107817837,,,,,,,81.01098925358355,62.03186327197584,88.81800888380252,,,
B-H,COC1=CC=C(C=C1OC)NC2=CN=CC(C(C)=O)=C2,COC1=CC=C(N)C=C1OC,CC(C1=CC(Br)=CN=C1)=O,['AM-I'],AM-I,0.9075204975065937,,51.61770356592169,42.147956759055155,58.481427058324,,,,0.9075204975065937,0.5941421844934645,0.7231626869285941,0.3673179208784352,0.4364405429070414,0.8121739645499378,,,,,,,,,,,,
B-H,CC(=O)c1cncc(Nc2nc(C)cc(C)n2)c1,NC1=NC(C)=CC(C)=N1,CC(C1=CC(Br)=CN=C1)=O,"['AM-III', 'AM-VI']","AM-III, AM-VI",1.0,,,,,,,,0.7012807321284583,0.703059110634283,1.0,0.7010235298009615,0.6584500767110647,1.0,,,,67.17093066877075,56.70331974998206,78.3344534004616,64.56302645335265,55.44514450279431,75.50763261319133,,,
B-H,CC(=O)c1cncc(Nc2ccc(C)c(I)c2)c1,NC1=CC=C(C)C(I)=C1,CC(C1=CC(Br)=CN=C1)=O,['AM-III'],AM-III,0.9849544533270498,,,,,,,,0.9795054586101488,0.8269167361762474,0.9849544533270498,0.8109804280119755,0.6556311756679496,0.851886617859297,,,,95.43559872925098,84.1568339431345,78.3344534004616,,,,,,
B-H,Cc1ccccc1Nc1ccccc1C(=O)c1ccccc1,NC1=CC=CC=C1C,O=C(C1=CC=CC=C1Br)C2=CC=CC=C2,"['AM-I', 'AM-III']","AM-I, AM-III",1.0,,99.58200049250473,48.788672612558614,84.58149998858866,,,,1.0,0.7197628191651175,1.0,0.8692973275978171,0.7322750369090716,0.8829612663304043,,,,100.1488045131243,71.34163273279708,88.47927832026454,,,,,,
B-H,COC(=O)c1ccc(Nc2ccccc2C(=O)c2ccccc2)cc1,O=C(OC)C1=CC=C(N)C=C1,O=C(C1=CC=CC=C1Br)C2=CC=CC=C2,['AM-III'],AM-III,1.0,,,,,,,,0.9480867021038606,0.8729977340230993,1.0,0.8367005560715888,0.7689192316574448,0.9602716986146133,,,,99.17109795539574,66.94447710914949,88.47927832026454,,,,,,
B-H,COC1=CC=C(C=C1OC)NC2=CC=CC=C2C(C3=CC=CC=C3)=O,COC1=CC=C(N)C=C1OC,O=C(C1=CC=CC=C1Br)C2=CC=CC=C2,['AM-VI'],AM-VI,0.9587662058151248,,,,,,,,0.8457220949631926,0.6124875915721592,0.9204196779617647,0.7168356681014744,0.7987748533384832,0.9587662058151248,,,,,,,82.66297483162738,63.08606586605818,90.43833114433659,,,
B-H,COc1ccc(Nc2ccccc2C(=O)c2ccccc2)cc1,NC1=CC=C(OC)C=C1,O=C(C1=CC=CC=C1Br)C2=CC=CC=C2,"['AM-I', 'AM-III']","AM-I, AM-III",1.0,,95.41819984812872,45.72086540137853,84.58149998858866,,,,1.0,0.685451939699335,1.0,0.7701978870547186,0.7921486871613121,0.9242251724244328,,,,98.2458896003989,69.4596304734601,88.47927832026454,,,,,,
B-H,O=Cc1ccccc1Nc1ccccc1C(=O)c1ccccc1,O=CC1=CC=CC=C1N,O=C(C1=CC=CC=C1Br)C2=CC=CC=C2,"['AM-III', 'AM-VI']","AM-III, AM-VI",1.0,,,,,,,,0.9227250125477126,0.6189311473953034,1.0,0.7097167000756048,0.8187634528529177,1.0,,,,97.97521621406324,62.800940771179825,88.47927832026454,77.49616499585008,58.27070603257483,90.43833114433659,,,
B-H,Cc1cc(C)nc(Nc2ccccc2C(=O)c2ccccc2)n1,NC1=NC(C)=CC(C)=N1,O=C(C1=CC=CC=C1Br)C2=CC=CC=C2,['AM-VI'],AM-VI,1.0,,,,,,,,0.7469633033768296,0.7997250041091089,0.7482913108507201,0.639632125748606,0.9296558688580389,1.0,,,,,,,74.98741718784026,55.44514450279431,90.43833114433659,,,
B-H,Cc1ccc(Nc2ccccc2C(=O)c2ccccc2)nc1,NC1=NC=C(C)C=C1,O=C(C1=CC=CC=C1Br)C2=CC=CC=C2,['AM-VI'],AM-VI,1.0,,,,,,,,0.9949085911686877,0.7474000888746735,0.9102936295219886,0.871782125216116,0.9720250610903726,1.0,,,,,,,77.66811055186922,56.87121754165861,90.43833114433659,,,
B-H,COc1ccc(Nc2ccccc2C(=O)c2ccccc2)cc1C,NC1=CC=C(OC)C(C)=C1,O=C(C1=CC=CC=C1Br)C2=CC=CC=C2,"['AM-I', 'AM-III']","AM-I, AM-III",1.0,,99.70523299927228,49.27457655015108,84.58149998858866,,,,1.0,0.8161995933020811,1.0,0.9302518707499594,0.6988371935338653,0.7986121140451194,,,,101.25134195462024,71.8771126117264,88.47927832026454,,,,,,
B-H,COC(=O)c1ccc(Nc2ccccc2C(=O)c2ccccc2)cc1F,O=C(OC)C1=CC=C(N)C=C1F,O=C(C1=CC=CC=C1Br)C2=CC=CC=C2,"['AM-II', 'AM-III']","AM-II, AM-III",1.0,,,,,75.38738488771682,51.41741644116828,64.6094938632688,0.8961286413251023,1.0,1.0,0.7792402014307669,0.7473847973193666,0.9049624322265946,,,,103.84756645563516,71.42671913118227,88.47927832026454,,,,,,
B-H,O=C(c1ccccc1)c1ccccc1NC1CC1,NC1CC1,O=C(C1=CC=CC=C1Br)C2=CC=CC=C2,['AM-VI'],AM-VI,1.0,,,,,,,,0.7659648352516983,0.8239940361980652,0.7947488794955254,0.7422296015375063,0.8245589401656401,1.0,,,,,,,75.07504420787157,55.88785365707112,90.43833114433659,,,
B-H,[O-][N+](C(C=C1)=CN=C1NC2=CC=CC=C2C(C3=CC=CC=C3)=O)=O,NC1=NC=C([N+]([O-])=O)C=C1,O=C(C1=CC=CC=C1Br)C2=CC=CC=C2,"['AM-III', 'AM-V', 'AM-VI']","AM-III, AM-V, AM-VI",1.0,,,,,,,,0.6883505338205129,0.6143314906984817,1.0,0.8532046441867672,1.0,1.0,,,,104.3168399022459,65.92735507962385,88.47927832026454,69.85324716748991,55.85865903268922,90.43833114433659,68.47119548298326,57.38577395143031,79.49581704840702
B-H,CC(C)c1ccc(Nc2ccc(cn2)[N+]([O-])=O)cc1,NC1=NC=C([N+]([O-])=O)C=C1,CC(C1=CC=C(Br)C=C1)C,"['AM-IV', 'AM-VI']","AM-IV, AM-VI",1.0,,,,,,,,0.6316773027519522,0.7365207594504455,0.9663110528265145,1.0,0.978903475203204,1.0,60.003238099699324,47.85773348449255,69.4325530315941,,,,77.49979121552067,55.85865903268922,98.64242267505571,,,
B-H,CC(C)c1ccc(Nc2nc(C)cc(C)n2)cc1,NC1=NC(C)=CC(C)=N1,CC(C1=CC=C(Br)C=C1)C,['AM-VI'],AM-VI,1.0,,,,,,,,0.850904427763107,0.8994962250775215,0.8045786718914216,0.7393005430088697,0.8374999426699044,1.0,,,,,,,82.80784839654146,55.44514450279431,98.64242267505571,,,
B-H,CC(C)c1ccc(Nc2cncnc2C)cc1,NC1=CN=CN=C1C,CC(C1=CC=C(Br)C=C1)C,"['AM-IV', 'AM-VI']","AM-IV, AM-VI",1.0,,,,,,,,0.9986416370616416,0.8980032511781924,0.6625169537196577,1.0,0.9403523614960763,1.0,59.542716361330896,43.628750921824384,69.4325530315941,,,,78.61040904577774,53.804853224523235,98.64242267505571,,,
B-H,CC(C)c1ccc(Nc2ccccc2S(=O)(=O)C(C)C)cc1,O=S(C1=CC=CC=C1N)(C(C)C)=O,CC(C1=CC=C(Br)C=C1)C,"['AM-III', 'AM-VI']","AM-III, AM-VI",1.0,,,,,,,,0.9771736922734244,0.664179211934024,1.0,0.658416658861618,0.6921340354485958,1.0,,,,108.61312822934897,75.15343869748241,93.78349620603743,87.68940487113866,65.04077194037376,98.64242267505571,,,
B-H,CC(C)CNc1ccc(cc1)C(C)C,NCC(C)C,CC(C1=CC=C(Br)C=C1)C,['AM-VI'],AM-VI,1.0,,,,,,,,0.636141864683827,0.7581313376735462,0.7345207476638325,0.7206928733753821,0.7583672517713387,1.0,,,,,,,84.59439777820722,58.852754828105056,98.64242267505571,,,
B-H,CC(C)Nc1ccc(cc1)C(C)C,NC(C)C,CC(C1=CC=C(Br)C=C1)C,['AM-VI'],AM-VI,1.0,,,,,,,,0.8991648550888839,0.9554640620923412,0.7279488354291388,0.8700676856826466,0.7620544145018727,1.0,,,,,,,83.08753981709143,57.884175386314055,98.64242267505571,,,
B-H,CC(C)c1ccc(NC2CCCCC2)cc1,NC1CCCCC1,CC(C1=CC=C(Br)C=C1)C,['AM-VI'],AM-VI,1.0,,,,,,,,0.6869071804337237,0.6575538957746792,0.8876602256015397,0.6245995930595922,0.6801348707832751,1.0,,,,,,,88.94040996068462,61.56003195345551,98.64242267505571,,,
B-H,COC(=O)c1cc(F)ccc1Nc1ccc(F)cc1C,O=C(OC)C1=CC(F)=CC=C1N,CC1=CC(F)=CC=C1Br,"['AM-I', 'AM-III']","AM-I, AM-III",1.0,,89.22562000479809,61.11737155556979,78.52165019084157,,,,1.0,0.7857935982536781,1.0,0.8225272673129536,0.7030111668804004,0.8525068423226945,,,,100.49827839327537,71.69423233080752,85.28491282241839,,,,,,
B-H,COc1ccc(Nc2ccc(F)cc2C)cn1,NC1=CC=C(OC)N=C1,CC1=CC(F)=CC=C1Br,['AM-VI'],AM-VI,1.0,,,,,,,,0.6145552221265376,0.7214777282264448,0.9432761993272158,0.678167939761358,0.8345114183394842,1.0,,,,,,,74.99142717754263,55.75953087676367,88.81800888380252,,,
B-H,Cc1cc(F)ccc1Nc1ccc(cn1)[N+]([O-])=O,NC1=NC=C([N+]([O-])=O)C=C1,CC1=CC(F)=CC=C1Br,"['AM-III', 'AM-VI']","AM-III, AM-VI",1.0,,,,,,,,0.7116575204389776,0.7249913091716942,1.0,0.885292301747914,0.9357425912602292,1.0,,,,100.21523529839135,65.92735507962385,85.28491282241839,70.88158995541605,55.85865903268922,88.81800888380252,,,
B-H,Cc1cc(F)ccc1Nc1ccc2nccnc2c1,NC1=CC=C2N=CC=NC2=C1,CC1=CC(F)=CC=C1Br,['AM-VI'],AM-VI,1.0,,,,,,,,0.8934725261079134,0.8262377387378554,0.7676643688020911,0.6106811507277798,0.8728951250402461,1.0,,,,,,,77.54680094554044,56.78072418217124,88.81800888380252,,,
B-H,Cc1ccc(Nc2ccc(F)cc2C)nc1,NC1=NC=C(C)C=C1,CC1=CC(F)=CC=C1Br,['AM-VI'],AM-VI,1.0,,,,,,,,0.9949085911686877,0.8110095507957475,0.8946226911068073,0.960543486431954,0.8470275836284762,1.0,,,,,,,77.01852775994236,56.87121754165861,88.81800888380252,,,
B-H,COC(=O)c1ccc(Nc2ccc3nccnc3c2)nc1,NC1=CC=C2N=CC=NC2=C1,O=C(OC)C1=CN=C(Br)C=C1,['AM-VI'],AM-VI,0.9040415014828914,,,,,,,,0.6905154504716922,0.6270876544320839,0.6870292713991104,0.705300433886991,0.6673489105220183,0.9040415014828914,,,,,,,71.73913956423227,56.78072418217124,77.88917215827415,,,
B-H,COC(=O)c1ccc(Nc2cncnc2C)nc1,NC1=CN=CN=C1C,O=C(OC)C1=CN=C(Br)C=C1,['AM-VI'],AM-VI,1.0,,,,,,,,0.9986416370616416,0.6629812998272704,0.7474197221385099,0.8818417056101141,0.736584415906158,1.0,,,,,,,68.14514927229241,53.804853224523235,77.88917215827415,,,
B-H,Cc1ccc(Nc2ccnc(C)c2)nc1,NC1=NC=C(C)C=C1,CC1=NC=CC(Br)=C1,['AM-VI'],AM-VI,1.0,,,,,,,,0.864793157602815,0.6308160945522511,0.6287283470632876,0.6271779901669212,0.5538474352300384,1.0,,,,,,,67.4378232345546,56.87121754165861,78.05860559331248,,,
B-H,CC(C)S(=O)(=O)c1ccccc1Nc1cncc2ccccc12,O=S(C1=CC=CC=C1N)(C(C)C)=O,BrC1=CN=CC2=C1C=CC=C2,['AM-III'],AM-III,1.0,,,,,,,,0.8764242639638389,0.7082524111237519,1.0,0.2722125464174775,0.3771142125937067,0.8773627499420183,,,,105.34729274775168,75.15343869748241,88.59098759409727,,,,,,
B-H,C1CCC(CC1)Nc1cncc2ccccc12,NC1CCCCC1,BrC1=CN=CC2=C1C=CC=C2,['AM-III'],AM-III,0.9507965107914003,,,,,,,,0.4899374559704005,0.6656724012353225,0.9507965107914003,0.6511401152624658,0.365115047928386,0.9398368086591925,,,,96.29201547899024,67.09380365364098,88.59098759409727,,,,,,
B-H,[O-][N+](C(C=C1NC2=CN=CC3=C2C=CC=C3)=C(C=C1OC)F)=O,NC1=CC([N+]([O-])=O)=C(F)C=C1OC,BrC1=CN=CC2=C1C=CC=C2,['AM-III'],AM-III,1.0,,,,,,,,0.29333103900757485,0.8439791129700088,1.0,0.32748719781627034,0.6513472827545924,0.9343893935564546,,,,105.52503820716589,77.34349604544312,88.59098759409727,,,,,,
B-H,CN(C)c1cccc(Nc2ccccc2CO)c1,OCC1=CC=CC=C1N,CN(C)C1=CC=CC(Br)=C1,"['AM-I', 'AM-VI']","AM-I, AM-VI",1.0,,54.017902179349946,39.159877770617726,73.57109592694603,,,,1.0,0.739101359714764,0.7552298081362231,0.9176904749448769,0.6369225151664573,1.0,,,,,,,63.909634445288496,51.44210088965703,83.11797123931323,,,
B-H,CN(C)c1cccc(Nc2ccc(cn2)[N+]([O-])=O)c1,NC1=NC=C([N+]([O-])=O)C=C1,CN(C)C1=CC=CC(Br)=C1,"['AM-IV', 'AM-VI']","AM-IV, AM-VI",1.0,,,,,,,,0.9980640691682156,0.7253130956085372,0.8653521112074851,1.0,0.8867966595981989,1.0,57.99050956243877,47.85773348449255,68.0698090673967,,,,65.98420205973252,55.85865903268922,83.11797123931323,,,
B-H,CN(C)c1cccc(Nc2ccc(CO)cc2)c1,NC1=CC=C(C=C1)CO,CN(C)C1=CC=CC(Br)=C1,"['AM-I', 'AM-III', 'AM-VI']","AM-I, AM-III, AM-VI",1.0,,54.0221831984861,34.63691621850619,73.57109592694603,,,,1.0,0.7270228841751197,1.0,0.8742058185192959,0.7088850803833069,1.0,,,,77.97565183051893,59.43906538014133,87.01639939679092,64.01395605505158,52.72971500922438,83.11797123931323,,,
B-H,CN(C)c1cccc(Nc2ccc3ncccc3c2)c1,NC1=CC=C2N=CC=CC2=C1,CN(C)C1=CC=CC(Br)=C1,"['AM-II', 'AM-IV', 'AM-VI']","AM-II, AM-IV, AM-VI",1.0,,,,,43.416909953837234,30.755832384681135,55.627539406408125,0.9980028824545807,1.0,0.9023559318583589,1.0,0.8525287913571247,1.0,55.10808867081365,43.02008953040393,68.0698090673967,,,,70.19980009567686,54.412864830549296,83.11797123931323,,,
B-H,CN(C)c1cccc(Nc2ccncc2)c1,NC1=CC=NC=C1,CN(C)C1=CC=CC(Br)=C1,"['AM-IV', 'AM-VI']","AM-IV, AM-VI",1.0,,,,,,,,0.9862317287799777,0.8779646000277969,0.8853656246486737,1.0,0.9089507875510046,1.0,47.989458078132564,35.77736323825015,68.0698090673967,,,,67.22292863366104,54.1258817394534,83.11797123931323,,,
B-H,CN(C)c1cccc(Nc2cccc(F)n2)c1,NC1=NC(F)=CC=C1,CN(C)C1=CC=CC(Br)=C1,"['AM-I', 'AM-IV', 'AM-VI']","AM-I, AM-IV, AM-VI",1.0,,61.21803694300242,37.91227728589605,73.57109592694603,,,,1.0,0.6901321553706753,0.699714531659694,1.0,0.7937529095282878,1.0,56.50021542491779,44.18030502768057,68.0698090673967,,,,71.96675828361813,56.81644602301852,83.11797123931323,,,
B-H,CC(C)CNc1cccc(c1)N(C)C,NCC(C)C,CN(C)C1=CC=CC(Br)=C1,"['AM-I', 'AM-VI']","AM-I, AM-VI",1.0,,55.218106610484924,38.96370393215918,73.57109592694603,,,,1.0,0.7557779587893785,0.7136129533466697,0.8907610070753865,0.7182129606235077,1.0,,,,,,,73.29162376750095,58.852754828105056,83.11797123931323,,,
B-H,CC(C)Oc1ncccc1Nc1ccc(C)cc1,NC1=CC=C(C)C=C1,CC(OC1=NC=CC=C1Br)C,['AM-I'],AM-I,1.0,,89.38191581300917,48.15941585632005,73.85938063904726,,,,1.0,0.8262217019024636,0.982954427897519,0.9359491213252827,0.3846951552080389,0.7812725908578015,,,,,,,,,,,,
B-H,COC(=O)c1cc(F)ccc1Nc1cccnc1OC(C)C,O=C(OC)C1=CC(F)=CC=C1N,CC(OC1=NC=CC=C1Br)C,['AM-I'],AM-I,1.0,,92.9732487805653,61.11737155556979,73.85938063904726,,,,1.0,0.8769496035625749,0.995344261389894,0.8323633594784164,0.42798472122761977,0.6883054434692808,,,,,,,,,,,,
B-H,[O-][N+](C(C=C1)=CN=C1NC2=CC=CN=C2OC(C)C)=O,NC1=NC=C([N+]([O-])=O)C=C1,CC(OC1=NC=CC=C1Br)C,"['AM-III', 'AM-VI']","AM-III, AM-VI",1.0,,,,,,,,0.9379493567363484,0.6606743298629757,1.0,0.6478306418016693,0.6231801019109984,1.0,,,,89.71154522008325,65.92735507962385,79.71094033635313,66.5809518249985,55.85865903268922,76.795037304271,,,
B-H,COc1cc(F)c(cc1Nc1cccnc1OC(C)C)[N+]([O-])=O,NC1=CC([N+]([O-])=O)=C(F)C=C1OC,CC(OC1=NC=CC=C1Br)C,['AM-I'],AM-I,1.0,,84.61782676273269,57.71288558629155,73.85938063904726,,,,1.0,0.9525909838507578,0.9685958536501421,0.7834687410860481,0.6276934160458709,0.7984805676868606,,,,,,,,,,,,
B-H,CCc1ccc(NCc2cccc3ccccc23)cc1,NC1=CC=C(CC)C=C1,BrCC1=C2C=CC=CC2=CC=C1,"['AM-I', 'AM-III']","AM-I, AM-III",1.0,,96.58198083854315,55.99264225176256,86.07354827850409,,,,1.0,0.7530603555467449,1.0,0.979587733901479,0.6775401518921342,0.9339309116311997,,,,106.36132026254126,79.07691062629539,89.20774900436805,,,,,,
B-H,Cc1ccc(Nc2ccc(F)cc2C)cc1I,NC1=CC=C(C)C(I)=C1,CC1=CC(F)=CC=C1Br,"['AM-I', 'AM-VI']","AM-I, AM-VI",1.0,,100.30267655714792,63.694035809479495,78.52165019084157,,,,1.0,0.855597965046135,0.9627276462087305,0.9734760969457805,0.4247620129154135,1.0,,,,,,,98.22515835951113,76.71345318585581,88.81800888380252,,,
B-H,Cc1ccc(Nc2ccccc2C(=O)c2ccccc2)cc1I,NC1=CC=C(C)C(I)=C1,O=C(C1=CC=CC=C1Br)C2=CC=CC=C2,['AM-I'],AM-I,1.0,,100.14236978868391,63.694035809479495,84.58149998858866,,,,1.0,0.8481447470411526,0.9778524828462597,0.974178158366025,0.6994676218954456,0.9496395620240757,,,,,,,,,,,,
B-H,CC1=CN=C(N(C2=CC=CC=C2)C(C)C)N=C1,CC(NC1=CC=CC=C1)C,CC1=CN=C(N=C1)Cl,['AM-I'],AM-I,1.0,,78.81902409660809,67.54773931256439,50.994776636819665,,,,1.0,0.9598927170173347,0.8313570598712051,0.7369052911924714,0.48997844464052887,0.963821614787426,,,,,,,,,,,,
B-H,CC1=CC(N2C=CC3=C2C=CC(C#N)=C3)=NC=C1,N#CC1=CC=C2NC=CC2=C1,CC1=CC(Cl)=NC=C1,['AM-I'],AM-I,1.0,,76.5104971828901,64.58995186993366,51.39781543067743,,,,1.0,0.96962454516295,0.6734958490701999,0.6145132006657644,0.5106695497954281,0.775775539073245,,,,,,,,,,,,
B-H,COC1=CN=C(N2C=NC3=C2C=CC=C3)N=C1,C12=CC=CC=C1NC=N2,COC1=CN=C(N=C1)Cl,['AM-I'],AM-I,1.0,,65.38230448894973,35.744717655011755,53.259355334926624,,,,1.0,0.9900462697934762,0.7515650966201983,0.6456978547244292,0.6505962831418861,0.7560270017822194,,,,,,,,,,,,
B-H,CCC(=O)C1=CC=C(N(CC)C2=CC=CC(C)=C2)C=C1,CC1=CC(NCC)=CC=C1,CCC(C1=CC=C(C=C1)Cl)=O,"['AM-I', 'AM-VI']","AM-I, AM-VI",1.0,,94.18198442969083,61.813921674458854,78.20425549395743,,,,1.0,0.9031428430414836,0.9620077445065953,0.955883042500757,0.5181275243503103,1.0,,,,,,,94.93617180772506,70.32893664043777,85.41684998961637,,,
B-H,CC(=O)C1=CC=C(N(C2=CC=CC=C2)C2=CC3=C(C=C2)C2=C(C=CC=C2)C3(C)C)S1,CC1(C)C2=C(C3=C1C=CC=C3)C=CC(NC4=CC=CC=C4)=C2,ClC1=CC=C(S1)C(C)=O,['AM-VI'],AM-VI,1.0,,,,,,,,0.6794010033400382,0.6666163786191184,0.8237949068294774,0.6906730795295202,0.7968330165903195,1.0,,,,,,,111.5022007863427,98.40332288406329,78.67370002043326,,,
B-H,CC(=O)C1=CC=C(N(C2=CC=C(C)C=C2)C2=CC=C(C)C=C2)S1,CC1=CC=C(NC2=CC=C(C)C=C2)C=C1,ClC1=CC=C(S1)C(C)=O,['AM-I'],AM-I,1.0,,96.01809817461128,86.14848720021827,68.70996088327722,,,,1.0,0.861360598308852,0.9751293272988026,0.778336988785019,0.6713977138126291,0.9796099779002246,,,,,,,,,,,,
B-H,COC(=O)c1ccc(Nc2cc(C)ccc2C)cc1OC,O=C(OC)C1=CC=C(N)C=C1OC,CC1=CC=C(C(Cl)=C1)C,['AM-III'],AM-III,1.0,,,,,,,,0.8003366544377469,0.7163153040858292,1.0,0.7661172612769693,0.6876296643142513,0.7235621734618195,,,,93.04405692400556,68.31448411815745,83.99879942951003,,,,,,
B-H,COc1ccc(Nc2cc(C)ccc2C)cc1,NC1=CC=C(OC)C=C1,CC1=CC=C(C(Cl)=C1)C,"['AM-I', 'AM-III']","AM-I, AM-III",1.0,,88.55947332873498,45.72086540137853,78.43041325934925,,,,1.0,0.7253792401660331,1.0,0.835121878163736,0.7193624877210665,0.716454746368417,,,,94.5875212949158,69.4596304734601,83.99879942951003,,,,,,
B-H,CC1=CC(C)=C(NC2=C(C(O)=O)C=CN=C2)C=C1,NC1=CC=C(C)C=C1C,O=C(C1=CC=NC=C1Cl)O,['AM-III'],AM-III,0.8617555159473692,,,,,,,,0.7027630666287352,0.6115725199602533,0.8617555159473692,0.7137419012663385,0.6870309650340507,0.6093778172909258,,,,79.3663392304905,74.01599360947995,63.294833871189525,,,,,,
B-H,OC(C1=CC=NC=C1N(C2=CC=CC=C2)C3=CC=CC=C3)=O,C1(NC2=CC=CC=C2)=CC=CC=C1,O=C(C1=CC=NC=C1Cl)O,['AM-I'],AM-I,1.0,,60.61803195929318,80.16370445709696,39.26340125103296,,,,1.0,0.6303218063919056,0.7003902033602343,0.6980971782435104,0.4973253293283627,0.7282585661822304,,,,,,,,,,,,
B-H,OC(C1=CC=NC=C1NCC23CC4CC(C3)CC(C2)C4)=O,NCC12CC3CC(C2)CC(C3)C1,O=C(C1=CC=NC=C1Cl)O,['AM-III'],AM-III,0.829918109240301,,,,,,,,0.7013285733550398,0.7445478860469648,0.829918109240301,0.6439667044453039,0.6363319201164592,0.6963017211672531,,,,78.2508591559627,73.74102107201875,63.294833871189525,,,,,,
B-H,Cc1ccc(C)c(NCc2ccccc2F)c1,NCC1=CC=CC=C1F,CC1=CC=C(C(Cl)=C1)C,"['AM-I', 'AM-III']","AM-I, AM-III",1.0,,90.61789889570403,47.09198289185077,78.43041325934925,,,,1.0,0.8195560540345682,1.0,0.7015175557696958,0.7133854926445395,0.70021342374253,,,,99.0311587067543,69.63702761550215,83.99879942951003,,,,,,
B-H,COc1cc(F)c(cc1Nc1cc(C)ccc1C)[N+]([O-])=O,NC1=CC([N+]([O-])=O)=C(F)C=C1OC,CC1=CC=C(C(Cl)=C1)C,['AM-I'],AM-I,1.0,,89.38211450773899,57.71288558629155,78.43041325934925,,,,1.0,0.9549697105404333,0.9888982167806198,0.7670736506724418,0.7014086616530376,0.8313219913951697,,,,,,,,,,,,
B-H,CC1=CC(C)=NC(NC2=NC=C(C(F)(F)F)C=N2)=C1,CC1=CC(C)=CC(N)=N1,FC(F)(F)C1=CN=C(N=C1)Cl,['AM-II'],AM-II,0.8288839706811633,,,,,52.83545550124206,35.82717503716418,57.88267522397693,0.7795406008569656,0.8288839706811633,0.6598480280379853,0.8169810883290295,0.746836903614031,0.7640767051545374,,,,,,,,,,,,
B-H,CC1=C(OC)C=CC(NC2=NC=C(C=N2)C(F)(F)F)=C1,NC1=CC=C(OC)C(C)=C1,FC(F)(F)C1=CN=C(N=C1)Cl,['AM-I'],AM-I,1.0,,84.01825286609052,49.27457655015108,65.63873097380907,,,,1.0,0.9947722992949453,0.9029995888336608,0.957179976648662,0.7299851137877389,0.821747745221662,,,,,,,,,,,,
B-H,CC1=NC=CN1C2=CC=C(NC3=NC=C(C(F)(F)F)C=N3)C=C2,NC1=CC=C(N2C=CN=C2C)C=C1,FC(F)(F)C1=CN=C(N=C1)Cl,['AM-I'],AM-I,1.0,,54.01820481952336,30.441989156060636,65.63873097380907,,,,1.0,0.978314588530981,0.7262144019524917,0.8673104197757212,0.7418244240627303,0.8092475018413601,,,,,,,,,,,,
B-H,COC(C1=C(F)C=C(NC2=NC=C(C(F)(F)F)C=N2)C=C1)=O,O=C(OC)C1=CC=C(N)C=C1F,FC(F)(F)C1=CN=C(N=C1)Cl,['AM-I'],AM-I,1.0,,81.38427087881745,54.3526059839916,65.63873097380907,,,,1.0,0.9862838678723412,0.8531840884860653,0.9013694973514643,0.6510491890204373,0.7512720132084563,,,,,,,,,,,,
B-H,CC1=NC=CN1C2=CC=C(NC3=C([N+]([O-])=O)C=CC=C3[N+]([O-])=O)C=C2,NC1=CC=C(N2C=CN=C2C)C=C1,O=[N+]([O-])C1=C(C([N+]([O-])=O)=CC=C1)Cl,"['AM-I', 'AM-II']","AM-I, AM-II",1.0,,52.217536390772906,30.441989156060636,75.78924657093026,47.617267938010414,34.0284466811164,60.63654422061799,1.0,1.0,0.8138330901304942,0.87166731897468,0.7161826244062064,0.7503437075910354,,,,,,,,,,,,
B-H,CC(C1=CC(C)=C(NC2=CC3=NC=CN=C3C=C2)C=C1)=O,NC1=CC=C2N=CC=NC2=C1,CC(C1=CC=C(C(C)=C1)Cl)=O,['AM-V'],AM-V,0.994786736176432,,,,,,,,0.8661686583952092,0.9097187049149897,0.8947500874233465,0.6429382720114194,0.994786736176432,0.9544395479856275,,,,,,,,,,69.18653484919247,60.324165014134664,78.23685113110584
B-H,CCOC(=O)c1cccc(Nc2ccc(cc2C)C(C)=O)c1,O=C(OCC)C1=CC=CC(N)=C1,CC(C1=CC=C(C(C)=C1)Cl)=O,['AM-I'],AM-I,1.0,,81.61763759585443,55.1010307331718,70.72668990504917,,,,1.0,0.7277534622128567,0.9729578033324928,0.8498216158188603,0.7334874625663028,0.7459558935409116,,,,,,,,,,,,
B-H,CC(C1=CC(C)=C(NC2=NC(C)=CC(C)=C2)C=C1)=O,CC1=CC(C)=CC(N)=N1,CC(C1=CC=C(C(C)=C1)Cl)=O,['AM-I'],AM-I,1.0,,52.21764576750215,30.309405108750553,70.72668990504917,,,,1.0,0.8058592450262871,0.9922148853502892,0.9896185058459991,0.9155197472249783,0.8719245801077408,,,,,,,,,,,,
B-H,CC(C=C1)=CC=C1NC(C(C)=C2)=CC=C2C(C)=O,NC1=CC=C(C)C=C1,CC(C1=CC=C(C(C)=C1)Cl)=O,['AM-I'],AM-I,1.0,,82.18247793745574,48.15941585632005,70.72668990504917,,,,1.0,0.696779263085975,0.9658637008073331,0.861490467439404,0.7364837269595812,0.7013670043024949,,,,,,,,,,,,
B-H,CC(C)CNc1ccc(cc1C)C(C)=O,NCC(C)C,CC(C1=CC=C(C(C)=C1)Cl)=O,"['AM-I', 'AM-III']","AM-I, AM-III",1.0,,79.78205552751335,38.96370393215918,70.72668990504917,,,,1.0,0.7128040593590494,1.0,0.6664202528440026,0.8131633506427947,0.8766165755247859,,,,84.43045536795023,60.54894642174938,72.52055155388837,,,,,,
B-H,CC1=NC(NC2=NC=CC(C(F)(F)F)=C2)=NC(C)=C1,NC1=NC(C)=CC(C)=N1,FC(F)(F)C1=CC(Cl)=NC=C1,['AM-I'],AM-I,1.0,,76.7817859755771,33.531577518781546,62.484899931040374,,,,1.0,0.7668608348737959,0.792919580810832,0.49444729232290563,0.6478676977074862,0.925199766267705,,,,,,,,,,,,
B-H,CC1=C(NC2=NC3=CC=CC=C3C=C2)C=C(I)C=C1,NC1=CC(I)=CC=C1C,ClC1=NC2=CC=CC=C2C=C1,['AM-III'],AM-III,1.0,,,,,,,,0.6054949265997787,0.9697437739625165,1.0,0.6119452879656149,0.5979657677022119,0.9848435611844739,,,,102.04931583762203,85.5362067078548,72.08118289615891,,,,,,
B-H,COC1=CC(NC2=NC3=CC=CC=C3C=C2)=C(OC)C=C1,NC1=CC(OC)=CC=C1OC,ClC1=NC2=CC=CC=C2C=C1,['AM-I'],AM-I,1.0,,55.81811294434317,46.28671132230018,66.6934291884803,,,,1.0,0.7255239006552139,0.9693770313274335,0.7137043666607741,0.7554288046335834,0.8131783678928938,,,,,,,,,,,,
B-H,N#CC1=CC=C(C=C1)NC2=CNN=C2C,N#CC1=CC=C(N)C=C1,CC1=NNC=C1Br,['AM-VI'],AM-VI,0.8147199387695617,,,,,,,,0.35549937143815147,0.8110856727665655,0.6962993312118748,0.6955889244795962,0.5184021441524445,0.8147199387695617,,,,,,,65.11024135696351,58.44158057239805,70.93876275385404,,,
B-H,FC1=CC(NC2=CC(C(OC)=O)=CC=N2)=CC=C1,NC1=CC=CC(F)=C1,O=C(OC)C1=CC=NC(Br)=C1,['AM-I'],AM-I,1.0,,76.1824498246573,48.29066489021813,66.64084359508621,,,,1.0,0.6246999628815002,0.9497737360065535,0.7936251669796764,0.44040172183193305,0.771635618806862,,,,,,,,,,,,
B-H,CC1=CC(C)=CC(NC2=CC=CC=C2)=N1,CC1=CC(C)=CC(N)=N1,BrC1=CC=CC=C1,['AM-I'],AM-I,1.0,,49.181888710661305,30.309405108750553,74.42430607936898,,,,1.0,0.8194175487692256,0.8935507897446864,0.8371596511122001,0.8942730622981643,0.9279096043301142,,,,,,,,,,,,
B-H,C1(NC2=CN=C3NC=CC3=N2)=CC=C4N=CC=NC4=C1,NC1=CC=C2N=CC=NC2=C1,BrC1=CN=C2NC=CC2=N1,['AM-I'],AM-I,0.8264895573841597,,52.21807489310604,39.77658073555126,57.20998366868013,,,,0.8264895573841597,0.5071047393786015,0.5425275198205997,0.6444024004735516,0.6656491975320422,0.763396934153272,,,,,,,,,,,,
B-H,FC1=NC=C(NC(C=C2)=CC3=C2NN=C3C)C=C1,FC1=NC=C(C=C1)N,CC1=NNC2=C1C=C(Br)C=C2,['AM-VI'],AM-VI,1.0,,,,,,,,0.757709033621745,0.8098293000152555,0.7206222502870475,0.7319653415629425,0.8184090209158257,1.0,,,,,,,68.3031149227079,56.97790917374126,79.04522449893709,,,
B-H,O=C(C1=CC=C(C=C1)NC(C=C2)=CC(OC)=C2C=O)OC,O=C(OC)C1=CC=C(N)C=C1,O=CC1=C(C=C(C=C1)Br)OC,['AM-VI'],AM-VI,0.9774675031592531,,,,,,,,0.6808682449663289,0.7585499843292531,0.7194324777928114,0.6593598556298358,0.5395873050004216,0.9774675031592531,,,,,,,76.87099547959238,63.663093696177924,85.2017803234222,,,
B-H,CC1(C)c2ccccc2-c2ccc(Nc3ccc4nccnc4c3)cc12,NC1=CC=C2N=CC=NC2=C1,CC1(C)C2=C(C3=C1C=CC=C3)C=CC(Br)=C2,"['AM-I', 'AM-VI']","AM-I, AM-VI",1.0,,87.6181769913145,39.77658073555126,97.52973857712618,,,,1.0,0.885154304447232,0.7415956157990409,0.7555800230674156,0.8577441693069205,1.0,,,,,,,89.87511494394622,56.78072418217124,108.37133969075151,,,
B-H,CC1=CC(NC(C=CC2=C3)=CC2=NN3C)=NO1,NC1=NOC(C)=C1,CN1N=C2C=C(Br)C=CC2=C1,['AM-VI'],AM-VI,1.0,,,,,,,,0.9309023755784815,0.780367818467887,0.7482593006618125,0.7597944982945872,0.6637226535564765,1.0,,,,,,,70.42606919620147,57.48177922947495,83.47537596048133,,,
B-H,CC(C=CC1=CC=C2)=NC1=C2NC3=CC4=C(C=C3)C=NC=C4,NC1=C2N=C(C=CC2=CC=C1)C,BrC1=CC2=C(C=NC=C2)C=C1,['AM-III'],AM-III,1.0,,,,,,,,0.8373228870328329,0.6264560355391529,1.0,0.6139749655398492,0.6419968406998589,0.8178837365640103,,,,104.21514940319418,75.29075590300053,86.56076532214291,,,,,,
B-H,ClC(C=C1)=CN=C1NC2=C3OC=CC3=CC=C2,NC1=NC=C(C=C1)Cl,BrC1=C(OC=C2)C2=CC=C1,['AM-III'],AM-III,1.0,,,,,,,,0.8578784313776181,0.7445929921457916,1.0,0.8385623368655639,0.8343339054822911,0.9817371760807803,,,,104.74689960061707,67.53205075270324,87.66013148254731,,,,,,
B-H,O=C(c1ccccc1)c1ccccc1Nc1ccc2nccnc2c1,NC1=CC=C2N=CC=NC2=C1,O=C(C1=CC=CC=C1Br)C2=CC=CC=C2,['AM-VI'],AM-VI,1.0,,,,,,,,0.7142629194503005,0.8006465983174764,0.851578844814457,0.6203137736106596,0.9869174286334931,1.0,,,,,,,74.28410216074003,56.78072418217124,90.43833114433659,,,
B-H,COC(C=C1)=CC=C1NC(C=C2)=NC=C2C,NC1=CC=C(OC)C=C1,CC1=CN=C(Br)C=C1,['AM-III'],AM-III,0.9603369256282689,,,,,,,,0.6642626715711701,0.8422192695963325,0.9603369256282689,0.5924541557237584,0.6928700000766632,0.8632115083341307,,,,82.9308574863937,69.4596304734601,74.48058153214274,,,,,,
B-H,C1(NC2=CN3C(C=C2)=NC=N3)=CC=C4N=CC=NC4=C1,NC1=CC=C2N=CC=NC2=C1,BrC1=CN2C(C=C1)=NC=N2,['AM-VI'],AM-VI,0.853029693049611,,,,,,,,0.7469547171310069,0.5194955465285473,0.7735860997967869,0.6090924072664832,0.5115253650913252,0.853029693049611,,,,,,,63.7292109266382,56.78072418217124,70.41570606574469,,,
B-H,CC1=CC(C)=CC(NC2=CC=C3SC=NC3=C2)=N1,CC1=CC(C)=CC(N)=N1,BrC1=CC=C(SC=N2)C2=C1,"['AM-I', 'AM-IV']","AM-I, AM-IV",1.0,,57.21400540191153,30.309405108750553,74.31126320031483,,,,1.0,0.9748286237013853,0.7755289766216737,1.0,0.8105770891674554,0.9367075276183328,54.23936961185354,43.76655093466304,64.33399554333346,,,,,,,,,
B-H,COC1=CC=C(OC)C(NC2=CC=NC3=CC=CC=C23)=C1,NC1=CC(OC)=CC=C1OC,BrC1=CC=NC2=CC=CC=C12,['AM-III'],AM-III,0.9857360436301168,,,,,,,,0.7517224929992715,0.6644437373937535,0.9857360436301168,0.6903731543564163,0.6831109394990049,0.860456747063295,,,,85.83231686725384,69.54875387980496,75.53620629448562,,,,,,
B-H,COC(C(C)=C1)=CC=C1NC2=CN=CC(CO)=C2,NC1=CC=C(OC)C(C)=C1,OCC1=CC(Br)=CN=C1,['AM-II'],AM-II,0.7364496904940219,,,,,52.940782244219335,49.84875431427105,42.289074950562096,0.36697224652311033,0.7364496904940219,0.728361939330519,0.6548993139127486,0.5574678385869789,0.708180127927727,,,,,,,,,,,,
B-H,[O-][N+](C(C=C(C=C1C)C)=C1NC2=CC(N(C)C)=CC=C2)=O,NC1=C([N+]([O-])=O)C=C(C)C=C1C,CN(C)C1=CC=CC(Br)=C1,['AM-III'],AM-III,0.9949357435855514,,,,,,,,0.9052476698973475,0.7957186257350395,0.9949357435855514,0.7061627275859064,0.4762704166681483,0.9258843320161155,,,,97.64390024060722,79.08597035152246,87.01639939679092,,,,,,
B-H,FC(F)(F)C1=CC=CC(NC(C=C2)=NC=C2C)=C1,NC1=CC(C(F)(F)F)=CC=C1,CC1=CN=C(Br)C=C1,['AM-III'],AM-III,0.9907685596627741,,,,,,,,0.9699934463126453,0.9572724021426127,0.9907685596627741,0.43648194595728873,0.6295534831829986,0.8377595242531394,,,,95.69340226951385,81.53090133292062,74.48058153214274,,,,,,
B-H,FC1=NC=C(NC2=CC3=C(C=C2)C=NC=C3)C=C1,FC1=NC=C(C=C1)N,BrC1=CC2=C(C=NC=C2)C=C1,['AM-VI'],AM-VI,1.0,,,,,,,,0.7249669572416972,0.6818120089716244,0.7683661757275086,0.6876898880727929,0.7406096383118416,1.0,,,,,,,72.34145163233042,56.97790917374126,85.21769213278044,,,
B-H,ClC(C=C1)=CN=C1NC2=CN3C(C=C2)=NC=C3,NC1=NC=C(C=C1)Cl,BrC1=CN2C(C=C1)=NC=C2,['AM-III'],AM-III,0.9393190675838249,,,,,,,,0.9160872662467519,0.40077782604610723,0.9393190675838249,0.6706529910797863,0.6363650147504322,0.6078861689219585,,,,82.21552134025438,67.53205075270324,74.57256184223257,,,,,,
B-H,FC(F)(F)C1=CC=C(C(F)(F)F)C(NC2=NC3=CC=CC=C3N=C2)=C1,NC1=CC(C(F)(F)F)=CC=C1C(F)(F)F,BrC1=NC2=CC=CC=C2N=C1,['AM-III'],AM-III,1.0,,,,,,,,0.9588096761332541,0.9218516800377256,1.0,0.5495248884698909,0.6266521406270202,0.9344393203731209,,,,110.06812446752014,93.36262746977613,79.0304262990785,,,,,,
B-H,CC1=NC=CC(NC(C=C2)=NC=C2C)=C1,CC1=NC=CC(N)=C1,CC1=CN=C(Br)C=C1,"['AM-III', 'AM-VI']","AM-III, AM-VI",1.0,,,,,,,,0.9954132677116478,0.9955530509436142,1.0,0.6664547205516518,0.6115984984938327,1.0,,,,57.9950404269438,45.798410639728814,74.48058153214274,67.4378232345546,55.64844294406443,78.7480347482217,,,
B-H,FC1=CC(NC2=CN=C3C=CC=NN32)=CC=C1,NC1=CC=CC(F)=C1,BrC1=CN=C2C=CC=NN21,['AM-III'],AM-III,0.9615291851852841,,,,,,,,0.4723549502688056,0.43582369759194695,0.9615291851852841,0.4143461975785564,0.3384282550347225,0.47037271246776435,,,,80.76791267975992,68.88868052299583,69.76364443412783,,,,,,
B-H,[O-][N+](C1=CC=C(C)C(NC(C=CC2=C3)=CC2=NN3C)=C1)=O,NC1=CC([N+]([O-])=O)=CC=C1C,CN1N=C2C=C(Br)C=CC2=C1,['AM-III'],AM-III,0.9773997121903177,,,,,,,,0.8317407298470749,0.6764860456572686,0.9773997121903177,0.7049247237994345,0.4380152786106085,0.975685327128163,,,,91.64791827388038,75.59011817458233,79.81693738917744,,,,,,
B-H,N#CC(C=C1)=NC=C1NC2=NC3=CC=CC=C3C=C2,NC1=CN=C(C=C1)C#N,BrC1=NC2=CC=CC=C2C=C1,['AM-VI'],AM-VI,1.0,,,,,,,,0.8819554013409073,0.7397438794315374,0.8666129462778533,0.7464286100274595,0.7121644121809423,1.0,,,,,,,67.68545896359586,54.069617616636094,85.24154970752697,,,
B-H,ClC(C=C1)=CN=C1NC2=CC3=C(C=NN3)C=C2,NC1=NC=C(C=C1)Cl,BrC1=CC2=C(C=C1)C=NN2,['AM-III'],AM-III,0.9185831122896264,,,,,,,,0.7542933975491477,0.5835631672832385,0.9185831122896264,0.8610542376742117,0.6891155542035421,0.8766211934421562,,,,84.34995207437183,67.53205075270324,77.49935790992569,,,,,,
B-H,CSC(C=C1)=CC=C1NC2=CC=CC(C=O)=N2,NC1=CC=C(SC)C=C1,O=Cc1nc(Br)ccc1,['AM-I'],AM-I,0.9960734507514595,,78.58224481453055,54.39383036162644,62.66820406049615,,,,0.9960734507514595,0.6621397608409286,0.962273499783001,0.3414339532350379,0.6707428330901206,0.6644035022135999,,,,,,,,,,,,
Carboxylic-Acid-Esterification,O=C(Cc1c(F)cc(F)c(F)c1)OC2CN(CCC2)CC,OC1CN(CC)CCC1,O=C(O)Cc1cc(F)c(F)cc1F,"['AM-I', 'AM-III', 'AM-VI']","AM-I, AM-III, AM-VI",1.0,,52.01751206834316,35.164751932558744,62.481939610204606,,,,1.0,0.7356486043993864,1.0,0.7243519120256388,0.8684611916105037,1.0,,,,89.98751502964726,62.91113317710062,74.8492296456059,83.55010406043078,55.707918815828414,67.24883793824867,,,
Carboxylic-Acid-Esterification,O=C(Cc1c(F)cc(F)c(F)c1)OCC2=CC=CN=C2OC,OCC1=CC=CN=C1OC,O=C(O)Cc1cc(F)c(F)cc1F,['AM-I'],AM-I,1.0,,82.18348711255655,39.69924148081366,62.481939610204606,,,,1.0,0.6286929091025775,0.918900448375155,0.6260028838297416,0.9681880497334973,0.8641638011242572,,,,,,,,,,,,
Carboxylic-Acid-Esterification,O=C(OCC1OCCC1)C2=CC=NN2C(C)C,OCC1OCCC1,O=C(C1=CC=NN1C(C)C)O,['AM-I'],AM-I,1.0,,70.9830349313434,40.79042631119178,53.168742227366224,,,,1.0,0.9700153391798294,0.8431061580391991,0.9104711222604365,0.6403304446244835,0.982416543360932,,,,,,,,,,,,
Carboxylic-Acid-Esterification,O=C(OCC1=NC=CC(Cl)=C1)COC2=CC=CC=C2,OCC1=NC=CC(Cl)=C1,O=C(COC1=CC=CC=C1)O,['AM-I'],AM-I,1.0,,76.48300804352746,44.379250958999336,55.616426006761046,,,,1.0,0.6884068657658553,0.9974773724398981,0.8025312573937158,0.6579618327048333,0.9770844277537144,,,,,,,,,,,,
Carboxylic-Acid-Esterification,O=C(C1CC2=C(C=CC=C2)C1)OCC3=CC=CN=C3OC,OCC1=CC=CN=C1OC,O=C(O)C1CC2=C(C1)C=CC=C2,['AM-I'],AM-I,1.0,,84.22224842648993,39.69924148081366,63.76200683736693,,,,1.0,0.6287680563726918,0.9736689629098827,0.767747618716178,0.8975790565848366,0.895640341388273,,,,,,,,,,,,
Carboxylic-Acid-Esterification,O=C(OCC1=CC(Cl)=NC(Cl)=C1)C2=C(C)C=C(C)C=C2C,OCC1=CC(Cl)=NC(Cl)=C1,O=C(C1=C(C=C(C=C1C)C)C)O,['AM-I'],AM-I,1.0,,96.61789990379489,53.993041017450295,67.58545910370532,,,,1.0,0.9852156960032042,0.9753266197155799,0.981552660438663,0.9387877782420891,0.9727948739508058,,,,,,,,,,,,
Carboxylic-Acid-Esterification,FC1=CC(F)=CC(CC(OCC2=CC=CN=C2OC)=O)=C1,OCC1=CC=CN=C1OC,OC(CC1=CC(F)=CC(F)=C1)=O,['AM-I'],AM-I,1.0,,81.61820193601632,39.69924148081366,63.179183723934656,,,,1.0,0.6356935143114484,0.9269575242993253,0.6421608611758893,0.9393000574069466,0.8684128566071625,,,,,,,,,,,,
Carboxylic-Acid-Esterification,O=C(OCC(CC1)CCN1C(OCC2=CC=CC=C2)=O)C3=CC=C(OC)C=C3OC,O=C(N1CCC(CO)CC1)OCC2=CC=CC=C2,O=C(C1=CC=C(C=C1OC)OC)O,['AM-I'],AM-I,1.0,,85.1819014680932,64.51068822596147,54.39660259183721,,,,1.0,0.9397865108535511,0.9843284648591907,0.903172651730244,0.6769084939006831,0.9638463723850929,,,,,,,,,,,,
Carboxylic-Acid-Esterification,O=C(C1=CC=C(C=C1)F)OC(C=C(C=C2OCC3=CC=CC=C3)OCC4=CC=CC=C4)=C2C(C)=O,CC(=O)C1=C(O)C=C(OCC2=CC=CC=C2)C=C1OCC1=CC=CC=C1,OC(=O)C1=CC=C(F)C=C1,"['AM-I', 'AM-III']","AM-I, AM-III",1.0,,97.72072920914121,85.14542376005916,55.483462925595425,,,,1.0,0.8706098171368166,1.0,0.8476565639740483,0.8506700367332939,0.9988593194958941,,,,105.89174109909797,92.05849519169291,63.9552159202577,,,,,,
Carboxylic-Acid-Esterification,O=C(C1=CC(Br)=NC=C1)OC(C=C(C=C2OCC3=CC=CC=C3)OCC4=CC=CC=C4)=C2C(C)=O,CC(=O)C1=C(O)C=C(OCC2=CC=CC=C2)C=C1OCC1=CC=CC=C1,O=C(O)C1=CC(Br)=NC=C1,"['AM-I', 'AM-III', 'AM-VI']","AM-I, AM-III, AM-VI",1.0,,97.58449937619142,85.14542376005916,54.211857722806826,,,,1.0,0.675939246566354,1.0,0.7365786083441759,0.8563649494147058,1.0,,,,101.45964689199764,92.05849519169291,59.952630333522535,82.60205004729204,72.76087248198344,60.04526733316629,,,
Carboxylic-Acid-Esterification,O=C(Oc1c2nc(C)ccc2ccc1)C3=CC(C)=NC4=CC=CC=C34,Cc1ccc2cccc(O)c2n1,O=C(C1=CC(C)=NC2=CC=CC=C12)O,['AM-III'],AM-III,1.0,,,,,,,,0.9662253961652264,0.9817529226495335,1.0,0.9559448651322242,0.5672155458400343,0.980800964672488,,,,92.92058343269403,72.88618283520967,60.585374849115055,,,,,,
Carboxylic-Acid-Esterification,O=C(Cc1c(F)cc(F)c(F)c1)OCC2=CC=C(C=C2)N3N=CC=C3,OCC1=CC=C(N2N=CC=C2)C=C1,O=C(O)Cc1cc(F)c(F)cc1F,['AM-VI'],AM-VI,1.0,,,,,,,,0.9924525365713398,0.9429851632816098,0.9936691000153092,0.644604885991237,0.7710814545904469,1.0,,,,,,,78.85631252268917,54.119536312169444,67.24883793824867,,,
Carboxylic-Acid-Esterification,O=C(C1CC2=C(C=CC=C2)C1)OCC3=CC=C(C=C3)N4N=CC=C4,OCC1=CC=C(N2N=CC=C2)C=C1,O=C(O)C1CC2=C(C1)C=CC=C2,['AM-I'],AM-I,0.9993793072810926,,86.98228037989331,54.87671085182102,63.76200683736693,,,,0.9993793072810926,0.95561973627781,0.9747526121211693,0.7312005848347866,0.680851583592563,0.9987413399297804,,,,,,,,,,,,
Carboxylic-Acid-Esterification,O=C(OCC1=CC=CN=C1NC)C2=CC(Br)=CS2,OCC1=CC=CN=C1NC,O=C(C1=CC(Br)=CS1)O,['AM-V'],AM-V,1.0,,,,,,,,0.6806901870930167,0.6604271438415519,0.7929292884327911,0.7478907329678626,1.0,0.7201889504896708,,,,,,,,,,69.75236334068484,59.94694178799392,80.95456219752674
Carboxylic-Acid-Esterification,O=C(OCCN(C1=NC=CC=C1)C)C2=CC(Br)=CS2,CN(CCO)C1=NC=CC=C1,O=C(C1=CC(Br)=CS1)O,['AM-V'],AM-V,0.9926279815957499,,,,,,,,0.7197055505731531,0.6508302967334215,0.6945175685052294,0.6311208410211229,0.9926279815957499,0.9808987372037191,,,,,,,,,,68.51188437795918,59.70650566383138,80.95456219752674
Carboxylic-Acid-Esterification,O=C(OCC1=CC=C(C=C1)N2N=CC=C2)C3=C(C=C4C=CC=CC4=C3)OC,OCC1=CC=C(N2N=CC=C2)C=C1,O=C(C1=C(OC)C=C2C=CC=CC2=C1)O,"['AM-I', 'AM-VI']","AM-I, AM-VI",1.0,,86.1697725350231,54.87671085182102,66.0065760797803,,,,1.0,0.9746232573584577,0.9943852756791415,0.7943599339842518,0.8866494183038492,1.0,,,,,,,84.1813400397568,54.119536312169444,70.03029337878604,,,
Carboxylic-Acid-Esterification,O=C(OCC1N(CCC1)C)C2=C(C=C3C=CC=CC3=C2)OC,OCC1N(C)CCC1,O=C(C1=C(OC)C=C2C=CC=CC2=C1)O,['AM-VI'],AM-VI,1.0,,,,,,,,0.6555621401935205,0.7405042900197646,0.9160279560395453,0.7301478852129983,0.9718245653703834,1.0,,,,,,,84.3165534576874,55.67181468146559,70.03029337878604,,,
Carboxylic-Acid-Esterification,O=C(OCC1=NC=CC(Cl)=C1)C2=CC=C(C)C(F)=C2,OCC1=NC=CC(Cl)=C1,O=C(C1=CC=C(C(F)=C1)C)O,"['AM-I', 'AM-II', 'AM-III', 'AM-V']","AM-I, AM-II, AM-III, AM-V",1.0,,85.38354287464281,44.379250958999336,60.18144257754668,63.62958545114428,40.43148216577675,53.82139268634384,1.0,1.0,1.0,0.9792327881913327,1.0,0.9833544284628597,,,,86.0694085849818,59.946187405482874,70.55067820883986,,,,72.31297897640866,62.794369095092364,81.57912446699511
Carboxylic-Acid-Esterification,CC(C1=CC=CC=C1O2)=C2C(OCC(CC3)CCN3C(OCC4=CC=CC=C4)=O)=O,O=C(N1CCC(CO)CC1)OCC2=CC=CC=C2,OC(C1=C(C2=CC=CC=C2O1)C)=O,['AM-III'],AM-III,0.986267300018846,,,,,,,,0.9571584505238114,0.8886990434672556,0.986267300018846,0.9569159324180155,0.6977490210879892,0.9702338089056755,,,,95.38160479248094,72.03794708806728,78.13760085204757,,,,,,
Carboxylic-Acid-Esterification,CC(C1=CC=CC=C1O2)=C2C(OCC3=NC4=CC=C(C=C4N3)Cl)=O,OCC1=NC2=CC=C(Cl)C=C2N1,OC(C1=C(C2=CC=CC=C2O1)C)=O,"['AM-I', 'AM-III']","AM-I, AM-III",1.0,,79.21785278179094,42.525653180567865,65.59356988276183,,,,1.0,0.79217196399753,1.0,0.9677321745239067,0.6802832371706905,0.9775944763316189,,,,91.21681884119323,59.4906586181487,78.13760085204757,,,,,,
Carboxylic-Acid-Esterification,O=C(OCC1=CC=C(C=C1)C#C)C2CN(CCO2)CC3=CC=CC=C3,OCC1=CC=C(C#C)C=C1,O=C(C1CN(CC2=CC=CC=C2)CCO1)O,['AM-I'],AM-I,0.9960932285099653,,64.23198344667378,51.3061597428397,43.0281311141981,,,,0.9960932285099653,0.7833063044496127,0.979266065062768,0.9117630693707514,0.6224339629532504,0.9870364110807005,,,,,,,,,,,,
Carboxylic-Acid-Esterification,CC(C1=CC=CC=C1O2)=C2C(OC3CCN(CC3)C)=O,OC1CCN(C)CC1,OC(C1=C(C2=CC=CC=C2O1)C)=O,['AM-III'],AM-III,1.0,,,,,,,,0.7381921584165388,0.788194676665628,1.0,0.7748249947519896,0.905703573937038,0.9959749755766685,,,,88.31610940335611,57.33476611612633,78.13760085204757,,,,,,
Carboxylic-Acid-Esterification,O=C(OCC1=NC2=CC=C(C=C2N1)Cl)C3=CC=C(OC)C=C3OC,OCC1=NC2=CC=C(Cl)C=C2N1,O=C(C1=CC=C(C=C1OC)OC)O,['AM-I'],AM-I,1.0,,70.21776752921897,42.525653180567865,54.39660259183721,,,,1.0,0.92520694508181,0.9898537722142875,0.9529646046101304,0.554968687555861,0.9677567192832749,,,,,,,,,,,,
Carboxylic-Acid-Esterification,O=C(C1=CC2=C(N1)C=CC(OC)=C2)OCC3OCCC3,OCC1OCCC1,O=C(O)C1=CC2=C(C=CC(OC)=C2)N1,['AM-I'],AM-I,1.0,,71.98183824047948,40.79042631119178,57.10695309827173,,,,1.0,0.9837978387981462,0.9951755433655507,0.9397503605698095,0.7229682119088746,0.9895593380068125,,,,,,,,,,,,
Carboxylic-Acid-Esterification,CC(C1=CC=C(CC2CCCC2=O)C=C1)C(Oc3cnc(OC)cc3)=O,COc1ccc(O)cn1,CC(C(O)=O)C1=CC=C(C=C1)CC2CCCC2=O,"['AM-I', 'AM-III', 'AM-VI']","AM-I, AM-III, AM-VI",1.0,,84.58188398121746,45.0701884030713,65.52475958401514,,,,1.0,0.8313988399324503,1.0,0.8415680918550681,0.7658317339667423,1.0,,,,90.80863717044863,62.9547612575096,74.37472700502366,84.24394310993245,55.05353064046916,71.64438922949141,,,
Chan-Lam,O=CC1=CC=CC=C1NC2=CN=C(OC)C=C2,O=CC1=CC=CC=C1N,OB(O)C1=CN=C(C=C1)OC,"['AM-I', 'AM-III']","AM-I, AM-III",1.0,,77.381773311352,47.229006406564096,31.55936838134536,,,,1.0,0.9965934248316116,1.0,0.988324497589158,0.8260307408046279,0.990499077777734,,,,85.16946687818589,62.800940771179825,44.509892731450634,,,,,,
Chan-Lam,CSC1=CC(NC2=CN=C(OC)C=C2)=CC=C1,NC1=CC=CC(SC)=C1,OB(O)C1=CN=C(C=C1)OC,"['AM-I', 'AM-II', 'AM-III', 'AM-IV']","AM-I, AM-II, AM-III, AM-IV",1.0,,75.01817574386176,54.45032423049154,31.55936838134536,62.34960645069957,51.27641111917075,35.23468484070001,1.0,1.0,1.0,1.0,0.6993751621967377,0.9368579234849931,67.1387154166598,57.08258149441553,41.81959290570344,93.68696393507395,75.07862514340579,44.509892731450634,,,,,,
Chan-Lam,FC(F)(F)C1=NC=C(NC2=CC=C(C)C(I)=C2)C=C1,NC1=CC=C(C(I)=C1)C,OB(O)C1=CN=C(C=C1)C(F)(F)F,"['AM-I', 'AM-II', 'AM-III', 'AM-VI']","AM-I, AM-II, AM-III, AM-VI",1.0,,88.21793683177376,63.694035809479495,36.189321940698946,72.35739899055682,55.04368329547293,40.720674813223596,1.0,1.0,1.0,0.9834372871249446,0.7495173401385096,1.0,,,,110.68523534389576,84.1568339431345,57.43811787894617,92.75675581973617,76.71345318585581,54.06417058429853,,,
Chan-Lam,IC1=CC=C(C)C(NC2=CC=CC(NC(C)=O)=C2)=C1,NC1=CC(I)=CC=C1C,OB(O)C1=CC=CC(NC(C)=O)=C1,['AM-I'],AM-I,1.0,,80.98246917973032,65.02059492023042,31.73050856037209,,,,1.0,0.7651404104650994,0.9041863487883833,0.7031968988305375,0.6923853341973772,0.8319429926072032,,,,,,,,,,,,
Chan-Lam,CCOC1=CC=C(NCC23CC4CC(C3)CC(C4)C2)C=N1,NCC12CC3CC(CC(C2)C3)C1,CCOC1=CC=C(C=N1)B(O)O,"['AM-I', 'AM-II', 'AM-III', 'AM-IV', 'AM-VI']","AM-I, AM-II, AM-III, AM-IV, AM-VI",1.0,,95.98185876059014,69.51830154943848,36.07583169050477,66.83814411115891,55.42109875562318,36.1929342018216,1.0,1.0,1.0,1.0,0.6680623415202733,1.0,75.4304192253858,61.027784621905404,44.10916751056411,97.9487937697422,73.74102107201875,52.91438405574007,80.29226256350046,68.02513408009979,53.366914977921454,,,
Chan-Lam,FC1=NC=C(NC2=CC=C(C)C=C2C)C=C1,NC1=CC=C(C=C1C)C,OB(O)C1=CN=C(C=C1)F,"['AM-II', 'AM-III', 'AM-VI']","AM-II, AM-III, AM-VI",1.0,,,,,69.58305949033434,55.03379893203992,37.652319845394906,0.997913291773892,1.0,1.0,0.8411568149268847,0.6846730966941085,1.0,,,,95.7001137652409,74.01599360947995,46.47694345176478,78.8038775983933,65.44349413497287,51.37071771507013,,,
Chan-Lam,CCOC1=CC=C(N2C=NC3=CC(C)=CC=C32)C=N1,CC1=CC=C2C(N=CN2)=C1,CCOC1=CC=C(C=N1)B(O)O,"['AM-II', 'AM-III', 'AM-IV', 'AM-VI']","AM-II, AM-III, AM-IV, AM-VI",1.0,,,,,62.35945927314427,49.728953719836205,36.1929342018216,0.979473777663012,1.0,1.0,1.0,0.7719832636487419,1.0,65.45146810942626,55.192808926133786,44.10916751056411,79.73871000873334,67.08745979721215,52.91438405574007,79.0937044171428,65.12790666750809,53.366914977921454,,,
Chan-Lam,CCOC1=CC=C(C=N1)NC2=CC=C(C(C)=C2)OC,NC1=CC=C(C(C)=C1)OC,CCOC1=CC=C(C=N1)B(O)O,"['AM-I', 'AM-II', 'AM-III', 'AM-IV', 'AM-VI']","AM-I, AM-II, AM-III, AM-IV, AM-VI",1.0,,75.79345997212151,49.27457655015108,36.07583169050477,62.04064863508395,49.84875431427105,36.1929342018216,1.0,1.0,1.0,1.0,0.6921605364779522,1.0,66.65165326179508,56.56062427202408,44.10916751056411,98.26594972978302,71.8771126117264,52.91438405574007,77.0628280578348,65.54911744238913,53.366914977921454,,,
Chan-Lam,CC1=CC(NC2=CC=C(C=C2)C)=CC=C1F,NC1=CC=C(C=C1)C,OB(O)C1=CC=C(C(C)=C1)F,"['AM-I', 'AM-III', 'AM-IV']","AM-I, AM-III, AM-IV",1.0,,87.61829363448304,48.15941585632005,34.21073929953014,,,,1.0,0.9935233062269532,1.0,1.0,0.9522095658756045,0.9835263356530081,71.94875368872562,57.09119537285547,48.03285477565728,98.77926187680546,74.31096516439712,55.04105499838403,,,,,,
Chan-Lam,CC1=CC(C)=CC=C1NC2=CC=CN=C2OC,NC1=CC=C(C=C1C)C,OB(O)C1=CC=CN=C1OC,"['AM-I', 'AM-III', 'AM-IV']","AM-I, AM-III, AM-IV",1.0,,85.08415007444668,54.31567585333232,31.955002955496212,,,,1.0,0.6496049888808075,1.0,1.0,0.6973425899466383,0.7212150700349556,70.77278305080844,61.21762532298833,39.55564129993902,93.01971037054722,74.01599360947995,40.76778552122161,,,,,,
Chan-Lam,CC1=C(C)C(NC2=CC=CN=C2OC)=CC=C1,NC1=CC=CC(C)=C1C,OB(O)C1=CC=CN=C1OC,"['AM-I', 'AM-III', 'AM-IV']","AM-I, AM-III, AM-IV",1.0,,87.58183213760903,55.302197971142625,31.955002955496212,,,,1.0,0.6877601879890609,1.0,1.0,0.6972991258683593,0.7843144970967695,68.91461009339741,59.80395510057122,39.55564129993902,92.93648510209692,74.78833829523316,40.76778552122161,,,,,,
Chan-Lam,[O-][N+](C(C=C1)=CN=C1NC2=CC3=C(OCO3)C=C2)=O,NC1=NC=C(C=C1)[N+]([O-])=O,OB(O)C1=CC2=C(C=C1)OCO2,"['AM-I', 'AM-III']","AM-I, AM-III",1.0,,72.58182262876566,49.086049403142916,33.58924944539916,,,,1.0,0.9847182295518317,1.0,0.9238350870499871,0.725714586433351,0.9693346816781698,,,,90.83603443693463,65.92735507962385,49.163788539286344,,,,,,
Chan-Lam,CC(NC1=CC(N(C=N2)C3=C2C=CC=C3)=CC=C1)=O,C1(C=CC=C2)=C2NC=N1,OB(O)C1=CC=CC(NC(C)=O)=C1,['AM-II'],AM-II,1.0,,,,,56.72543932700844,45.71806436337942,34.9286759115518,0.9730206119839808,1.0,0.7645919690067717,0.8108584233582798,0.5044685786936705,0.9453116481213701,,,,,,,,,,,,
Chan-Lam,CC1=NC=CN1C2=CC=C(SC)C=C2,CC1=NC=CN1,OB(O)C1=CC=C(C=C1)SC,['AM-I'],AM-I,0.9824605143365438,,46.81828617024781,29.38303189979029,35.261482171212975,,,,0.9824605143365438,0.6268145846213302,0.9685528698386726,0.508716152781828,0.4597140075825159,0.9688421111667795,,,,,,,,,,,,
Chan-Lam,CN1CCN(C2=CC=C(F)C(C)=C2)CC1,CN1CCNCC1,OB(O)C1=CC=C(C(C)=C1)F,['AM-I'],AM-I,0.9935670912691847,,48.01776719200001,23.87499257860115,34.21073929953014,,,,0.9935670912691847,0.9201487896990106,0.9618160724779399,0.6371682720037999,0.796123659328743,0.9873300096514325,,,,,,,,,,,,
Chan-Lam,CC1=CC=C(N(C2=CC=C(C=O)S2)C3=CC=C(C)C=C3)C=C1,CC1=CC=C(C=C1)NC2=CC=C(C=C2)C,OB(O)C1=CC=C(S1)C=O,"['AM-III', 'AM-IV', 'AM-VI']","AM-III, AM-IV, AM-VI",1.0,,,,,,,,0.9595393949180742,0.8584485768760236,1.0,1.0,0.8101859172684414,1.0,80.36233237535615,70.22656016125072,47.360976948779516,104.27744526788933,95.25220061415979,45.52472694546185,100.46942958320665,82.82903076952663,53.1845834099109,,,
Chan-Lam,CC1=C(C)C(NC2=CC=CC(NC(C)=O)=C2)=CC=C1,NC1=CC=CC(C)=C1C,OB(O)C1=CC=CC(NC(C)=O)=C1,"['AM-I', 'AM-III']","AM-I, AM-III",1.0,,74.98203439748526,55.302197971142625,31.73050856037209,,,,1.0,0.6619381747629035,1.0,0.8029264919326486,0.8121300980503793,0.9705175694882634,,,,85.48859722160498,74.78833829523316,41.19325005191101,,,,,,
Chan-Lam,CSC(C=C1)=CC=C1NC2=CN=C(F)C=C2,NC1=CC=C(C=C1)SC,OB(O)C1=CN=C(C=C1)F,"['AM-II', 'AM-III', 'AM-VI']","AM-II, AM-III, AM-VI",1.0,,,,,66.1530133884278,51.769171697715635,37.652319845394906,0.997913291773892,1.0,1.0,0.7504101844630946,0.6677280945466291,1.0,,,,94.88748982740907,76.17540182085901,46.47694345176478,78.11551332182606,65.6995246566792,51.37071771507013,,,
Chan-Lam,O=C(OC)C1=CC(F)=CC=C1NC2=CC=CN=C2OC,O=C(C1=CC(F)=CC=C1N)OC,OB(O)C1=CC=CN=C1OC,"['AM-I', 'AM-III']","AM-I, AM-III",1.0,,86.41815694933842,61.11737155556979,31.955002955496212,,,,1.0,0.7700652781137357,1.0,0.9218261681515325,0.6819223470648622,0.7539573703199964,,,,90.50112681559276,71.69423233080752,40.76778552122161,,,,,,
Chan-Lam,COC(N=C1)=CC=C1NC2=CC=CN=C2OC,NC1=CC=C(N=C1)OC,OB(O)C1=CC=CN=C1OC,['AM-III'],AM-III,1.0,,,,,,,,0.9805381236107067,0.8809332701132196,1.0,0.9911996571318872,0.8255644740652712,0.8108964389936987,,,,78.31824143763981,61.14871524369332,40.76778552122161,,,,,,
Chan-Lam,CC1=CC(NC2=CC=C(F)C(C)=C2)=CC=C1OC,NC1=CC=C(C(C)=C1)OC,OB(O)C1=CC=C(C(C)=C1)F,"['AM-I', 'AM-III']","AM-I, AM-III",1.0,,89.98201354973907,49.27457655015108,34.21073929953014,,,,1.0,0.9872326969620231,1.0,0.997444640131855,0.9102631813828636,0.9945948718752825,,,,97.86338872324276,71.8771126117264,55.04105499838403,,,,,,
Chan-Lam,CC1=CC=C(N(C2=CN=C(F)C=C2)C3=CC=CC=C3)C=C1,CC1=CC=C(C=C1)NC2=CC=CC=C2,OB(O)C1=CN=C(C=C1)F,"['AM-II', 'AM-III', 'AM-VI']","AM-II, AM-III, AM-VI",1.0,,,,,75.01674229133738,61.81992294723763,37.652319845394906,0.997913291773892,1.0,1.0,0.8028972668863157,0.8292158099616643,1.0,,,,108.02629634823003,93.28717088935528,46.47694345176478,96.1190211135013,77.67274569922051,51.37071771507013,,,
Chan-Lam,CC(C)(C)C1=CC=C(NC2=CC(C(C)=O)=CC=C2)C=C1,NC1=CC(C(C)=O)=CC=C1,OB(O)C1=CC=C(C=C1)C(C)(C)C,['AM-II'],AM-II,0.9859407746375204,,,,,66.47398012361826,42.145647481912754,48.547502634926516,0.9596150845712934,0.9859407746375204,0.9784819221388436,0.9761717886527409,0.8516828921460947,0.9634667724116596,,,,,,,,,,,,
Chan-Lam,CC1=CC2=C(N1C3=CN=C(OC)N=C3OC)C=CC=C2,CC1=CC2=C(C=CC=C2)N1,OB(O)C1=CN=C(N=C1OC)OC,"['AM-I', 'AM-II']","AM-I, AM-II",1.0,,72.01826676573903,62.57819160980078,37.19022792915203,69.59662269074941,53.993131827205545,40.61630676828371,1.0,1.0,0.8286043665980583,0.8131458799548178,0.6623859646869117,0.7989175148356802,,,,,,,,,,,,
Chan-Lam,CC1=CC=C2C(N=CN2C3=CN=C(C(F)(F)F)C=C3)=C1,CC1=CC=C2C(N=CN2)=C1,OB(O)C1=CN=C(C=C1)C(F)(F)F,"['AM-II', 'AM-III', 'AM-IV', 'AM-VI']","AM-II, AM-III, AM-IV, AM-VI",1.0,,,,,66.85332438456211,49.728953719836205,40.720674813223596,0.9788596529325241,1.0,1.0,1.0,0.6969341410265337,1.0,65.3130943460182,55.192808926133786,43.7133859610073,83.20681138747497,67.08745979721215,57.43811787894617,84.65786255521009,65.12790666750809,54.06417058429853,,,
Chan-Lam,CC1=CC=C2C(N=CN2C3=CC=C4OCCOC4=C3)=C1,CC1=CC=C2C(N=CN2)=C1,OB(O)C1=CC=C2OCCOC2=C1,"['AM-I', 'AM-II', 'AM-VI']","AM-I, AM-II, AM-VI",1.0,,66.5818758800788,41.28258580262939,31.57728981424196,65.45803719373822,49.728953719836205,35.626792453828244,1.0,1.0,0.8805800190141253,0.999505285409519,0.6195864399815016,1.0,,,,,,,81.59700191040724,65.12790666750809,55.06657610864437,,,
Chan-Lam,CC1=CC=C(NC2=CC=C(OC)C=C2)C=N1,NC1=CC=C(C=C1)OC,OB(C1=CC=C(C)N=C1)O,"['AM-III', 'AM-VI']","AM-III, AM-VI",1.0,,,,,,,,0.6319462134441507,0.7814445978187896,1.0,0.6564008787026161,0.6735421091259512,1.0,,,,82.78742338842736,69.4596304734601,41.1805869982453,71.31347951551184,62.21428788399828,49.222521886133386,,,
Chan-Lam,CCOC1=CC2=CC=C(NC3=NC=CC=C3)C=C2C=C1,NC1=NC=CC=C1,OB(O)C1=CC=C2C=C(C=CC2=C1)OCC,['AM-VI'],AM-VI,1.0,,,,,,,,0.9994961248796094,0.6743857310174867,0.9991318554835609,0.814033928803779,0.6880581766570006,1.0,,,,,,,75.92464926806645,47.33947428750484,60.80935372558287,,,
Chan-Lam,IC1=CC(NC2=CC3=CC=CC=C3N=C2)=CC=C1C,NC1=CC=C(C(I)=C1)C,OB(O)C1=CC2=CC=CC=C2N=C1,"['AM-III', 'AM-VI']","AM-III, AM-VI",1.0,,,,,,,,0.9983771977005766,0.9800205350486776,1.0,0.7155615865981997,0.8362437652990035,1.0,,,,98.67867278453423,84.1568339431345,44.444444341071005,92.88856924308665,76.71345318585581,50.68751837200898,,,
Chan-Lam,CC1=NC=CC=C1NC2=CC=C(OC3=CC=CC=C3)C=C2,CC1=NC=CC=C1N,OB(O)C1=CC=C(C=C1)OC2=CC=CC=C2,"['AM-II', 'AM-III']","AM-II, AM-III",1.0,,,,,57.72385099659653,33.15061477602341,48.16713967600317,0.9943300213585551,1.0,1.0,0.7908664999455209,0.7065490772958012,0.9969083194659852,,,,103.44116213708773,56.35911338247456,66.16295715301919,,,,,,
Chan-Lam,CCOC1=CC2=CC=C(NC3=CC=CN=C3C)C=C2C=C1,CC1=NC=CC=C1N,OB(O)C1=CC=C2C=C(C=CC2=C1)OCC,['AM-VI'],AM-VI,1.0,,,,,,,,0.9943300213585551,0.8719200906306489,0.9966549217966149,0.8155602780749149,0.7121714779736097,1.0,,,,,,,76.7340510558494,48.772584267634045,60.80935372558287,,,
Chan-Lam,O=C1N(C2=CC=CC(OCC3=CC=CC=C3)=C2)C=C(C)C=C1,O=C1NC=C(C=C1)C,OB(C1=CC=CC(OCC2=CC=CC=C2)=C1)O,"['AM-I', 'AM-II']","AM-I, AM-II",1.0,,76.18196721580112,35.595055913174065,49.67477520172185,63.203729692306844,36.76948072239939,49.2447028956779,1.0,1.0,0.9786579072812883,0.9827171863587295,0.6590652263763147,0.9855227643670365,,,,,,,,,,,,
Chan-Lam,N1(C2=CC=CC(OCC3=CC=CC=C3)=C2)CCCC1,N1CCCC1,OB(C1=CC=CC(OCC2=CC=CC=C2)=C1)O,['AM-II'],AM-II,1.0,,,,,64.81788632480801,39.394366297652546,49.2447028956779,0.9750595161478243,1.0,0.9784998895636872,0.9381240772501196,0.78258435550511,0.9725178236710798,,,,,,,,,,,,
Chan-Lam,CC1=NC=CC=C1NC2=CC3=CC=CC=C3N=C2,CC1=NC=CC=C1N,OB(O)C1=CC2=CC=CC=C2N=C1,['AM-III'],AM-III,1.0,,,,,,,,0.9594339840730259,0.9219692793486851,1.0,0.8046547426595595,0.7539536300069499,0.970180699092487,,,,77.93684624249306,56.35911338247456,44.444444341071005,,,,,,
Chan-Lam,COC1=NC=C(N2CCCC2)C=N1,N1CCCC1,OB(O)C1=CN=C(N=C1)OC,['AM-I'],AM-I,0.999684052443337,,59.41812413798193,45.28377661760392,29.50402307508169,,,,0.999684052443337,0.9631904974565282,0.8632220841468453,0.6592908261865609,0.7661684946887806,0.9248482515695814,,,,,,,,,,,,
Chan-Lam,CC(NC1=CC(NC2=CC(OCC)=NC=C2)=CC=C1)=O,NC1=CC(OCC)=NC=C1,OB(O)C1=CC=CC(NC(C)=O)=C1,['AM-III'],AM-III,1.0,,,,,,,,0.759734087346979,0.759984438988006,1.0,0.6789877791595105,0.8107475286220842,0.88373129954018,,,,76.23127763461886,62.81039008689555,41.19325005191101,,,,,,
